,instrument_token,exchange_token,tradingsymbol,name,last_price,expiry,strike,tick_size,lot_size,instrument_type,segment,exchange
0,220537093,861473,BANKEX25OCTFUT,BANKEX,0.0,2025-10-30,0.0,0.05,30,FUT,BFO-FUT,BFO
1,223969541,874881,BANKEX25NOVFUT,BANKEX,0.0,2025-11-27,0.0,0.05,30,FUT,BFO-FUT,BFO
2,282664965,1104160,BANKEX25DECFUT,BANKEX,0.0,2025-12-24,0.0,0.05,30,FUT,BFO-FUT,BFO
3,220514309,861384,SENSEX25OCTFUT,SENSEX,0.0,2025-10-30,0.0,0.05,20,FUT,BFO-FUT,BFO
4,223700485,873830,SENSEX25NOVFUT,SENSEX,0.0,2025-11-27,0.0,0.05,20,FUT,BFO-FUT,BFO
5,282186245,1102290,SENSEX25DECFUT,SENSEX,0.0,2025-12-24,0.0,0.05,20,FUT,BFO-FUT,BFO
6,220618501,861791,SENSEX5025OCTFUT,SENSEX50,0.0,2025-10-30,0.0,0.05,75,FUT,BFO-FUT,BFO
7,223879685,874530,SENSEX5025NOVFUT,SENSEX50,0.0,2025-11-27,0.0,0.05,75,FUT,BFO-FUT,BFO
8,284815877,1112562,SENSEX5025DECFUT,SENSEX50,0.0,2025-12-24,0.0,0.05,75,FUT,BFO-FUT,BFO
9,220501253,861333,BANKEX25OCT65400CE,BANKEX,0.0,2025-10-30,65400.0,0.05,30,CE,BFO-OPT,BFO
10,220539653,861483,BANKEX25OCT65400PE,BANKEX,0.0,2025-10-30,65400.0,0.05,30,PE,BFO-OPT,BFO
11,220545029,861504,BANKEX25OCT65300CE,BANKEX,0.0,2025-10-30,65300.0,0.05,30,CE,BFO-OPT,BFO
12,220581381,861646,BANKEX25OCT65300PE,BANKEX,0.0,2025-10-30,65300.0,0.05,30,PE,BFO-OPT,BFO
13,220557829,861554,BANKEX25OCT65500CE,BANKEX,0.0,2025-10-30,65500.0,0.05,30,CE,BFO-OPT,BFO
14,220593925,861695,BANKEX25OCT65500PE,BANKEX,0.0,2025-10-30,65500.0,0.05,30,PE,BFO-OPT,BFO
15,220488965,861285,BANKEX25OCT65200CE,BANKEX,0.0,2025-10-30,65200.0,0.05,30,CE,BFO-OPT,BFO
16,220528389,861439,BANKEX25OCT65200PE,BANKEX,0.0,2025-10-30,65200.0,0.05,30,PE,BFO-OPT,BFO
17,220513029,861379,BANKEX25OCT65600CE,BANKEX,0.0,2025-10-30,65600.0,0.05,30,CE,BFO-OPT,BFO
18,220550917,861527,BANKEX25OCT65600PE,BANKEX,0.0,2025-10-30,65600.0,0.05,30,PE,BFO-OPT,BFO
19,220534789,861464,BANKEX25OCT65100CE,BANKEX,0.0,2025-10-30,65100.0,0.05,30,CE,BFO-OPT,BFO
20,220570629,861604,BANKEX25OCT65100PE,BANKEX,0.0,2025-10-30,65100.0,0.05,30,PE,BFO-OPT,BFO
21,220506885,861355,BANKEX25OCT65700PE,BANKEX,0.0,2025-10-30,65700.0,0.05,30,PE,BFO-OPT,BFO
22,220568325,861595,BANKEX25OCT65700CE,BANKEX,0.0,2025-10-30,65700.0,0.05,30,CE,BFO-OPT,BFO
23,220517125,861395,BANKEX25OCT65000PE,BANKEX,0.0,2025-10-30,65000.0,0.05,30,PE,BFO-OPT,BFO
24,220577029,861629,BANKEX25OCT65000CE,BANKEX,0.0,2025-10-30,65000.0,0.05,30,CE,BFO-OPT,BFO
25,220525829,861429,BANKEX25OCT65800CE,BANKEX,0.0,2025-10-30,65800.0,0.05,30,CE,BFO-OPT,BFO
26,220562693,861573,BANKEX25OCT65800PE,BANKEX,0.0,2025-10-30,65800.0,0.05,30,PE,BFO-OPT,BFO
27,220471557,861217,BANKEX25OCT64900CE,BANKEX,0.0,2025-10-30,64900.0,0.05,30,CE,BFO-OPT,BFO
28,220591109,861684,BANKEX25OCT64900PE,BANKEX,0.0,2025-10-30,64900.0,0.05,30,PE,BFO-OPT,BFO
29,220478469,861244,BANKEX25OCT65900CE,BANKEX,0.0,2025-10-30,65900.0,0.05,30,CE,BFO-OPT,BFO
30,220519941,861406,BANKEX25OCT65900PE,BANKEX,0.0,2025-10-30,65900.0,0.05,30,PE,BFO-OPT,BFO
31,220455941,861156,BANKEX25OCT64800PE,BANKEX,0.0,2025-10-30,64800.0,0.05,30,PE,BFO-OPT,BFO
32,220596997,861707,BANKEX25OCT64800CE,BANKEX,0.0,2025-10-30,64800.0,0.05,30,CE,BFO-OPT,BFO
33,220583429,861654,BANKEX25OCT66000CE,BANKEX,0.0,2025-10-30,66000.0,0.05,30,CE,BFO-OPT,BFO
34,220620037,861797,BANKEX25OCT66000PE,BANKEX,0.0,2025-10-30,66000.0,0.05,30,PE,BFO-OPT,BFO
35,220461061,861176,BANKEX25OCT64700CE,BANKEX,0.0,2025-10-30,64700.0,0.05,30,CE,BFO-OPT,BFO
36,220499461,861326,BANKEX25OCT64700PE,BANKEX,0.0,2025-10-30,64700.0,0.05,30,PE,BFO-OPT,BFO
37,220459781,861171,BANKEX25OCT66100CE,BANKEX,0.0,2025-10-30,66100.0,0.05,30,CE,BFO-OPT,BFO
38,220497413,861318,BANKEX25OCT66100PE,BANKEX,0.0,2025-10-30,66100.0,0.05,30,PE,BFO-OPT,BFO
39,220631301,861841,BANKEX25OCT66200PE,BANKEX,0.0,2025-10-30,66200.0,0.05,30,PE,BFO-OPT,BFO
40,290213637,1133647,BANKEX25OCT72900PE,BANKEX,0.0,2025-10-30,72900.0,0.05,30,PE,BFO-OPT,BFO
41,290311941,1134031,BANKEX25OCT72900CE,BANKEX,0.0,2025-10-30,72900.0,0.05,30,CE,BFO-OPT,BFO
42,290217477,1133662,BANKEX25OCT72800CE,BANKEX,0.0,2025-10-30,72800.0,0.05,30,CE,BFO-OPT,BFO
43,290300677,1133987,BANKEX25OCT72800PE,BANKEX,0.0,2025-10-30,72800.0,0.05,30,PE,BFO-OPT,BFO
44,290205701,1133616,BANKEX25OCT72700PE,BANKEX,0.0,2025-10-30,72700.0,0.05,30,PE,BFO-OPT,BFO
45,290304773,1134003,BANKEX25OCT72700CE,BANKEX,0.0,2025-10-30,72700.0,0.05,30,CE,BFO-OPT,BFO
46,290116357,1133267,BANKEX25OCT72600CE,BANKEX,0.0,2025-10-30,72600.0,0.05,30,CE,BFO-OPT,BFO
47,290140165,1133360,BANKEX25OCT72600PE,BANKEX,0.0,2025-10-30,72600.0,0.05,30,PE,BFO-OPT,BFO
48,290105349,1133224,BANKEX25OCT72500PE,BANKEX,0.0,2025-10-30,72500.0,0.05,30,PE,BFO-OPT,BFO
49,290174469,1133494,BANKEX25OCT72500CE,BANKEX,0.0,2025-10-30,72500.0,0.05,30,CE,BFO-OPT,BFO
50,290108165,1133235,BANKEX25OCT72400CE,BANKEX,0.0,2025-10-30,72400.0,0.05,30,CE,BFO-OPT,BFO
51,290132741,1133331,BANKEX25OCT72400PE,BANKEX,0.0,2025-10-30,72400.0,0.05,30,PE,BFO-OPT,BFO
52,290135813,1133343,BANKEX25OCT72300CE,BANKEX,0.0,2025-10-30,72300.0,0.05,30,CE,BFO-OPT,BFO
53,290187269,1133544,BANKEX25OCT72300PE,BANKEX,0.0,2025-10-30,72300.0,0.05,30,PE,BFO-OPT,BFO
54,289938949,1132574,BANKEX25OCT72200PE,BANKEX,0.0,2025-10-30,72200.0,0.05,30,PE,BFO-OPT,BFO
55,290097413,1133193,BANKEX25OCT72200CE,BANKEX,0.0,2025-10-30,72200.0,0.05,30,CE,BFO-OPT,BFO
56,289944325,1132595,BANKEX25OCT72100CE,BANKEX,0.0,2025-10-30,72100.0,0.05,30,CE,BFO-OPT,BFO
57,289986309,1132759,BANKEX25OCT72100PE,BANKEX,0.0,2025-10-30,72100.0,0.05,30,PE,BFO-OPT,BFO
58,289928197,1132532,BANKEX25OCT72000PE,BANKEX,0.0,2025-10-30,72000.0,0.05,30,PE,BFO-OPT,BFO
59,290086405,1133150,BANKEX25OCT72000CE,BANKEX,0.0,2025-10-30,72000.0,0.05,30,CE,BFO-OPT,BFO
60,289965573,1132678,BANKEX25OCT71900CE,BANKEX,0.0,2025-10-30,71900.0,0.05,30,CE,BFO-OPT,BFO
61,290010373,1132853,BANKEX25OCT71900PE,BANKEX,0.0,2025-10-30,71900.0,0.05,30,PE,BFO-OPT,BFO
62,290016773,1132878,BANKEX25OCT71800CE,BANKEX,0.0,2025-10-30,71800.0,0.05,30,CE,BFO-OPT,BFO
63,290060293,1133048,BANKEX25OCT71800PE,BANKEX,0.0,2025-10-30,71800.0,0.05,30,PE,BFO-OPT,BFO
64,289953797,1132632,BANKEX25OCT71700CE,BANKEX,0.0,2025-10-30,71700.0,0.05,30,CE,BFO-OPT,BFO
65,289994501,1132791,BANKEX25OCT71700PE,BANKEX,0.0,2025-10-30,71700.0,0.05,30,PE,BFO-OPT,BFO
66,290003205,1132825,BANKEX25OCT71600CE,BANKEX,0.0,2025-10-30,71600.0,0.05,30,CE,BFO-OPT,BFO
67,290047749,1132999,BANKEX25OCT71600PE,BANKEX,0.0,2025-10-30,71600.0,0.05,30,PE,BFO-OPT,BFO
68,289981189,1132739,BANKEX25OCT71500PE,BANKEX,0.0,2025-10-30,71500.0,0.05,30,PE,BFO-OPT,BFO
69,290054661,1133026,BANKEX25OCT71500CE,BANKEX,0.0,2025-10-30,71500.0,0.05,30,CE,BFO-OPT,BFO
70,289454853,1130683,BANKEX25OCT71400CE,BANKEX,0.0,2025-10-30,71400.0,0.05,30,CE,BFO-OPT,BFO
71,289471237,1130747,BANKEX25OCT71400PE,BANKEX,0.0,2025-10-30,71400.0,0.05,30,PE,BFO-OPT,BFO
72,289473029,1130754,BANKEX25OCT71300CE,BANKEX,0.0,2025-10-30,71300.0,0.05,30,CE,BFO-OPT,BFO
73,289487877,1130812,BANKEX25OCT71300PE,BANKEX,0.0,2025-10-30,71300.0,0.05,30,PE,BFO-OPT,BFO
74,289451013,1130668,BANKEX25OCT71200CE,BANKEX,0.0,2025-10-30,71200.0,0.05,30,CE,BFO-OPT,BFO
75,289466117,1130727,BANKEX25OCT71200PE,BANKEX,0.0,2025-10-30,71200.0,0.05,30,PE,BFO-OPT,BFO
76,289468933,1130738,BANKEX25OCT71100CE,BANKEX,0.0,2025-10-30,71100.0,0.05,30,CE,BFO-OPT,BFO
77,289483269,1130794,BANKEX25OCT71100PE,BANKEX,0.0,2025-10-30,71100.0,0.05,30,PE,BFO-OPT,BFO
78,289462533,1130713,BANKEX25OCT71000PE,BANKEX,0.0,2025-10-30,71000.0,0.05,30,PE,BFO-OPT,BFO
79,289486341,1130806,BANKEX25OCT71000CE,BANKEX,0.0,2025-10-30,71000.0,0.05,30,CE,BFO-OPT,BFO
80,289202693,1129698,BANKEX25OCT70900CE,BANKEX,0.0,2025-10-30,70900.0,0.05,30,CE,BFO-OPT,BFO
81,289236229,1129829,BANKEX25OCT70900PE,BANKEX,0.0,2025-10-30,70900.0,0.05,30,PE,BFO-OPT,BFO
82,289140741,1129456,BANKEX25OCT70800PE,BANKEX,0.0,2025-10-30,70800.0,0.05,30,PE,BFO-OPT,BFO
83,289239045,1129840,BANKEX25OCT70800CE,BANKEX,0.0,2025-10-30,70800.0,0.05,30,CE,BFO-OPT,BFO
84,289143813,1129468,BANKEX25OCT70700CE,BANKEX,0.0,2025-10-30,70700.0,0.05,30,CE,BFO-OPT,BFO
85,289223429,1129779,BANKEX25OCT70700PE,BANKEX,0.0,2025-10-30,70700.0,0.05,30,PE,BFO-OPT,BFO
86,289132549,1129424,BANKEX25OCT70600PE,BANKEX,0.0,2025-10-30,70600.0,0.05,30,PE,BFO-OPT,BFO
87,289229829,1129804,BANKEX25OCT70600CE,BANKEX,0.0,2025-10-30,70600.0,0.05,30,CE,BFO-OPT,BFO
88,289136901,1129441,BANKEX25OCT70500CE,BANKEX,0.0,2025-10-30,70500.0,0.05,30,CE,BFO-OPT,BFO
89,289162245,1129540,BANKEX25OCT70500PE,BANKEX,0.0,2025-10-30,70500.0,0.05,30,PE,BFO-OPT,BFO
90,289122309,1129384,BANKEX25OCT70400PE,BANKEX,0.0,2025-10-30,70400.0,0.05,30,PE,BFO-OPT,BFO
91,289217541,1129756,BANKEX25OCT70400CE,BANKEX,0.0,2025-10-30,70400.0,0.05,30,CE,BFO-OPT,BFO
92,289128197,1129407,BANKEX25OCT70300CE,BANKEX,0.0,2025-10-30,70300.0,0.05,30,CE,BFO-OPT,BFO
93,289153541,1129506,BANKEX25OCT70300PE,BANKEX,0.0,2025-10-30,70300.0,0.05,30,PE,BFO-OPT,BFO
94,227505669,888694,BANKEX25OCT70200PE,BANKEX,0.0,2025-10-30,70200.0,0.05,30,PE,BFO-OPT,BFO
95,227589637,889022,BANKEX25OCT70200CE,BANKEX,0.0,2025-10-30,70200.0,0.05,30,CE,BFO-OPT,BFO
96,227514373,888728,BANKEX25OCT70100CE,BANKEX,0.0,2025-10-30,70100.0,0.05,30,CE,BFO-OPT,BFO
97,227566085,888930,BANKEX25OCT70100PE,BANKEX,0.0,2025-10-30,70100.0,0.05,30,PE,BFO-OPT,BFO
98,227573253,888958,BANKEX25OCT70000CE,BANKEX,0.0,2025-10-30,70000.0,0.05,30,CE,BFO-OPT,BFO
99,227642117,889227,BANKEX25OCT70000PE,BANKEX,0.0,2025-10-30,70000.0,0.05,30,PE,BFO-OPT,BFO
100,227340037,888047,BANKEX25OCT69900PE,BANKEX,0.0,2025-10-30,69900.0,0.05,30,PE,BFO-OPT,BFO
101,227410181,888321,BANKEX25OCT69900CE,BANKEX,0.0,2025-10-30,69900.0,0.05,30,CE,BFO-OPT,BFO
102,220489477,861287,BANKEX25OCT69800CE,BANKEX,0.0,2025-10-30,69800.0,0.05,30,CE,BFO-OPT,BFO
103,220528901,861441,BANKEX25OCT69800PE,BANKEX,0.0,2025-10-30,69800.0,0.05,30,PE,BFO-OPT,BFO
104,220535301,861466,BANKEX25OCT69700CE,BANKEX,0.0,2025-10-30,69700.0,0.05,30,CE,BFO-OPT,BFO
105,220571141,861606,BANKEX25OCT69700PE,BANKEX,0.0,2025-10-30,69700.0,0.05,30,PE,BFO-OPT,BFO
106,220477445,861240,BANKEX25OCT69600CE,BANKEX,0.0,2025-10-30,69600.0,0.05,30,CE,BFO-OPT,BFO
107,220517637,861397,BANKEX25OCT69600PE,BANKEX,0.0,2025-10-30,69600.0,0.05,30,PE,BFO-OPT,BFO
108,220524549,861424,BANKEX25OCT69500CE,BANKEX,0.0,2025-10-30,69500.0,0.05,30,CE,BFO-OPT,BFO
109,220560901,861566,BANKEX25OCT69500PE,BANKEX,0.0,2025-10-30,69500.0,0.05,30,PE,BFO-OPT,BFO
110,220504837,861347,BANKEX25OCT69400PE,BANKEX,0.0,2025-10-30,69400.0,0.05,30,PE,BFO-OPT,BFO
111,220567045,861590,BANKEX25OCT69400CE,BANKEX,0.0,2025-10-30,69400.0,0.05,30,CE,BFO-OPT,BFO
112,220511493,861373,BANKEX25OCT69300CE,BANKEX,0.0,2025-10-30,69300.0,0.05,30,CE,BFO-OPT,BFO
113,220548869,861519,BANKEX25OCT69300PE,BANKEX,0.0,2025-10-30,69300.0,0.05,30,PE,BFO-OPT,BFO
114,220556549,861549,BANKEX25OCT69200CE,BANKEX,0.0,2025-10-30,69200.0,0.05,30,CE,BFO-OPT,BFO
115,220592901,861691,BANKEX25OCT69200PE,BANKEX,0.0,2025-10-30,69200.0,0.05,30,PE,BFO-OPT,BFO
116,220499717,861327,BANKEX25OCT69100CE,BANKEX,0.0,2025-10-30,69100.0,0.05,30,CE,BFO-OPT,BFO
117,220538373,861478,BANKEX25OCT69100PE,BANKEX,0.0,2025-10-30,69100.0,0.05,30,PE,BFO-OPT,BFO
118,220544005,861500,BANKEX25OCT69000CE,BANKEX,0.0,2025-10-30,69000.0,0.05,30,CE,BFO-OPT,BFO
119,220579845,861640,BANKEX25OCT69000PE,BANKEX,0.0,2025-10-30,69000.0,0.05,30,PE,BFO-OPT,BFO
120,220475397,861232,BANKEX25OCT68900PE,BANKEX,0.0,2025-10-30,68900.0,0.05,30,PE,BFO-OPT,BFO
121,220617221,861786,BANKEX25OCT68900CE,BANKEX,0.0,2025-10-30,68900.0,0.05,30,CE,BFO-OPT,BFO
122,220563717,861577,BANKEX25OCT68800CE,BANKEX,0.0,2025-10-30,68800.0,0.05,30,CE,BFO-OPT,BFO
123,220600069,861719,BANKEX25OCT68800PE,BANKEX,0.0,2025-10-30,68800.0,0.05,30,PE,BFO-OPT,BFO
124,220464133,861188,BANKEX25OCT68700PE,BANKEX,0.0,2025-10-30,68700.0,0.05,30,PE,BFO-OPT,BFO
125,220606213,861743,BANKEX25OCT68700CE,BANKEX,0.0,2025-10-30,68700.0,0.05,30,CE,BFO-OPT,BFO
126,220470277,861212,BANKEX25OCT68600CE,BANKEX,0.0,2025-10-30,68600.0,0.05,30,CE,BFO-OPT,BFO
127,220589317,861677,BANKEX25OCT68600PE,BANKEX,0.0,2025-10-30,68600.0,0.05,30,PE,BFO-OPT,BFO
128,220595461,861701,BANKEX25OCT68500CE,BANKEX,0.0,2025-10-30,68500.0,0.05,30,CE,BFO-OPT,BFO
129,220631557,861842,BANKEX25OCT68500PE,BANKEX,0.0,2025-10-30,68500.0,0.05,30,PE,BFO-OPT,BFO
130,220460037,861172,BANKEX25OCT68400CE,BANKEX,0.0,2025-10-30,68400.0,0.05,30,CE,BFO-OPT,BFO
131,220497669,861319,BANKEX25OCT68400PE,BANKEX,0.0,2025-10-30,68400.0,0.05,30,PE,BFO-OPT,BFO
132,220583685,861655,BANKEX25OCT68300CE,BANKEX,0.0,2025-10-30,68300.0,0.05,30,CE,BFO-OPT,BFO
133,220620293,861798,BANKEX25OCT68300PE,BANKEX,0.0,2025-10-30,68300.0,0.05,30,PE,BFO-OPT,BFO
134,220485637,861272,BANKEX25OCT68200PE,BANKEX,0.0,2025-10-30,68200.0,0.05,30,PE,BFO-OPT,BFO
135,220627461,861826,BANKEX25OCT68200CE,BANKEX,0.0,2025-10-30,68200.0,0.05,30,CE,BFO-OPT,BFO
136,220572933,861613,BANKEX25OCT68100CE,BANKEX,0.0,2025-10-30,68100.0,0.05,30,CE,BFO-OPT,BFO
137,220609029,861754,BANKEX25OCT68100PE,BANKEX,0.0,2025-10-30,68100.0,0.05,30,PE,BFO-OPT,BFO
138,220473093,861223,BANKEX25OCT68000PE,BANKEX,0.0,2025-10-30,68000.0,0.05,30,PE,BFO-OPT,BFO
139,220615173,861778,BANKEX25OCT68000CE,BANKEX,0.0,2025-10-30,68000.0,0.05,30,CE,BFO-OPT,BFO
140,220513285,861380,BANKEX25OCT67900CE,BANKEX,0.0,2025-10-30,67900.0,0.05,30,CE,BFO-OPT,BFO
141,220551173,861528,BANKEX25OCT67900PE,BANKEX,0.0,2025-10-30,67900.0,0.05,30,PE,BFO-OPT,BFO
142,220494853,861308,BANKEX25OCT67800PE,BANKEX,0.0,2025-10-30,67800.0,0.05,30,PE,BFO-OPT,BFO
143,220558341,861556,BANKEX25OCT67800CE,BANKEX,0.0,2025-10-30,67800.0,0.05,30,CE,BFO-OPT,BFO
144,220501509,861334,BANKEX25OCT67700CE,BANKEX,0.0,2025-10-30,67700.0,0.05,30,CE,BFO-OPT,BFO
145,220539909,861484,BANKEX25OCT67700PE,BANKEX,0.0,2025-10-30,67700.0,0.05,30,PE,BFO-OPT,BFO
146,220545541,861506,BANKEX25OCT67600CE,BANKEX,0.0,2025-10-30,67600.0,0.05,30,CE,BFO-OPT,BFO
147,220581637,861647,BANKEX25OCT67600PE,BANKEX,0.0,2025-10-30,67600.0,0.05,30,PE,BFO-OPT,BFO
148,220489221,861286,BANKEX25OCT67500CE,BANKEX,0.0,2025-10-30,67500.0,0.05,30,CE,BFO-OPT,BFO
149,220528645,861440,BANKEX25OCT67500PE,BANKEX,0.0,2025-10-30,67500.0,0.05,30,PE,BFO-OPT,BFO
150,220535045,861465,BANKEX25OCT67400CE,BANKEX,0.0,2025-10-30,67400.0,0.05,30,CE,BFO-OPT,BFO
151,220570885,861605,BANKEX25OCT67400PE,BANKEX,0.0,2025-10-30,67400.0,0.05,30,PE,BFO-OPT,BFO
152,220517381,861396,BANKEX25OCT67300PE,BANKEX,0.0,2025-10-30,67300.0,0.05,30,PE,BFO-OPT,BFO
153,220577285,861630,BANKEX25OCT67300CE,BANKEX,0.0,2025-10-30,67300.0,0.05,30,CE,BFO-OPT,BFO
154,220524293,861423,BANKEX25OCT67200CE,BANKEX,0.0,2025-10-30,67200.0,0.05,30,CE,BFO-OPT,BFO
155,220560645,861565,BANKEX25OCT67200PE,BANKEX,0.0,2025-10-30,67200.0,0.05,30,PE,BFO-OPT,BFO
156,220504581,861346,BANKEX25OCT67100PE,BANKEX,0.0,2025-10-30,67100.0,0.05,30,PE,BFO-OPT,BFO
157,220566789,861589,BANKEX25OCT67100CE,BANKEX,0.0,2025-10-30,67100.0,0.05,30,CE,BFO-OPT,BFO
158,220511237,861372,BANKEX25OCT67000CE,BANKEX,0.0,2025-10-30,67000.0,0.05,30,CE,BFO-OPT,BFO
159,220548613,861518,BANKEX25OCT67000PE,BANKEX,0.0,2025-10-30,67000.0,0.05,30,PE,BFO-OPT,BFO
160,220585477,861662,BANKEX25OCT66900CE,BANKEX,0.0,2025-10-30,66900.0,0.05,30,CE,BFO-OPT,BFO
161,220622597,861807,BANKEX25OCT66900PE,BANKEX,0.0,2025-10-30,66900.0,0.05,30,PE,BFO-OPT,BFO
162,220487429,861279,BANKEX25OCT66800PE,BANKEX,0.0,2025-10-30,66800.0,0.05,30,PE,BFO-OPT,BFO
163,220628741,861831,BANKEX25OCT66800CE,BANKEX,0.0,2025-10-30,66800.0,0.05,30,CE,BFO-OPT,BFO
164,220573957,861617,BANKEX25OCT66700CE,BANKEX,0.0,2025-10-30,66700.0,0.05,30,CE,BFO-OPT,BFO
165,220610565,861760,BANKEX25OCT66700PE,BANKEX,0.0,2025-10-30,66700.0,0.05,30,PE,BFO-OPT,BFO
166,220475141,861231,BANKEX25OCT66600PE,BANKEX,0.0,2025-10-30,66600.0,0.05,30,PE,BFO-OPT,BFO
167,220616709,861784,BANKEX25OCT66600CE,BANKEX,0.0,2025-10-30,66600.0,0.05,30,CE,BFO-OPT,BFO
168,220482053,861258,BANKEX25OCT66500CE,BANKEX,0.0,2025-10-30,66500.0,0.05,30,CE,BFO-OPT,BFO
169,220599813,861718,BANKEX25OCT66500PE,BANKEX,0.0,2025-10-30,66500.0,0.05,30,PE,BFO-OPT,BFO
170,220463877,861187,BANKEX25OCT66400PE,BANKEX,0.0,2025-10-30,66400.0,0.05,30,PE,BFO-OPT,BFO
171,220605957,861742,BANKEX25OCT66400CE,BANKEX,0.0,2025-10-30,66400.0,0.05,30,CE,BFO-OPT,BFO
172,220469765,861210,BANKEX25OCT66300CE,BANKEX,0.0,2025-10-30,66300.0,0.05,30,CE,BFO-OPT,BFO
173,220509189,861364,BANKEX25OCT66300PE,BANKEX,0.0,2025-10-30,66300.0,0.05,30,PE,BFO-OPT,BFO
174,220595205,861700,BANKEX25OCT66200CE,BANKEX,0.0,2025-10-30,66200.0,0.05,30,CE,BFO-OPT,BFO
175,220585221,861661,BANKEX25OCT64600CE,BANKEX,0.0,2025-10-30,64600.0,0.05,30,CE,BFO-OPT,BFO
176,220622341,861806,BANKEX25OCT64600PE,BANKEX,0.0,2025-10-30,64600.0,0.05,30,PE,BFO-OPT,BFO
177,220487173,861278,BANKEX25OCT64500PE,BANKEX,0.0,2025-10-30,64500.0,0.05,30,PE,BFO-OPT,BFO
178,220628229,861829,BANKEX25OCT64500CE,BANKEX,0.0,2025-10-30,64500.0,0.05,30,CE,BFO-OPT,BFO
179,220573701,861616,BANKEX25OCT64400CE,BANKEX,0.0,2025-10-30,64400.0,0.05,30,CE,BFO-OPT,BFO
180,220610309,861759,BANKEX25OCT64400PE,BANKEX,0.0,2025-10-30,64400.0,0.05,30,PE,BFO-OPT,BFO
181,220474885,861230,BANKEX25OCT64300PE,BANKEX,0.0,2025-10-30,64300.0,0.05,30,PE,BFO-OPT,BFO
182,220616453,861783,BANKEX25OCT64300CE,BANKEX,0.0,2025-10-30,64300.0,0.05,30,CE,BFO-OPT,BFO
183,220481541,861256,BANKEX25OCT64200CE,BANKEX,0.0,2025-10-30,64200.0,0.05,30,CE,BFO-OPT,BFO
184,220599557,861717,BANKEX25OCT64200PE,BANKEX,0.0,2025-10-30,64200.0,0.05,30,PE,BFO-OPT,BFO
185,220463621,861186,BANKEX25OCT64100PE,BANKEX,0.0,2025-10-30,64100.0,0.05,30,PE,BFO-OPT,BFO
186,220605701,861741,BANKEX25OCT64100CE,BANKEX,0.0,2025-10-30,64100.0,0.05,30,CE,BFO-OPT,BFO
187,220469509,861209,BANKEX25OCT64000CE,BANKEX,0.0,2025-10-30,64000.0,0.05,30,CE,BFO-OPT,BFO
188,220508933,861363,BANKEX25OCT64000PE,BANKEX,0.0,2025-10-30,64000.0,0.05,30,PE,BFO-OPT,BFO
189,220546565,861510,BANKEX25OCT63900CE,BANKEX,0.0,2025-10-30,63900.0,0.05,30,CE,BFO-OPT,BFO
190,220583173,861653,BANKEX25OCT63900PE,BANKEX,0.0,2025-10-30,63900.0,0.05,30,PE,BFO-OPT,BFO
191,220490757,861292,BANKEX25OCT63800CE,BANKEX,0.0,2025-10-30,63800.0,0.05,30,CE,BFO-OPT,BFO
192,220530949,861449,BANKEX25OCT63800PE,BANKEX,0.0,2025-10-30,63800.0,0.05,30,PE,BFO-OPT,BFO
193,220536069,861469,BANKEX25OCT63700CE,BANKEX,0.0,2025-10-30,63700.0,0.05,30,CE,BFO-OPT,BFO
194,220572677,861612,BANKEX25OCT63700PE,BANKEX,0.0,2025-10-30,63700.0,0.05,30,PE,BFO-OPT,BFO
195,220519685,861405,BANKEX25OCT63600PE,BANKEX,0.0,2025-10-30,63600.0,0.05,30,PE,BFO-OPT,BFO
196,220578053,861633,BANKEX25OCT63600CE,BANKEX,0.0,2025-10-30,63600.0,0.05,30,CE,BFO-OPT,BFO
197,220525573,861428,BANKEX25OCT63500CE,BANKEX,0.0,2025-10-30,63500.0,0.05,30,CE,BFO-OPT,BFO
198,220562437,861572,BANKEX25OCT63500PE,BANKEX,0.0,2025-10-30,63500.0,0.05,30,PE,BFO-OPT,BFO
199,220506629,861354,BANKEX25OCT63400PE,BANKEX,0.0,2025-10-30,63400.0,0.05,30,PE,BFO-OPT,BFO
200,220567813,861593,BANKEX25OCT63400CE,BANKEX,0.0,2025-10-30,63400.0,0.05,30,CE,BFO-OPT,BFO
201,220512773,861378,BANKEX25OCT63300CE,BANKEX,0.0,2025-10-30,63300.0,0.05,30,CE,BFO-OPT,BFO
202,220550661,861526,BANKEX25OCT63300PE,BANKEX,0.0,2025-10-30,63300.0,0.05,30,PE,BFO-OPT,BFO
203,220557317,861552,BANKEX25OCT63200CE,BANKEX,0.0,2025-10-30,63200.0,0.05,30,CE,BFO-OPT,BFO
204,220593669,861694,BANKEX25OCT63200PE,BANKEX,0.0,2025-10-30,63200.0,0.05,30,PE,BFO-OPT,BFO
205,220500997,861332,BANKEX25OCT63100CE,BANKEX,0.0,2025-10-30,63100.0,0.05,30,CE,BFO-OPT,BFO
206,220539397,861482,BANKEX25OCT63100PE,BANKEX,0.0,2025-10-30,63100.0,0.05,30,PE,BFO-OPT,BFO
207,220544773,861503,BANKEX25OCT63000CE,BANKEX,0.0,2025-10-30,63000.0,0.05,30,CE,BFO-OPT,BFO
208,220581125,861645,BANKEX25OCT63000PE,BANKEX,0.0,2025-10-30,63000.0,0.05,30,PE,BFO-OPT,BFO
209,220477189,861239,BANKEX25OCT62900PE,BANKEX,0.0,2025-10-30,62900.0,0.05,30,PE,BFO-OPT,BFO
210,220617989,861789,BANKEX25OCT62900CE,BANKEX,0.0,2025-10-30,62900.0,0.05,30,CE,BFO-OPT,BFO
211,220483845,861265,BANKEX25OCT62800CE,BANKEX,0.0,2025-10-30,62800.0,0.05,30,CE,BFO-OPT,BFO
212,220602117,861727,BANKEX25OCT62800PE,BANKEX,0.0,2025-10-30,62800.0,0.05,30,PE,BFO-OPT,BFO
213,220465925,861195,BANKEX25OCT62700PE,BANKEX,0.0,2025-10-30,62700.0,0.05,30,PE,BFO-OPT,BFO
214,220607237,861747,BANKEX25OCT62700CE,BANKEX,0.0,2025-10-30,62700.0,0.05,30,CE,BFO-OPT,BFO
215,220471045,861215,BANKEX25OCT62600CE,BANKEX,0.0,2025-10-30,62600.0,0.05,30,CE,BFO-OPT,BFO
216,220510981,861371,BANKEX25OCT62600PE,BANKEX,0.0,2025-10-30,62600.0,0.05,30,PE,BFO-OPT,BFO
217,220455685,861155,BANKEX25OCT62500PE,BANKEX,0.0,2025-10-30,62500.0,0.05,30,PE,BFO-OPT,BFO
218,220596741,861706,BANKEX25OCT62500CE,BANKEX,0.0,2025-10-30,62500.0,0.05,30,CE,BFO-OPT,BFO
219,220460549,861174,BANKEX25OCT62400CE,BANKEX,0.0,2025-10-30,62400.0,0.05,30,CE,BFO-OPT,BFO
220,220499205,861325,BANKEX25OCT62400PE,BANKEX,0.0,2025-10-30,62400.0,0.05,30,PE,BFO-OPT,BFO
221,220584965,861660,BANKEX25OCT62300CE,BANKEX,0.0,2025-10-30,62300.0,0.05,30,CE,BFO-OPT,BFO
222,220622085,861805,BANKEX25OCT62300PE,BANKEX,0.0,2025-10-30,62300.0,0.05,30,PE,BFO-OPT,BFO
223,220486917,861277,BANKEX25OCT62200PE,BANKEX,0.0,2025-10-30,62200.0,0.05,30,PE,BFO-OPT,BFO
224,220627973,861828,BANKEX25OCT62200CE,BANKEX,0.0,2025-10-30,62200.0,0.05,30,CE,BFO-OPT,BFO
225,220493573,861303,BANKEX25OCT62100CE,BANKEX,0.0,2025-10-30,62100.0,0.05,30,CE,BFO-OPT,BFO
226,220610053,861758,BANKEX25OCT62100PE,BANKEX,0.0,2025-10-30,62100.0,0.05,30,PE,BFO-OPT,BFO
227,220474373,861228,BANKEX25OCT62000PE,BANKEX,0.0,2025-10-30,62000.0,0.05,30,PE,BFO-OPT,BFO
228,220615941,861781,BANKEX25OCT62000CE,BANKEX,0.0,2025-10-30,62000.0,0.05,30,CE,BFO-OPT,BFO
229,220514053,861383,BANKEX25OCT61900CE,BANKEX,0.0,2025-10-30,61900.0,0.05,30,CE,BFO-OPT,BFO
230,220552709,861534,BANKEX25OCT61900PE,BANKEX,0.0,2025-10-30,61900.0,0.05,30,PE,BFO-OPT,BFO
231,220558853,861558,BANKEX25OCT61800CE,BANKEX,0.0,2025-10-30,61800.0,0.05,30,CE,BFO-OPT,BFO
232,220594693,861698,BANKEX25OCT61800PE,BANKEX,0.0,2025-10-30,61800.0,0.05,30,PE,BFO-OPT,BFO
233,220502533,861338,BANKEX25OCT61700CE,BANKEX,0.0,2025-10-30,61700.0,0.05,30,CE,BFO-OPT,BFO
234,220541189,861489,BANKEX25OCT61700PE,BANKEX,0.0,2025-10-30,61700.0,0.05,30,PE,BFO-OPT,BFO
235,220546053,861508,BANKEX25OCT61600CE,BANKEX,0.0,2025-10-30,61600.0,0.05,30,CE,BFO-OPT,BFO
236,220582661,861651,BANKEX25OCT61600PE,BANKEX,0.0,2025-10-30,61600.0,0.05,30,PE,BFO-OPT,BFO
237,220490501,861291,BANKEX25OCT61500CE,BANKEX,0.0,2025-10-30,61500.0,0.05,30,CE,BFO-OPT,BFO
238,220530693,861448,BANKEX25OCT61500PE,BANKEX,0.0,2025-10-30,61500.0,0.05,30,PE,BFO-OPT,BFO
239,220535813,861468,BANKEX25OCT61400CE,BANKEX,0.0,2025-10-30,61400.0,0.05,30,CE,BFO-OPT,BFO
240,220572421,861611,BANKEX25OCT61400PE,BANKEX,0.0,2025-10-30,61400.0,0.05,30,PE,BFO-OPT,BFO
241,220519429,861404,BANKEX25OCT61300PE,BANKEX,0.0,2025-10-30,61300.0,0.05,30,PE,BFO-OPT,BFO
242,220577541,861631,BANKEX25OCT61300CE,BANKEX,0.0,2025-10-30,61300.0,0.05,30,CE,BFO-OPT,BFO
243,220525317,861427,BANKEX25OCT61200CE,BANKEX,0.0,2025-10-30,61200.0,0.05,30,CE,BFO-OPT,BFO
244,220562181,861571,BANKEX25OCT61200PE,BANKEX,0.0,2025-10-30,61200.0,0.05,30,PE,BFO-OPT,BFO
245,220567557,861592,BANKEX25OCT61100CE,BANKEX,0.0,2025-10-30,61100.0,0.05,30,CE,BFO-OPT,BFO
246,220604421,861736,BANKEX25OCT61100PE,BANKEX,0.0,2025-10-30,61100.0,0.05,30,PE,BFO-OPT,BFO
247,220512261,861376,BANKEX25OCT61000CE,BANKEX,0.0,2025-10-30,61000.0,0.05,30,CE,BFO-OPT,BFO
248,220550149,861524,BANKEX25OCT61000PE,BANKEX,0.0,2025-10-30,61000.0,0.05,30,PE,BFO-OPT,BFO
249,220586245,861665,BANKEX25OCT60900CE,BANKEX,0.0,2025-10-30,60900.0,0.05,30,CE,BFO-OPT,BFO
250,220624133,861813,BANKEX25OCT60900PE,BANKEX,0.0,2025-10-30,60900.0,0.05,30,PE,BFO-OPT,BFO
251,220488453,861283,BANKEX25OCT60800PE,BANKEX,0.0,2025-10-30,60800.0,0.05,30,PE,BFO-OPT,BFO
252,220629253,861833,BANKEX25OCT60800CE,BANKEX,0.0,2025-10-30,60800.0,0.05,30,CE,BFO-OPT,BFO
253,220574981,861621,BANKEX25OCT60700CE,BANKEX,0.0,2025-10-30,60700.0,0.05,30,CE,BFO-OPT,BFO
254,220612357,861767,BANKEX25OCT60700PE,BANKEX,0.0,2025-10-30,60700.0,0.05,30,PE,BFO-OPT,BFO
255,220476933,861238,BANKEX25OCT60600PE,BANKEX,0.0,2025-10-30,60600.0,0.05,30,PE,BFO-OPT,BFO
256,220617733,861788,BANKEX25OCT60600CE,BANKEX,0.0,2025-10-30,60600.0,0.05,30,CE,BFO-OPT,BFO
257,220483333,861263,BANKEX25OCT60500CE,BANKEX,0.0,2025-10-30,60500.0,0.05,30,CE,BFO-OPT,BFO
258,220601861,861726,BANKEX25OCT60500PE,BANKEX,0.0,2025-10-30,60500.0,0.05,30,PE,BFO-OPT,BFO
259,220465669,861194,BANKEX25OCT60400PE,BANKEX,0.0,2025-10-30,60400.0,0.05,30,PE,BFO-OPT,BFO
260,220606981,861746,BANKEX25OCT60400CE,BANKEX,0.0,2025-10-30,60400.0,0.05,30,CE,BFO-OPT,BFO
261,220470533,861213,BANKEX25OCT60300CE,BANKEX,0.0,2025-10-30,60300.0,0.05,30,CE,BFO-OPT,BFO
262,220510469,861369,BANKEX25OCT60300PE,BANKEX,0.0,2025-10-30,60300.0,0.05,30,PE,BFO-OPT,BFO
263,220455429,861154,BANKEX25OCT60200PE,BANKEX,0.0,2025-10-30,60200.0,0.05,30,PE,BFO-OPT,BFO
264,220596485,861705,BANKEX25OCT60200CE,BANKEX,0.0,2025-10-30,60200.0,0.05,30,CE,BFO-OPT,BFO
265,220460293,861173,BANKEX25OCT60100CE,BANKEX,0.0,2025-10-30,60100.0,0.05,30,CE,BFO-OPT,BFO
266,220498949,861324,BANKEX25OCT60100PE,BANKEX,0.0,2025-10-30,60100.0,0.05,30,PE,BFO-OPT,BFO
267,220505605,861350,BANKEX25OCT60000CE,BANKEX,0.0,2025-10-30,60000.0,0.05,30,CE,BFO-OPT,BFO
268,220621829,861804,BANKEX25OCT60000PE,BANKEX,0.0,2025-10-30,60000.0,0.05,30,PE,BFO-OPT,BFO
269,220480773,861253,BANKEX25OCT59900PE,BANKEX,0.0,2025-10-30,59900.0,0.05,30,PE,BFO-OPT,BFO
270,220621573,861803,BANKEX25OCT59900CE,BANKEX,0.0,2025-10-30,59900.0,0.05,30,CE,BFO-OPT,BFO
271,220486661,861276,BANKEX25OCT59800CE,BANKEX,0.0,2025-10-30,59800.0,0.05,30,CE,BFO-OPT,BFO
272,220527621,861436,BANKEX25OCT59800PE,BANKEX,0.0,2025-10-30,59800.0,0.05,30,PE,BFO-OPT,BFO
273,220468485,861205,BANKEX25OCT59700PE,BANKEX,0.0,2025-10-30,59700.0,0.05,30,PE,BFO-OPT,BFO
274,220533765,861460,BANKEX25OCT59700CE,BANKEX,0.0,2025-10-30,59700.0,0.05,30,CE,BFO-OPT,BFO
275,220474117,861227,BANKEX25OCT59600CE,BANKEX,0.0,2025-10-30,59600.0,0.05,30,CE,BFO-OPT,BFO
276,220515589,861389,BANKEX25OCT59600PE,BANKEX,0.0,2025-10-30,59600.0,0.05,30,PE,BFO-OPT,BFO
277,220522757,861417,BANKEX25OCT59500CE,BANKEX,0.0,2025-10-30,59500.0,0.05,30,CE,BFO-OPT,BFO
278,220559877,861562,BANKEX25OCT59500PE,BANKEX,0.0,2025-10-30,59500.0,0.05,30,PE,BFO-OPT,BFO
279,220463109,861184,BANKEX25OCT59400CE,BANKEX,0.0,2025-10-30,59400.0,0.05,30,CE,BFO-OPT,BFO
280,220503301,861341,BANKEX25OCT59400PE,BANKEX,0.0,2025-10-30,59400.0,0.05,30,PE,BFO-OPT,BFO
281,220508677,861362,BANKEX25OCT59300CE,BANKEX,0.0,2025-10-30,59300.0,0.05,30,CE,BFO-OPT,BFO
282,220547589,861514,BANKEX25OCT59300PE,BANKEX,0.0,2025-10-30,59300.0,0.05,30,PE,BFO-OPT,BFO
283,220491525,861295,BANKEX25OCT59200PE,BANKEX,0.0,2025-10-30,59200.0,0.05,30,PE,BFO-OPT,BFO
284,220554501,861541,BANKEX25OCT59200CE,BANKEX,0.0,2025-10-30,59200.0,0.05,30,CE,BFO-OPT,BFO
285,220496901,861316,BANKEX25OCT59100CE,BANKEX,0.0,2025-10-30,59100.0,0.05,30,CE,BFO-OPT,BFO
286,220537605,861475,BANKEX25OCT59100PE,BANKEX,0.0,2025-10-30,59100.0,0.05,30,PE,BFO-OPT,BFO
287,220542725,861495,BANKEX25OCT59000CE,BANKEX,0.0,2025-10-30,59000.0,0.05,30,CE,BFO-OPT,BFO
288,220579077,861637,BANKEX25OCT59000PE,BANKEX,0.0,2025-10-30,59000.0,0.05,30,PE,BFO-OPT,BFO
289,220556293,861548,BANKEX25OCT58900PE,BANKEX,0.0,2025-10-30,58900.0,0.05,30,PE,BFO-OPT,BFO
290,220614661,861776,BANKEX25OCT58900CE,BANKEX,0.0,2025-10-30,58900.0,0.05,30,CE,BFO-OPT,BFO
291,220561925,861570,BANKEX25OCT58800CE,BANKEX,0.0,2025-10-30,58800.0,0.05,30,CE,BFO-OPT,BFO
292,220598533,861713,BANKEX25OCT58800PE,BANKEX,0.0,2025-10-30,58800.0,0.05,30,PE,BFO-OPT,BFO
293,220462853,861183,BANKEX25OCT58700PE,BANKEX,0.0,2025-10-30,58700.0,0.05,30,PE,BFO-OPT,BFO
294,220604165,861735,BANKEX25OCT58700CE,BANKEX,0.0,2025-10-30,58700.0,0.05,30,CE,BFO-OPT,BFO
295,220549893,861523,BANKEX25OCT58600CE,BANKEX,0.0,2025-10-30,58600.0,0.05,30,CE,BFO-OPT,BFO
296,220587781,861671,BANKEX25OCT58600PE,BANKEX,0.0,2025-10-30,58600.0,0.05,30,PE,BFO-OPT,BFO
297,220593413,861693,BANKEX25OCT58500CE,BANKEX,0.0,2025-10-30,58500.0,0.05,30,CE,BFO-OPT,BFO
298,220630533,861838,BANKEX25OCT58500PE,BANKEX,0.0,2025-10-30,58500.0,0.05,30,PE,BFO-OPT,BFO
299,220458245,861165,BANKEX25OCT58400CE,BANKEX,0.0,2025-10-30,58400.0,0.05,30,CE,BFO-OPT,BFO
300,220576005,861625,BANKEX25OCT58400PE,BANKEX,0.0,2025-10-30,58400.0,0.05,30,PE,BFO-OPT,BFO
301,220580613,861643,BANKEX25OCT58300CE,BANKEX,0.0,2025-10-30,58300.0,0.05,30,CE,BFO-OPT,BFO
302,220619269,861794,BANKEX25OCT58300PE,BANKEX,0.0,2025-10-30,58300.0,0.05,30,PE,BFO-OPT,BFO
303,220484869,861269,BANKEX25OCT58200PE,BANKEX,0.0,2025-10-30,58200.0,0.05,30,PE,BFO-OPT,BFO
304,220625925,861820,BANKEX25OCT58200CE,BANKEX,0.0,2025-10-30,58200.0,0.05,30,CE,BFO-OPT,BFO
305,220570117,861602,BANKEX25OCT58100CE,BANKEX,0.0,2025-10-30,58100.0,0.05,30,CE,BFO-OPT,BFO
306,220607749,861749,BANKEX25OCT58100PE,BANKEX,0.0,2025-10-30,58100.0,0.05,30,PE,BFO-OPT,BFO
307,220472325,861220,BANKEX25OCT58000PE,BANKEX,0.0,2025-10-30,58000.0,0.05,30,PE,BFO-OPT,BFO
308,220613637,861772,BANKEX25OCT58000CE,BANKEX,0.0,2025-10-30,58000.0,0.05,30,CE,BFO-OPT,BFO
309,220509957,861367,BANKEX25OCT57900CE,BANKEX,0.0,2025-10-30,57900.0,0.05,30,CE,BFO-OPT,BFO
310,220548101,861516,BANKEX25OCT57900PE,BANKEX,0.0,2025-10-30,57900.0,0.05,30,PE,BFO-OPT,BFO
311,220455173,861153,BANKEX25OCT57800CE,BANKEX,0.0,2025-10-30,57800.0,0.05,30,CE,BFO-OPT,BFO
312,220492805,861300,BANKEX25OCT57800PE,BANKEX,0.0,2025-10-30,57800.0,0.05,30,PE,BFO-OPT,BFO
313,220498693,861323,BANKEX25OCT57700CE,BANKEX,0.0,2025-10-30,57700.0,0.05,30,CE,BFO-OPT,BFO
314,220538117,861477,BANKEX25OCT57700PE,BANKEX,0.0,2025-10-30,57700.0,0.05,30,PE,BFO-OPT,BFO
315,220480517,861252,BANKEX25OCT57600PE,BANKEX,0.0,2025-10-30,57600.0,0.05,30,PE,BFO-OPT,BFO
316,220543493,861498,BANKEX25OCT57600CE,BANKEX,0.0,2025-10-30,57600.0,0.05,30,CE,BFO-OPT,BFO
317,220486405,861275,BANKEX25OCT57500CE,BANKEX,0.0,2025-10-30,57500.0,0.05,30,CE,BFO-OPT,BFO
318,220527365,861435,BANKEX25OCT57500PE,BANKEX,0.0,2025-10-30,57500.0,0.05,30,PE,BFO-OPT,BFO
319,220533253,861458,BANKEX25OCT57400CE,BANKEX,0.0,2025-10-30,57400.0,0.05,30,CE,BFO-OPT,BFO
320,220569605,861600,BANKEX25OCT57400PE,BANKEX,0.0,2025-10-30,57400.0,0.05,30,PE,BFO-OPT,BFO
321,220473861,861226,BANKEX25OCT57300CE,BANKEX,0.0,2025-10-30,57300.0,0.05,30,CE,BFO-OPT,BFO
322,220515333,861388,BANKEX25OCT57300PE,BANKEX,0.0,2025-10-30,57300.0,0.05,30,PE,BFO-OPT,BFO
323,220522245,861415,BANKEX25OCT57200CE,BANKEX,0.0,2025-10-30,57200.0,0.05,30,CE,BFO-OPT,BFO
324,220559621,861561,BANKEX25OCT57200PE,BANKEX,0.0,2025-10-30,57200.0,0.05,30,PE,BFO-OPT,BFO
325,220503045,861340,BANKEX25OCT57100PE,BANKEX,0.0,2025-10-30,57100.0,0.05,30,PE,BFO-OPT,BFO
326,220564997,861582,BANKEX25OCT57100CE,BANKEX,0.0,2025-10-30,57100.0,0.05,30,CE,BFO-OPT,BFO
327,220508421,861361,BANKEX25OCT57000CE,BANKEX,0.0,2025-10-30,57000.0,0.05,30,CE,BFO-OPT,BFO
328,220547333,861513,BANKEX25OCT57000PE,BANKEX,0.0,2025-10-30,57000.0,0.05,30,PE,BFO-OPT,BFO
329,220582405,861650,BANKEX25OCT56900CE,BANKEX,0.0,2025-10-30,56900.0,0.05,30,CE,BFO-OPT,BFO
330,220619525,861795,BANKEX25OCT56900PE,BANKEX,0.0,2025-10-30,56900.0,0.05,30,PE,BFO-OPT,BFO
331,220566533,861588,BANKEX25OCT56800PE,BANKEX,0.0,2025-10-30,56800.0,0.05,30,PE,BFO-OPT,BFO
332,220626693,861823,BANKEX25OCT56800CE,BANKEX,0.0,2025-10-30,56800.0,0.05,30,CE,BFO-OPT,BFO
333,220572165,861610,BANKEX25OCT56700CE,BANKEX,0.0,2025-10-30,56700.0,0.05,30,CE,BFO-OPT,BFO
334,220608517,861752,BANKEX25OCT56700PE,BANKEX,0.0,2025-10-30,56700.0,0.05,30,PE,BFO-OPT,BFO
335,220472581,861221,BANKEX25OCT56600PE,BANKEX,0.0,2025-10-30,56600.0,0.05,30,PE,BFO-OPT,BFO
336,220614149,861774,BANKEX25OCT56600CE,BANKEX,0.0,2025-10-30,56600.0,0.05,30,CE,BFO-OPT,BFO
337,220561669,861569,BANKEX25OCT56500CE,BANKEX,0.0,2025-10-30,56500.0,0.05,30,CE,BFO-OPT,BFO
338,220598277,861712,BANKEX25OCT56500PE,BANKEX,0.0,2025-10-30,56500.0,0.05,30,PE,BFO-OPT,BFO
339,220462597,861182,BANKEX25OCT56400PE,BANKEX,0.0,2025-10-30,56400.0,0.05,30,PE,BFO-OPT,BFO
340,220603653,861733,BANKEX25OCT56400CE,BANKEX,0.0,2025-10-30,56400.0,0.05,30,CE,BFO-OPT,BFO
341,220467717,861202,BANKEX25OCT56300CE,BANKEX,0.0,2025-10-30,56300.0,0.05,30,CE,BFO-OPT,BFO
342,220587525,861670,BANKEX25OCT56300PE,BANKEX,0.0,2025-10-30,56300.0,0.05,30,PE,BFO-OPT,BFO
343,220593157,861692,BANKEX25OCT56200CE,BANKEX,0.0,2025-10-30,56200.0,0.05,30,CE,BFO-OPT,BFO
344,220630277,861837,BANKEX25OCT56200PE,BANKEX,0.0,2025-10-30,56200.0,0.05,30,PE,BFO-OPT,BFO
345,220457989,861164,BANKEX25OCT56100CE,BANKEX,0.0,2025-10-30,56100.0,0.05,30,CE,BFO-OPT,BFO
346,220496389,861314,BANKEX25OCT56100PE,BANKEX,0.0,2025-10-30,56100.0,0.05,30,PE,BFO-OPT,BFO
347,220580357,861642,BANKEX25OCT56000CE,BANKEX,0.0,2025-10-30,56000.0,0.05,30,CE,BFO-OPT,BFO
348,220619013,861793,BANKEX25OCT56000PE,BANKEX,0.0,2025-10-30,56000.0,0.05,30,PE,BFO-OPT,BFO
349,220476421,861236,BANKEX25OCT55900CE,BANKEX,0.0,2025-10-30,55900.0,0.05,30,CE,BFO-OPT,BFO
350,220516357,861392,BANKEX25OCT55900PE,BANKEX,0.0,2025-10-30,55900.0,0.05,30,PE,BFO-OPT,BFO
351,220523269,861419,BANKEX25OCT55800CE,BANKEX,0.0,2025-10-30,55800.0,0.05,30,CE,BFO-OPT,BFO
352,220560133,861563,BANKEX25OCT55800PE,BANKEX,0.0,2025-10-30,55800.0,0.05,30,PE,BFO-OPT,BFO
353,220465413,861193,BANKEX25OCT55700CE,BANKEX,0.0,2025-10-30,55700.0,0.05,30,CE,BFO-OPT,BFO
354,220504325,861345,BANKEX25OCT55700PE,BANKEX,0.0,2025-10-30,55700.0,0.05,30,PE,BFO-OPT,BFO
355,220509701,861366,BANKEX25OCT55600CE,BANKEX,0.0,2025-10-30,55600.0,0.05,30,CE,BFO-OPT,BFO
356,220547845,861515,BANKEX25OCT55600PE,BANKEX,0.0,2025-10-30,55600.0,0.05,30,PE,BFO-OPT,BFO
357,220492549,861299,BANKEX25OCT55500PE,BANKEX,0.0,2025-10-30,55500.0,0.05,30,PE,BFO-OPT,BFO
358,220555269,861544,BANKEX25OCT55500CE,BANKEX,0.0,2025-10-30,55500.0,0.05,30,CE,BFO-OPT,BFO
359,220498437,861322,BANKEX25OCT55400CE,BANKEX,0.0,2025-10-30,55400.0,0.05,30,CE,BFO-OPT,BFO
360,220537861,861476,BANKEX25OCT55400PE,BANKEX,0.0,2025-10-30,55400.0,0.05,30,PE,BFO-OPT,BFO
361,220542981,861496,BANKEX25OCT55300CE,BANKEX,0.0,2025-10-30,55300.0,0.05,30,CE,BFO-OPT,BFO
362,220579589,861639,BANKEX25OCT55300PE,BANKEX,0.0,2025-10-30,55300.0,0.05,30,PE,BFO-OPT,BFO
363,220486149,861274,BANKEX25OCT55200CE,BANKEX,0.0,2025-10-30,55200.0,0.05,30,CE,BFO-OPT,BFO
364,220527109,861434,BANKEX25OCT55200PE,BANKEX,0.0,2025-10-30,55200.0,0.05,30,PE,BFO-OPT,BFO
365,220532997,861457,BANKEX25OCT55100CE,BANKEX,0.0,2025-10-30,55100.0,0.05,30,CE,BFO-OPT,BFO
366,220569349,861599,BANKEX25OCT55100PE,BANKEX,0.0,2025-10-30,55100.0,0.05,30,PE,BFO-OPT,BFO
367,220473605,861225,BANKEX25OCT55000CE,BANKEX,0.0,2025-10-30,55000.0,0.05,30,CE,BFO-OPT,BFO
368,220515077,861387,BANKEX25OCT55000PE,BANKEX,0.0,2025-10-30,55000.0,0.05,30,PE,BFO-OPT,BFO
369,220552197,861532,BANKEX25OCT54900CE,BANKEX,0.0,2025-10-30,54900.0,0.05,30,CE,BFO-OPT,BFO
370,220588549,861674,BANKEX25OCT54900PE,BANKEX,0.0,2025-10-30,54900.0,0.05,30,PE,BFO-OPT,BFO
371,220594181,861696,BANKEX25OCT54800CE,BANKEX,0.0,2025-10-30,54800.0,0.05,30,CE,BFO-OPT,BFO
372,220630789,861839,BANKEX25OCT54800PE,BANKEX,0.0,2025-10-30,54800.0,0.05,30,PE,BFO-OPT,BFO
373,220636933,861863,BANKEX25OCT54700CE,BANKEX,0.0,2025-10-30,54700.0,0.05,30,CE,BFO-OPT,BFO
374,220660997,861957,BANKEX25OCT54700PE,BANKEX,0.0,2025-10-30,54700.0,0.05,30,PE,BFO-OPT,BFO
375,220768517,862377,BANKEX25OCT54600CE,BANKEX,0.0,2025-10-30,54600.0,0.05,30,CE,BFO-OPT,BFO
376,220797701,862491,BANKEX25OCT54600PE,BANKEX,0.0,2025-10-30,54600.0,0.05,30,PE,BFO-OPT,BFO
377,220881413,862818,BANKEX25OCT54500PE,BANKEX,0.0,2025-10-30,54500.0,0.05,30,PE,BFO-OPT,BFO
378,221013765,863335,BANKEX25OCT54500CE,BANKEX,0.0,2025-10-30,54500.0,0.05,30,CE,BFO-OPT,BFO
379,220958469,863119,BANKEX25OCT54400CE,BANKEX,0.0,2025-10-30,54400.0,0.05,30,CE,BFO-OPT,BFO
380,220996101,863266,BANKEX25OCT54400PE,BANKEX,0.0,2025-10-30,54400.0,0.05,30,PE,BFO-OPT,BFO
381,220870917,862777,BANKEX25OCT54300PE,BANKEX,0.0,2025-10-30,54300.0,0.05,30,PE,BFO-OPT,BFO
382,221002245,863290,BANKEX25OCT54300CE,BANKEX,0.0,2025-10-30,54300.0,0.05,30,CE,BFO-OPT,BFO
383,221059333,863513,BANKEX25OCT54200CE,BANKEX,0.0,2025-10-30,54200.0,0.05,30,CE,BFO-OPT,BFO
384,221071877,863562,BANKEX25OCT54200PE,BANKEX,0.0,2025-10-30,54200.0,0.05,30,PE,BFO-OPT,BFO
385,221058821,863511,BANKEX25OCT54100PE,BANKEX,0.0,2025-10-30,54100.0,0.05,30,PE,BFO-OPT,BFO
386,221072389,863564,BANKEX25OCT54100CE,BANKEX,0.0,2025-10-30,54100.0,0.05,30,CE,BFO-OPT,BFO
387,221180677,863987,BANKEX25OCT54000CE,BANKEX,0.0,2025-10-30,54000.0,0.05,30,CE,BFO-OPT,BFO
388,221273349,864349,BANKEX25OCT54000PE,BANKEX,0.0,2025-10-30,54000.0,0.05,30,PE,BFO-OPT,BFO
389,221193221,864036,BANKEX25OCT53900PE,BANKEX,0.0,2025-10-30,53900.0,0.05,30,PE,BFO-OPT,BFO
390,221240581,864221,BANKEX25OCT53900CE,BANKEX,0.0,2025-10-30,53900.0,0.05,30,CE,BFO-OPT,BFO
391,221197829,864054,BANKEX25OCT53800CE,BANKEX,0.0,2025-10-30,53800.0,0.05,30,CE,BFO-OPT,BFO
392,221228549,864174,BANKEX25OCT53800PE,BANKEX,0.0,2025-10-30,53800.0,0.05,30,PE,BFO-OPT,BFO
393,221233925,864195,BANKEX25OCT53700CE,BANKEX,0.0,2025-10-30,53700.0,0.05,30,CE,BFO-OPT,BFO
394,221261317,864302,BANKEX25OCT53700PE,BANKEX,0.0,2025-10-30,53700.0,0.05,30,PE,BFO-OPT,BFO
395,221187589,864014,BANKEX25OCT53600CE,BANKEX,0.0,2025-10-30,53600.0,0.05,30,CE,BFO-OPT,BFO
396,221219077,864137,BANKEX25OCT53600PE,BANKEX,0.0,2025-10-30,53600.0,0.05,30,PE,BFO-OPT,BFO
397,223624453,873533,BANKEX25OCT53500PE,BANKEX,0.0,2025-10-30,53500.0,0.05,30,PE,BFO-OPT,BFO
398,223642373,873603,BANKEX25OCT53500CE,BANKEX,0.0,2025-10-30,53500.0,0.05,30,CE,BFO-OPT,BFO
399,223627781,873546,BANKEX25OCT53400PE,BANKEX,0.0,2025-10-30,53400.0,0.05,30,PE,BFO-OPT,BFO
400,223629061,873551,BANKEX25OCT53400CE,BANKEX,0.0,2025-10-30,53400.0,0.05,30,CE,BFO-OPT,BFO
401,223633413,873568,BANKEX25OCT53300CE,BANKEX,0.0,2025-10-30,53300.0,0.05,30,CE,BFO-OPT,BFO
402,223653637,873647,BANKEX25OCT53300PE,BANKEX,0.0,2025-10-30,53300.0,0.05,30,PE,BFO-OPT,BFO
403,223623173,873528,BANKEX25OCT53200CE,BANKEX,0.0,2025-10-30,53200.0,0.05,30,CE,BFO-OPT,BFO
404,223641861,873601,BANKEX25OCT53200PE,BANKEX,0.0,2025-10-30,53200.0,0.05,30,PE,BFO-OPT,BFO
405,223746821,874011,BANKEX25OCT53100CE,BANKEX,0.0,2025-10-30,53100.0,0.05,30,CE,BFO-OPT,BFO
406,224150789,875589,BANKEX25OCT53100PE,BANKEX,0.0,2025-10-30,53100.0,0.05,30,PE,BFO-OPT,BFO
407,223860741,874456,BANKEX25OCT53000PE,BANKEX,0.0,2025-10-30,53000.0,0.05,30,PE,BFO-OPT,BFO
408,224239365,875935,BANKEX25OCT53000CE,BANKEX,0.0,2025-10-30,53000.0,0.05,30,CE,BFO-OPT,BFO
409,223784965,874160,BANKEX25OCT52900PE,BANKEX,0.0,2025-10-30,52900.0,0.05,30,PE,BFO-OPT,BFO
410,224171525,875670,BANKEX25OCT52900CE,BANKEX,0.0,2025-10-30,52900.0,0.05,30,CE,BFO-OPT,BFO
411,223857157,874442,BANKEX25OCT52800PE,BANKEX,0.0,2025-10-30,52800.0,0.05,30,PE,BFO-OPT,BFO
412,224236293,875923,BANKEX25OCT52800CE,BANKEX,0.0,2025-10-30,52800.0,0.05,30,CE,BFO-OPT,BFO
413,223663877,873687,BANKEX25OCT52700PE,BANKEX,0.0,2025-10-30,52700.0,0.05,30,PE,BFO-OPT,BFO
414,224010245,875040,BANKEX25OCT52700CE,BANKEX,0.0,2025-10-30,52700.0,0.05,30,CE,BFO-OPT,BFO
415,223731461,873951,BANKEX25OCT52600PE,BANKEX,0.0,2025-10-30,52600.0,0.05,30,PE,BFO-OPT,BFO
416,223760901,874066,BANKEX25OCT52600CE,BANKEX,0.0,2025-10-30,52600.0,0.05,30,CE,BFO-OPT,BFO
417,224409861,876601,BANKEX25OCT52500CE,BANKEX,0.0,2025-10-30,52500.0,0.05,30,CE,BFO-OPT,BFO
418,224457477,876787,BANKEX25OCT52500PE,BANKEX,0.0,2025-10-30,52500.0,0.05,30,PE,BFO-OPT,BFO
419,223905029,874629,BANKEX25NOV65400CE,BANKEX,0.0,2025-11-27,65400.0,0.05,30,CE,BFO-OPT,BFO
420,224288517,876127,BANKEX25NOV65400PE,BANKEX,0.0,2025-11-27,65400.0,0.05,30,PE,BFO-OPT,BFO
421,223706373,873853,BANKEX25NOV65300CE,BANKEX,0.0,2025-11-27,65300.0,0.05,30,CE,BFO-OPT,BFO
422,224117765,875460,BANKEX25NOV65300PE,BANKEX,0.0,2025-11-27,65300.0,0.05,30,PE,BFO-OPT,BFO
423,223802117,874227,BANKEX25NOV65500PE,BANKEX,0.0,2025-11-27,65500.0,0.05,30,PE,BFO-OPT,BFO
424,223828741,874331,BANKEX25NOV65500CE,BANKEX,0.0,2025-11-27,65500.0,0.05,30,CE,BFO-OPT,BFO
425,223783429,874154,BANKEX25NOV65200CE,BANKEX,0.0,2025-11-27,65200.0,0.05,30,CE,BFO-OPT,BFO
426,224180229,875704,BANKEX25NOV65200PE,BANKEX,0.0,2025-11-27,65200.0,0.05,30,PE,BFO-OPT,BFO
427,223730181,873946,BANKEX25NOV65600PE,BANKEX,0.0,2025-11-27,65600.0,0.05,30,PE,BFO-OPT,BFO
428,224125445,875490,BANKEX25NOV65600CE,BANKEX,0.0,2025-11-27,65600.0,0.05,30,CE,BFO-OPT,BFO
429,223896069,874594,BANKEX25NOV65100PE,BANKEX,0.0,2025-11-27,65100.0,0.05,30,PE,BFO-OPT,BFO
430,224267013,876043,BANKEX25NOV65100CE,BANKEX,0.0,2025-11-27,65100.0,0.05,30,CE,BFO-OPT,BFO
431,223948805,874800,BANKEX25NOV65700PE,BANKEX,0.0,2025-11-27,65700.0,0.05,30,PE,BFO-OPT,BFO
432,224300037,876172,BANKEX25NOV65700CE,BANKEX,0.0,2025-11-27,65700.0,0.05,30,CE,BFO-OPT,BFO
433,224026629,875104,BANKEX25NOV65000PE,BANKEX,0.0,2025-11-27,65000.0,0.05,30,PE,BFO-OPT,BFO
434,224079877,875312,BANKEX25NOV65000CE,BANKEX,0.0,2025-11-27,65000.0,0.05,30,CE,BFO-OPT,BFO
435,223854853,874433,BANKEX25NOV65800PE,BANKEX,0.0,2025-11-27,65800.0,0.05,30,PE,BFO-OPT,BFO
436,224234245,875915,BANKEX25NOV65800CE,BANKEX,0.0,2025-11-27,65800.0,0.05,30,CE,BFO-OPT,BFO
437,223887621,874561,BANKEX25NOV64900PE,BANKEX,0.0,2025-11-27,64900.0,0.05,30,PE,BFO-OPT,BFO
438,224261893,876023,BANKEX25NOV64900CE,BANKEX,0.0,2025-11-27,64900.0,0.05,30,CE,BFO-OPT,BFO
439,223740677,873987,BANKEX25NOV65900CE,BANKEX,0.0,2025-11-27,65900.0,0.05,30,CE,BFO-OPT,BFO
440,224145669,875569,BANKEX25NOV65900PE,BANKEX,0.0,2025-11-27,65900.0,0.05,30,PE,BFO-OPT,BFO
441,223692293,873798,BANKEX25NOV64800PE,BANKEX,0.0,2025-11-27,64800.0,0.05,30,PE,BFO-OPT,BFO
442,224067077,875262,BANKEX25NOV64800CE,BANKEX,0.0,2025-11-27,64800.0,0.05,30,CE,BFO-OPT,BFO
443,223819525,874295,BANKEX25NOV66000CE,BANKEX,0.0,2025-11-27,66000.0,0.05,30,CE,BFO-OPT,BFO
444,224210949,875824,BANKEX25NOV66000PE,BANKEX,0.0,2025-11-27,66000.0,0.05,30,PE,BFO-OPT,BFO
445,223767557,874092,BANKEX25NOV64700PE,BANKEX,0.0,2025-11-27,64700.0,0.05,30,PE,BFO-OPT,BFO
446,223795205,874200,BANKEX25NOV64700CE,BANKEX,0.0,2025-11-27,64700.0,0.05,30,CE,BFO-OPT,BFO
447,223745797,874007,BANKEX25NOV66100CE,BANKEX,0.0,2025-11-27,66100.0,0.05,30,CE,BFO-OPT,BFO
448,224150021,875586,BANKEX25NOV66100PE,BANKEX,0.0,2025-11-27,66100.0,0.05,30,PE,BFO-OPT,BFO
449,224324613,876268,BANKEX25NOV66200PE,BANKEX,0.0,2025-11-27,66200.0,0.05,30,PE,BFO-OPT,BFO
450,290198789,1133589,BANKEX25NOV72900CE,BANKEX,0.0,2025-11-27,72900.0,0.05,30,CE,BFO-OPT,BFO
451,290226949,1133699,BANKEX25NOV72900PE,BANKEX,0.0,2025-11-27,72900.0,0.05,30,PE,BFO-OPT,BFO
452,290231557,1133717,BANKEX25NOV72800CE,BANKEX,0.0,2025-11-27,72800.0,0.05,30,CE,BFO-OPT,BFO
453,290313477,1134037,BANKEX25NOV72800PE,BANKEX,0.0,2025-11-27,72800.0,0.05,30,PE,BFO-OPT,BFO
454,290219013,1133668,BANKEX25NOV72700PE,BANKEX,0.0,2025-11-27,72700.0,0.05,30,PE,BFO-OPT,BFO
455,290318341,1134056,BANKEX25NOV72700CE,BANKEX,0.0,2025-11-27,72700.0,0.05,30,CE,BFO-OPT,BFO
456,290127621,1133311,BANKEX25NOV72600CE,BANKEX,0.0,2025-11-27,72600.0,0.05,30,CE,BFO-OPT,BFO
457,290149381,1133396,BANKEX25NOV72600PE,BANKEX,0.0,2025-11-27,72600.0,0.05,30,PE,BFO-OPT,BFO
458,290118405,1133275,BANKEX25NOV72500PE,BANKEX,0.0,2025-11-27,72500.0,0.05,30,PE,BFO-OPT,BFO
459,290182917,1133527,BANKEX25NOV72500CE,BANKEX,0.0,2025-11-27,72500.0,0.05,30,CE,BFO-OPT,BFO
460,290122245,1133290,BANKEX25NOV72400CE,BANKEX,0.0,2025-11-27,72400.0,0.05,30,CE,BFO-OPT,BFO
461,290143749,1133374,BANKEX25NOV72400PE,BANKEX,0.0,2025-11-27,72400.0,0.05,30,PE,BFO-OPT,BFO
462,290110469,1133244,BANKEX25NOV72300PE,BANKEX,0.0,2025-11-27,72300.0,0.05,30,PE,BFO-OPT,BFO
463,290145541,1133381,BANKEX25NOV72300CE,BANKEX,0.0,2025-11-27,72300.0,0.05,30,CE,BFO-OPT,BFO
464,289920773,1132503,BANKEX25NOV72200CE,BANKEX,0.0,2025-11-27,72200.0,0.05,30,CE,BFO-OPT,BFO
465,289959429,1132654,BANKEX25NOV72200PE,BANKEX,0.0,2025-11-27,72200.0,0.05,30,PE,BFO-OPT,BFO
466,289966341,1132681,BANKEX25NOV72100CE,BANKEX,0.0,2025-11-27,72100.0,0.05,30,CE,BFO-OPT,BFO
467,290011653,1132858,BANKEX25NOV72100PE,BANKEX,0.0,2025-11-27,72100.0,0.05,30,PE,BFO-OPT,BFO
468,289906693,1132448,BANKEX25NOV72000CE,BANKEX,0.0,2025-11-27,72000.0,0.05,30,CE,BFO-OPT,BFO
469,289946885,1132605,BANKEX25NOV72000PE,BANKEX,0.0,2025-11-27,72000.0,0.05,30,PE,BFO-OPT,BFO
470,289987589,1132764,BANKEX25NOV71900CE,BANKEX,0.0,2025-11-27,71900.0,0.05,30,CE,BFO-OPT,BFO
471,290032133,1132938,BANKEX25NOV71900PE,BANKEX,0.0,2025-11-27,71900.0,0.05,30,PE,BFO-OPT,BFO
472,290041093,1132973,BANKEX25NOV71800CE,BANKEX,0.0,2025-11-27,71800.0,0.05,30,CE,BFO-OPT,BFO
473,290081797,1133132,BANKEX25NOV71800PE,BANKEX,0.0,2025-11-27,71800.0,0.05,30,PE,BFO-OPT,BFO
474,289973509,1132709,BANKEX25NOV71700CE,BANKEX,0.0,2025-11-27,71700.0,0.05,30,CE,BFO-OPT,BFO
475,290019077,1132887,BANKEX25NOV71700PE,BANKEX,0.0,2025-11-27,71700.0,0.05,30,PE,BFO-OPT,BFO
476,290024965,1132910,BANKEX25NOV71600CE,BANKEX,0.0,2025-11-27,71600.0,0.05,30,CE,BFO-OPT,BFO
477,290067973,1133078,BANKEX25NOV71600PE,BANKEX,0.0,2025-11-27,71600.0,0.05,30,PE,BFO-OPT,BFO
478,290006021,1132836,BANKEX25NOV71500PE,BANKEX,0.0,2025-11-27,71500.0,0.05,30,PE,BFO-OPT,BFO
479,290078213,1133118,BANKEX25NOV71500CE,BANKEX,0.0,2025-11-27,71500.0,0.05,30,CE,BFO-OPT,BFO
480,289463301,1130716,BANKEX25NOV71400CE,BANKEX,0.0,2025-11-27,71400.0,0.05,30,CE,BFO-OPT,BFO
481,289477125,1130770,BANKEX25NOV71400PE,BANKEX,0.0,2025-11-27,71400.0,0.05,30,PE,BFO-OPT,BFO
482,289428997,1130582,BANKEX25NOV71300PE,BANKEX,0.0,2025-11-27,71300.0,0.05,30,PE,BFO-OPT,BFO
483,289479173,1130778,BANKEX25NOV71300CE,BANKEX,0.0,2025-11-27,71300.0,0.05,30,CE,BFO-OPT,BFO
484,289458949,1130699,BANKEX25NOV71200CE,BANKEX,0.0,2025-11-27,71200.0,0.05,30,CE,BFO-OPT,BFO
485,289474309,1130759,BANKEX25NOV71200PE,BANKEX,0.0,2025-11-27,71200.0,0.05,30,PE,BFO-OPT,BFO
486,289475589,1130764,BANKEX25NOV71100CE,BANKEX,0.0,2025-11-27,71100.0,0.05,30,CE,BFO-OPT,BFO
487,289491205,1130825,BANKEX25NOV71100PE,BANKEX,0.0,2025-11-27,71100.0,0.05,30,PE,BFO-OPT,BFO
488,289453573,1130678,BANKEX25NOV71000CE,BANKEX,0.0,2025-11-27,71000.0,0.05,30,CE,BFO-OPT,BFO
489,289470213,1130743,BANKEX25NOV71000PE,BANKEX,0.0,2025-11-27,71000.0,0.05,30,PE,BFO-OPT,BFO
490,289120261,1129376,BANKEX25NOV70900PE,BANKEX,0.0,2025-11-27,70900.0,0.05,30,PE,BFO-OPT,BFO
491,289216517,1129752,BANKEX25NOV70900CE,BANKEX,0.0,2025-11-27,70900.0,0.05,30,CE,BFO-OPT,BFO
492,289126149,1129399,BANKEX25NOV70800CE,BANKEX,0.0,2025-11-27,70800.0,0.05,30,CE,BFO-OPT,BFO
493,289153029,1129504,BANKEX25NOV70800PE,BANKEX,0.0,2025-11-27,70800.0,0.05,30,PE,BFO-OPT,BFO
494,289112837,1129347,BANKEX25NOV70700PE,BANKEX,0.0,2025-11-27,70700.0,0.05,30,PE,BFO-OPT,BFO
495,289155845,1129515,BANKEX25NOV70700CE,BANKEX,0.0,2025-11-27,70700.0,0.05,30,CE,BFO-OPT,BFO
496,289117445,1129365,BANKEX25NOV70600CE,BANKEX,0.0,2025-11-27,70600.0,0.05,30,CE,BFO-OPT,BFO
497,289145605,1129475,BANKEX25NOV70600PE,BANKEX,0.0,2025-11-27,70600.0,0.05,30,PE,BFO-OPT,BFO
498,289149189,1129489,BANKEX25NOV70500CE,BANKEX,0.0,2025-11-27,70500.0,0.05,30,CE,BFO-OPT,BFO
499,289173509,1129584,BANKEX25NOV70500PE,BANKEX,0.0,2025-11-27,70500.0,0.05,30,PE,BFO-OPT,BFO
500,289139205,1129450,BANKEX25NOV70400PE,BANKEX,0.0,2025-11-27,70400.0,0.05,30,PE,BFO-OPT,BFO
501,289237765,1129835,BANKEX25NOV70400CE,BANKEX,0.0,2025-11-27,70400.0,0.05,30,CE,BFO-OPT,BFO
502,289143045,1129465,BANKEX25NOV70300CE,BANKEX,0.0,2025-11-27,70300.0,0.05,30,CE,BFO-OPT,BFO
503,289167109,1129559,BANKEX25NOV70300PE,BANKEX,0.0,2025-11-27,70300.0,0.05,30,PE,BFO-OPT,BFO
504,227531269,888794,BANKEX25NOV70200PE,BANKEX,0.0,2025-11-27,70200.0,0.05,30,PE,BFO-OPT,BFO
505,227631621,889186,BANKEX25NOV70200CE,BANKEX,0.0,2025-11-27,70200.0,0.05,30,CE,BFO-OPT,BFO
506,227539973,888828,BANKEX25NOV70100CE,BANKEX,0.0,2025-11-27,70100.0,0.05,30,CE,BFO-OPT,BFO
507,227595013,889043,BANKEX25NOV70100PE,BANKEX,0.0,2025-11-27,70100.0,0.05,30,PE,BFO-OPT,BFO
508,227518213,888743,BANKEX25NOV70000PE,BANKEX,0.0,2025-11-27,70000.0,0.05,30,PE,BFO-OPT,BFO
509,227604485,889080,BANKEX25NOV70000CE,BANKEX,0.0,2025-11-27,70000.0,0.05,30,CE,BFO-OPT,BFO
510,227365637,888147,BANKEX25NOV69900PE,BANKEX,0.0,2025-11-27,69900.0,0.05,30,PE,BFO-OPT,BFO
511,227442693,888448,BANKEX25NOV69900CE,BANKEX,0.0,2025-11-27,69900.0,0.05,30,CE,BFO-OPT,BFO
512,227369477,888162,BANKEX25NOV69800CE,BANKEX,0.0,2025-11-27,69800.0,0.05,30,CE,BFO-OPT,BFO
513,227415813,888343,BANKEX25NOV69800PE,BANKEX,0.0,2025-11-27,69800.0,0.05,30,PE,BFO-OPT,BFO
514,227422725,888370,BANKEX25NOV69700CE,BANKEX,0.0,2025-11-27,69700.0,0.05,30,CE,BFO-OPT,BFO
515,227463685,888530,BANKEX25NOV69700PE,BANKEX,0.0,2025-11-27,69700.0,0.05,30,PE,BFO-OPT,BFO
516,227357445,888115,BANKEX25NOV69600CE,BANKEX,0.0,2025-11-27,69600.0,0.05,30,CE,BFO-OPT,BFO
517,227399173,888278,BANKEX25NOV69600PE,BANKEX,0.0,2025-11-27,69600.0,0.05,30,PE,BFO-OPT,BFO
518,227223557,887592,BANKEX25NOV69500CE,BANKEX,0.0,2025-11-27,69500.0,0.05,30,CE,BFO-OPT,BFO
519,227259397,887732,BANKEX25NOV69500PE,BANKEX,0.0,2025-11-27,69500.0,0.05,30,PE,BFO-OPT,BFO
520,227170821,887386,BANKEX25NOV69400CE,BANKEX,0.0,2025-11-27,69400.0,0.05,30,CE,BFO-OPT,BFO
521,227204101,887516,BANKEX25NOV69400PE,BANKEX,0.0,2025-11-27,69400.0,0.05,30,PE,BFO-OPT,BFO
522,227211269,887544,BANKEX25NOV69300CE,BANKEX,0.0,2025-11-27,69300.0,0.05,30,CE,BFO-OPT,BFO
523,227248133,887688,BANKEX25NOV69300PE,BANKEX,0.0,2025-11-27,69300.0,0.05,30,PE,BFO-OPT,BFO
524,227193605,887475,BANKEX25NOV69200PE,BANKEX,0.0,2025-11-27,69200.0,0.05,30,PE,BFO-OPT,BFO
525,227254789,887714,BANKEX25NOV69200CE,BANKEX,0.0,2025-11-27,69200.0,0.05,30,CE,BFO-OPT,BFO
526,227199749,887499,BANKEX25NOV69100CE,BANKEX,0.0,2025-11-27,69100.0,0.05,30,CE,BFO-OPT,BFO
527,227238149,887649,BANKEX25NOV69100PE,BANKEX,0.0,2025-11-27,69100.0,0.05,30,PE,BFO-OPT,BFO
528,227030021,886836,BANKEX25NOV69000CE,BANKEX,0.0,2025-11-27,69000.0,0.05,30,CE,BFO-OPT,BFO
529,227083013,887043,BANKEX25NOV69000PE,BANKEX,0.0,2025-11-27,69000.0,0.05,30,PE,BFO-OPT,BFO
530,226737669,885694,BANKEX25NOV68900CE,BANKEX,0.0,2025-11-27,68900.0,0.05,30,CE,BFO-OPT,BFO
531,226745093,885723,BANKEX25NOV68900PE,BANKEX,0.0,2025-11-27,68900.0,0.05,30,PE,BFO-OPT,BFO
532,226763269,885794,BANKEX25NOV68800CE,BANKEX,0.0,2025-11-27,68800.0,0.05,30,CE,BFO-OPT,BFO
533,226772997,885832,BANKEX25NOV68800PE,BANKEX,0.0,2025-11-27,68800.0,0.05,30,PE,BFO-OPT,BFO
534,226695685,885530,BANKEX25NOV68700PE,BANKEX,0.0,2025-11-27,68700.0,0.05,30,PE,BFO-OPT,BFO
535,226735109,885684,BANKEX25NOV68700CE,BANKEX,0.0,2025-11-27,68700.0,0.05,30,CE,BFO-OPT,BFO
536,226712837,885597,BANKEX25NOV68600CE,BANKEX,0.0,2025-11-27,68600.0,0.05,30,CE,BFO-OPT,BFO
537,226732037,885672,BANKEX25NOV68600PE,BANKEX,0.0,2025-11-27,68600.0,0.05,30,PE,BFO-OPT,BFO
538,225711365,881685,BANKEX25NOV68500PE,BANKEX,0.0,2025-11-27,68500.0,0.05,30,PE,BFO-OPT,BFO
539,226494469,884744,BANKEX25NOV68500CE,BANKEX,0.0,2025-11-27,68500.0,0.05,30,CE,BFO-OPT,BFO
540,225757957,881867,BANKEX25NOV68400CE,BANKEX,0.0,2025-11-27,68400.0,0.05,30,CE,BFO-OPT,BFO
541,226412549,884424,BANKEX25NOV68400PE,BANKEX,0.0,2025-11-27,68400.0,0.05,30,PE,BFO-OPT,BFO
542,225624325,881345,BANKEX25NOV68300PE,BANKEX,0.0,2025-11-27,68300.0,0.05,30,PE,BFO-OPT,BFO
543,226450949,884574,BANKEX25NOV68300CE,BANKEX,0.0,2025-11-27,68300.0,0.05,30,CE,BFO-OPT,BFO
544,225661957,881492,BANKEX25NOV68200CE,BANKEX,0.0,2025-11-27,68200.0,0.05,30,CE,BFO-OPT,BFO
545,225950213,882618,BANKEX25NOV68200PE,BANKEX,0.0,2025-11-27,68200.0,0.05,30,PE,BFO-OPT,BFO
546,224870149,878399,BANKEX25NOV68100CE,BANKEX,0.0,2025-11-27,68100.0,0.05,30,CE,BFO-OPT,BFO
547,224910341,878556,BANKEX25NOV68100PE,BANKEX,0.0,2025-11-27,68100.0,0.05,30,PE,BFO-OPT,BFO
548,224655877,877562,BANKEX25NOV68000PE,BANKEX,0.0,2025-11-27,68000.0,0.05,30,PE,BFO-OPT,BFO
549,224683525,877670,BANKEX25NOV68000CE,BANKEX,0.0,2025-11-27,68000.0,0.05,30,CE,BFO-OPT,BFO
550,224497157,876942,BANKEX25NOV67900PE,BANKEX,0.0,2025-11-27,67900.0,0.05,30,PE,BFO-OPT,BFO
551,224540165,877110,BANKEX25NOV67900CE,BANKEX,0.0,2025-11-27,67900.0,0.05,30,CE,BFO-OPT,BFO
552,224508421,876986,BANKEX25NOV67800PE,BANKEX,0.0,2025-11-27,67800.0,0.05,30,PE,BFO-OPT,BFO
553,224513285,877005,BANKEX25NOV67800CE,BANKEX,0.0,2025-11-27,67800.0,0.05,30,CE,BFO-OPT,BFO
554,224520965,877035,BANKEX25NOV67700CE,BANKEX,0.0,2025-11-27,67700.0,0.05,30,CE,BFO-OPT,BFO
555,224570373,877228,BANKEX25NOV67700PE,BANKEX,0.0,2025-11-27,67700.0,0.05,30,PE,BFO-OPT,BFO
556,223717125,873895,BANKEX25NOV67600PE,BANKEX,0.0,2025-11-27,67600.0,0.05,30,PE,BFO-OPT,BFO
557,223744517,874002,BANKEX25NOV67600CE,BANKEX,0.0,2025-11-27,67600.0,0.05,30,CE,BFO-OPT,BFO
558,223817989,874289,BANKEX25NOV67500CE,BANKEX,0.0,2025-11-27,67500.0,0.05,30,CE,BFO-OPT,BFO
559,224209157,875817,BANKEX25NOV67500PE,BANKEX,0.0,2025-11-27,67500.0,0.05,30,PE,BFO-OPT,BFO
560,223959301,874841,BANKEX25NOV67400PE,BANKEX,0.0,2025-11-27,67400.0,0.05,30,PE,BFO-OPT,BFO
561,224303365,876185,BANKEX25NOV67400CE,BANKEX,0.0,2025-11-27,67400.0,0.05,30,CE,BFO-OPT,BFO
562,223695621,873811,BANKEX25NOV67300CE,BANKEX,0.0,2025-11-27,67300.0,0.05,30,CE,BFO-OPT,BFO
563,224098053,875383,BANKEX25NOV67300PE,BANKEX,0.0,2025-11-27,67300.0,0.05,30,PE,BFO-OPT,BFO
564,223805445,874240,BANKEX25NOV67200PE,BANKEX,0.0,2025-11-27,67200.0,0.05,30,PE,BFO-OPT,BFO
565,224192773,875753,BANKEX25NOV67200CE,BANKEX,0.0,2025-11-27,67200.0,0.05,30,CE,BFO-OPT,BFO
566,223879173,874528,BANKEX25NOV67100PE,BANKEX,0.0,2025-11-27,67100.0,0.05,30,PE,BFO-OPT,BFO
567,223914757,874667,BANKEX25NOV67100CE,BANKEX,0.0,2025-11-27,67100.0,0.05,30,CE,BFO-OPT,BFO
568,223684613,873768,BANKEX25NOV67000PE,BANKEX,0.0,2025-11-27,67000.0,0.05,30,PE,BFO-OPT,BFO
569,224055813,875218,BANKEX25NOV67000CE,BANKEX,0.0,2025-11-27,67000.0,0.05,30,CE,BFO-OPT,BFO
570,223903493,874623,BANKEX25NOV66900CE,BANKEX,0.0,2025-11-27,66900.0,0.05,30,CE,BFO-OPT,BFO
571,224286981,876121,BANKEX25NOV66900PE,BANKEX,0.0,2025-11-27,66900.0,0.05,30,PE,BFO-OPT,BFO
572,223705605,873850,BANKEX25NOV66800CE,BANKEX,0.0,2025-11-27,66800.0,0.05,30,CE,BFO-OPT,BFO
573,224116997,875457,BANKEX25NOV66800PE,BANKEX,0.0,2025-11-27,66800.0,0.05,30,PE,BFO-OPT,BFO
574,223782149,874149,BANKEX25NOV66700CE,BANKEX,0.0,2025-11-27,66700.0,0.05,30,CE,BFO-OPT,BFO
575,224178693,875698,BANKEX25NOV66700PE,BANKEX,0.0,2025-11-27,66700.0,0.05,30,PE,BFO-OPT,BFO
576,223894277,874587,BANKEX25NOV66600PE,BANKEX,0.0,2025-11-27,66600.0,0.05,30,PE,BFO-OPT,BFO
577,224265221,876036,BANKEX25NOV66600CE,BANKEX,0.0,2025-11-27,66600.0,0.05,30,CE,BFO-OPT,BFO
578,224024069,875094,BANKEX25NOV66500PE,BANKEX,0.0,2025-11-27,66500.0,0.05,30,PE,BFO-OPT,BFO
579,224334597,876307,BANKEX25NOV66500CE,BANKEX,0.0,2025-11-27,66500.0,0.05,30,CE,BFO-OPT,BFO
580,223771397,874107,BANKEX25NOV66400PE,BANKEX,0.0,2025-11-27,66400.0,0.05,30,PE,BFO-OPT,BFO
581,224158981,875621,BANKEX25NOV66400CE,BANKEX,0.0,2025-11-27,66400.0,0.05,30,CE,BFO-OPT,BFO
582,223840005,874375,BANKEX25NOV66300PE,BANKEX,0.0,2025-11-27,66300.0,0.05,30,PE,BFO-OPT,BFO
583,223868165,874485,BANKEX25NOV66300CE,BANKEX,0.0,2025-11-27,66300.0,0.05,30,CE,BFO-OPT,BFO
584,223986437,874947,BANKEX25NOV66200CE,BANKEX,0.0,2025-11-27,66200.0,0.05,30,CE,BFO-OPT,BFO
585,223865093,874473,BANKEX25NOV64600CE,BANKEX,0.0,2025-11-27,64600.0,0.05,30,CE,BFO-OPT,BFO
586,224252933,875988,BANKEX25NOV64600PE,BANKEX,0.0,2025-11-27,64600.0,0.05,30,PE,BFO-OPT,BFO
587,223673605,873725,BANKEX25NOV64500CE,BANKEX,0.0,2025-11-27,64500.0,0.05,30,CE,BFO-OPT,BFO
588,224048901,875191,BANKEX25NOV64500PE,BANKEX,0.0,2025-11-27,64500.0,0.05,30,PE,BFO-OPT,BFO
589,223742469,873994,BANKEX25NOV64400CE,BANKEX,0.0,2025-11-27,64400.0,0.05,30,CE,BFO-OPT,BFO
590,224147205,875575,BANKEX25NOV64400PE,BANKEX,0.0,2025-11-27,64400.0,0.05,30,PE,BFO-OPT,BFO
591,223856901,874441,BANKEX25NOV64300PE,BANKEX,0.0,2025-11-27,64300.0,0.05,30,PE,BFO-OPT,BFO
592,224235781,875921,BANKEX25NOV64300CE,BANKEX,0.0,2025-11-27,64300.0,0.05,30,CE,BFO-OPT,BFO
593,223951877,874812,BANKEX25NOV64200PE,BANKEX,0.0,2025-11-27,64200.0,0.05,30,PE,BFO-OPT,BFO
594,224009733,875038,BANKEX25NOV64200CE,BANKEX,0.0,2025-11-27,64200.0,0.05,30,CE,BFO-OPT,BFO
595,223731205,873950,BANKEX25NOV64100PE,BANKEX,0.0,2025-11-27,64100.0,0.05,30,PE,BFO-OPT,BFO
596,224126725,875495,BANKEX25NOV64100CE,BANKEX,0.0,2025-11-27,64100.0,0.05,30,CE,BFO-OPT,BFO
597,223830021,874336,BANKEX25NOV64000CE,BANKEX,0.0,2025-11-27,64000.0,0.05,30,CE,BFO-OPT,BFO
598,224225797,875882,BANKEX25NOV64000PE,BANKEX,0.0,2025-11-27,64000.0,0.05,30,PE,BFO-OPT,BFO
599,223725317,873927,BANKEX25NOV63900PE,BANKEX,0.0,2025-11-27,63900.0,0.05,30,PE,BFO-OPT,BFO
600,223754757,874042,BANKEX25NOV63900CE,BANKEX,0.0,2025-11-27,63900.0,0.05,30,CE,BFO-OPT,BFO
601,223824901,874316,BANKEX25NOV63800CE,BANKEX,0.0,2025-11-27,63800.0,0.05,30,CE,BFO-OPT,BFO
602,224219397,875857,BANKEX25NOV63800PE,BANKEX,0.0,2025-11-27,63800.0,0.05,30,PE,BFO-OPT,BFO
603,223978501,874916,BANKEX25NOV63700PE,BANKEX,0.0,2025-11-27,63700.0,0.05,30,PE,BFO-OPT,BFO
604,224315141,876231,BANKEX25NOV63700CE,BANKEX,0.0,2025-11-27,63700.0,0.05,30,CE,BFO-OPT,BFO
605,223702789,873839,BANKEX25NOV63600CE,BANKEX,0.0,2025-11-27,63600.0,0.05,30,CE,BFO-OPT,BFO
606,224112389,875439,BANKEX25NOV63600PE,BANKEX,0.0,2025-11-27,63600.0,0.05,30,PE,BFO-OPT,BFO
607,223813893,874273,BANKEX25NOV63500PE,BANKEX,0.0,2025-11-27,63500.0,0.05,30,PE,BFO-OPT,BFO
608,224200197,875782,BANKEX25NOV63500CE,BANKEX,0.0,2025-11-27,63500.0,0.05,30,CE,BFO-OPT,BFO
609,223889413,874568,BANKEX25NOV63400PE,BANKEX,0.0,2025-11-27,63400.0,0.05,30,PE,BFO-OPT,BFO
610,223935749,874749,BANKEX25NOV63400CE,BANKEX,0.0,2025-11-27,63400.0,0.05,30,CE,BFO-OPT,BFO
611,223693829,873804,BANKEX25NOV63300PE,BANKEX,0.0,2025-11-27,63300.0,0.05,30,PE,BFO-OPT,BFO
612,224068613,875268,BANKEX25NOV63300CE,BANKEX,0.0,2025-11-27,63300.0,0.05,30,CE,BFO-OPT,BFO
613,223795973,874203,BANKEX25NOV63200CE,BANKEX,0.0,2025-11-27,63200.0,0.05,30,CE,BFO-OPT,BFO
614,224191493,875748,BANKEX25NOV63200PE,BANKEX,0.0,2025-11-27,63200.0,0.05,30,PE,BFO-OPT,BFO
615,223866117,874477,BANKEX25NOV63100CE,BANKEX,0.0,2025-11-27,63100.0,0.05,30,CE,BFO-OPT,BFO
616,224254213,875993,BANKEX25NOV63100PE,BANKEX,0.0,2025-11-27,63100.0,0.05,30,PE,BFO-OPT,BFO
617,223675141,873731,BANKEX25NOV63000CE,BANKEX,0.0,2025-11-27,63000.0,0.05,30,CE,BFO-OPT,BFO
618,224050949,875199,BANKEX25NOV63000PE,BANKEX,0.0,2025-11-27,63000.0,0.05,30,PE,BFO-OPT,BFO
619,223901189,874614,BANKEX25NOV62900PE,BANKEX,0.0,2025-11-27,62900.0,0.05,30,PE,BFO-OPT,BFO
620,224273925,876070,BANKEX25NOV62900CE,BANKEX,0.0,2025-11-27,62900.0,0.05,30,CE,BFO-OPT,BFO
621,223670789,873714,BANKEX25NOV62800CE,BANKEX,0.0,2025-11-27,62800.0,0.05,30,CE,BFO-OPT,BFO
622,224041221,875161,BANKEX25NOV62800PE,BANKEX,0.0,2025-11-27,62800.0,0.05,30,PE,BFO-OPT,BFO
623,223778821,874136,BANKEX25NOV62700PE,BANKEX,0.0,2025-11-27,62700.0,0.05,30,PE,BFO-OPT,BFO
624,224167173,875653,BANKEX25NOV62700CE,BANKEX,0.0,2025-11-27,62700.0,0.05,30,CE,BFO-OPT,BFO
625,223851525,874420,BANKEX25NOV62600PE,BANKEX,0.0,2025-11-27,62600.0,0.05,30,PE,BFO-OPT,BFO
626,223876101,874516,BANKEX25NOV62600CE,BANKEX,0.0,2025-11-27,62600.0,0.05,30,CE,BFO-OPT,BFO
627,224000773,875003,BANKEX25NOV62500CE,BANKEX,0.0,2025-11-27,62500.0,0.05,30,CE,BFO-OPT,BFO
628,224332293,876298,BANKEX25NOV62500PE,BANKEX,0.0,2025-11-27,62500.0,0.05,30,PE,BFO-OPT,BFO
629,223755781,874046,BANKEX25NOV62400CE,BANKEX,0.0,2025-11-27,62400.0,0.05,30,CE,BFO-OPT,BFO
630,224156933,875613,BANKEX25NOV62400PE,BANKEX,0.0,2025-11-27,62400.0,0.05,30,PE,BFO-OPT,BFO
631,223826693,874323,BANKEX25NOV62300CE,BANKEX,0.0,2025-11-27,62300.0,0.05,30,CE,BFO-OPT,BFO
632,224221189,875864,BANKEX25NOV62300PE,BANKEX,0.0,2025-11-27,62300.0,0.05,30,PE,BFO-OPT,BFO
633,223979781,874921,BANKEX25NOV62200PE,BANKEX,0.0,2025-11-27,62200.0,0.05,30,PE,BFO-OPT,BFO
634,224315909,876234,BANKEX25NOV62200CE,BANKEX,0.0,2025-11-27,62200.0,0.05,30,CE,BFO-OPT,BFO
635,224114693,875448,BANKEX25NOV62100PE,BANKEX,0.0,2025-11-27,62100.0,0.05,30,PE,BFO-OPT,BFO
636,224139013,875543,BANKEX25NOV62100CE,BANKEX,0.0,2025-11-27,62100.0,0.05,30,CE,BFO-OPT,BFO
637,223815429,874279,BANKEX25NOV62000PE,BANKEX,0.0,2025-11-27,62000.0,0.05,30,PE,BFO-OPT,BFO
638,224201733,875788,BANKEX25NOV62000CE,BANKEX,0.0,2025-11-27,62000.0,0.05,30,CE,BFO-OPT,BFO
639,223738373,873978,BANKEX25NOV61900PE,BANKEX,0.0,2025-11-27,61900.0,0.05,30,PE,BFO-OPT,BFO
640,224135173,875528,BANKEX25NOV61900CE,BANKEX,0.0,2025-11-27,61900.0,0.05,30,CE,BFO-OPT,BFO
641,223809285,874255,BANKEX25NOV61800PE,BANKEX,0.0,2025-11-27,61800.0,0.05,30,PE,BFO-OPT,BFO
642,223837445,874365,BANKEX25NOV61800CE,BANKEX,0.0,2025-11-27,61800.0,0.05,30,CE,BFO-OPT,BFO
643,223927557,874717,BANKEX25NOV61700CE,BANKEX,0.0,2025-11-27,61700.0,0.05,30,CE,BFO-OPT,BFO
644,224297989,876164,BANKEX25NOV61700PE,BANKEX,0.0,2025-11-27,61700.0,0.05,30,PE,BFO-OPT,BFO
645,223715845,873890,BANKEX25NOV61600CE,BANKEX,0.0,2025-11-27,61600.0,0.05,30,CE,BFO-OPT,BFO
646,224124165,875485,BANKEX25NOV61600PE,BANKEX,0.0,2025-11-27,61600.0,0.05,30,PE,BFO-OPT,BFO
647,223792645,874190,BANKEX25NOV61500CE,BANKEX,0.0,2025-11-27,61500.0,0.05,30,CE,BFO-OPT,BFO
648,224186629,875729,BANKEX25NOV61500PE,BANKEX,0.0,2025-11-27,61500.0,0.05,30,PE,BFO-OPT,BFO
649,223902981,874621,BANKEX25NOV61400PE,BANKEX,0.0,2025-11-27,61400.0,0.05,30,PE,BFO-OPT,BFO
650,224274949,876074,BANKEX25NOV61400CE,BANKEX,0.0,2025-11-27,61400.0,0.05,30,CE,BFO-OPT,BFO
651,224045573,875178,BANKEX25NOV61300PE,BANKEX,0.0,2025-11-27,61300.0,0.05,30,PE,BFO-OPT,BFO
652,224094469,875369,BANKEX25NOV61300CE,BANKEX,0.0,2025-11-27,61300.0,0.05,30,CE,BFO-OPT,BFO
653,223779845,874140,BANKEX25NOV61200PE,BANKEX,0.0,2025-11-27,61200.0,0.05,30,PE,BFO-OPT,BFO
654,224168197,875657,BANKEX25NOV61200CE,BANKEX,0.0,2025-11-27,61200.0,0.05,30,CE,BFO-OPT,BFO
655,223877381,874521,BANKEX25NOV61100CE,BANKEX,0.0,2025-11-27,61100.0,0.05,30,CE,BFO-OPT,BFO
656,224263941,876031,BANKEX25NOV61100PE,BANKEX,0.0,2025-11-27,61100.0,0.05,30,PE,BFO-OPT,BFO
657,224003589,875014,BANKEX25NOV61000CE,BANKEX,0.0,2025-11-27,61000.0,0.05,30,CE,BFO-OPT,BFO
658,224333061,876301,BANKEX25NOV61000PE,BANKEX,0.0,2025-11-27,61000.0,0.05,30,PE,BFO-OPT,BFO
659,223872773,874503,BANKEX25NOV60900CE,BANKEX,0.0,2025-11-27,60900.0,0.05,30,CE,BFO-OPT,BFO
660,224260613,876018,BANKEX25NOV60900PE,BANKEX,0.0,2025-11-27,60900.0,0.05,30,PE,BFO-OPT,BFO
661,223681029,873754,BANKEX25NOV60800CE,BANKEX,0.0,2025-11-27,60800.0,0.05,30,CE,BFO-OPT,BFO
662,224064773,875253,BANKEX25NOV60800PE,BANKEX,0.0,2025-11-27,60800.0,0.05,30,PE,BFO-OPT,BFO
663,223752453,874033,BANKEX25NOV60700CE,BANKEX,0.0,2025-11-27,60700.0,0.05,30,CE,BFO-OPT,BFO
664,224153093,875598,BANKEX25NOV60700PE,BANKEX,0.0,2025-11-27,60700.0,0.05,30,PE,BFO-OPT,BFO
665,223863045,874465,BANKEX25NOV60600PE,BANKEX,0.0,2025-11-27,60600.0,0.05,30,PE,BFO-OPT,BFO
666,224241669,875944,BANKEX25NOV60600CE,BANKEX,0.0,2025-11-27,60600.0,0.05,30,CE,BFO-OPT,BFO
667,223973893,874898,BANKEX25NOV60500PE,BANKEX,0.0,2025-11-27,60500.0,0.05,30,PE,BFO-OPT,BFO
668,224021765,875085,BANKEX25NOV60500CE,BANKEX,0.0,2025-11-27,60500.0,0.05,30,CE,BFO-OPT,BFO
669,223739909,873984,BANKEX25NOV60400PE,BANKEX,0.0,2025-11-27,60400.0,0.05,30,PE,BFO-OPT,BFO
670,224135685,875530,BANKEX25NOV60400CE,BANKEX,0.0,2025-11-27,60400.0,0.05,30,CE,BFO-OPT,BFO
671,223838469,874369,BANKEX25NOV60300CE,BANKEX,0.0,2025-11-27,60300.0,0.05,30,CE,BFO-OPT,BFO
672,224233477,875912,BANKEX25NOV60300PE,BANKEX,0.0,2025-11-27,60300.0,0.05,30,PE,BFO-OPT,BFO
673,223930885,874730,BANKEX25NOV60200CE,BANKEX,0.0,2025-11-27,60200.0,0.05,30,CE,BFO-OPT,BFO
674,224299269,876169,BANKEX25NOV60200PE,BANKEX,0.0,2025-11-27,60200.0,0.05,30,PE,BFO-OPT,BFO
675,223717381,873896,BANKEX25NOV60100CE,BANKEX,0.0,2025-11-27,60100.0,0.05,30,CE,BFO-OPT,BFO
676,224124677,875487,BANKEX25NOV60100PE,BANKEX,0.0,2025-11-27,60100.0,0.05,30,PE,BFO-OPT,BFO
677,224187909,875734,BANKEX25NOV60000PE,BANKEX,0.0,2025-11-27,60000.0,0.05,30,PE,BFO-OPT,BFO
678,224209413,875818,BANKEX25NOV60000CE,BANKEX,0.0,2025-11-27,60000.0,0.05,30,CE,BFO-OPT,BFO
679,223788293,874173,BANKEX25NOV59900PE,BANKEX,0.0,2025-11-27,59900.0,0.05,30,PE,BFO-OPT,BFO
680,224174853,875683,BANKEX25NOV59900CE,BANKEX,0.0,2025-11-27,59900.0,0.05,30,CE,BFO-OPT,BFO
681,223887365,874560,BANKEX25NOV59800CE,BANKEX,0.0,2025-11-27,59800.0,0.05,30,CE,BFO-OPT,BFO
682,224270853,876058,BANKEX25NOV59800PE,BANKEX,0.0,2025-11-27,59800.0,0.05,30,PE,BFO-OPT,BFO
683,223668229,873704,BANKEX25NOV59700PE,BANKEX,0.0,2025-11-27,59700.0,0.05,30,PE,BFO-OPT,BFO
684,223691525,873795,BANKEX25NOV59700CE,BANKEX,0.0,2025-11-27,59700.0,0.05,30,CE,BFO-OPT,BFO
685,223766277,874087,BANKEX25NOV59600CE,BANKEX,0.0,2025-11-27,59600.0,0.05,30,CE,BFO-OPT,BFO
686,224164869,875644,BANKEX25NOV59600PE,BANKEX,0.0,2025-11-27,59600.0,0.05,30,PE,BFO-OPT,BFO
687,223873797,874507,BANKEX25NOV59500PE,BANKEX,0.0,2025-11-27,59500.0,0.05,30,PE,BFO-OPT,BFO
688,224251909,875984,BANKEX25NOV59500CE,BANKEX,0.0,2025-11-27,59500.0,0.05,30,CE,BFO-OPT,BFO
689,223994885,874980,BANKEX25NOV59400PE,BANKEX,0.0,2025-11-27,59400.0,0.05,30,PE,BFO-OPT,BFO
690,224321029,876254,BANKEX25NOV59400CE,BANKEX,0.0,2025-11-27,59400.0,0.05,30,CE,BFO-OPT,BFO
691,223753733,874038,BANKEX25NOV59300PE,BANKEX,0.0,2025-11-27,59300.0,0.05,30,PE,BFO-OPT,BFO
692,224146181,875571,BANKEX25NOV59300CE,BANKEX,0.0,2025-11-27,59300.0,0.05,30,CE,BFO-OPT,BFO
693,223824133,874313,BANKEX25NOV59200PE,BANKEX,0.0,2025-11-27,59200.0,0.05,30,PE,BFO-OPT,BFO
694,223855365,874435,BANKEX25NOV59200CE,BANKEX,0.0,2025-11-27,59200.0,0.05,30,CE,BFO-OPT,BFO
695,223949317,874802,BANKEX25NOV59100CE,BANKEX,0.0,2025-11-27,59100.0,0.05,30,CE,BFO-OPT,BFO
696,224313605,876225,BANKEX25NOV59100PE,BANKEX,0.0,2025-11-27,59100.0,0.05,30,PE,BFO-OPT,BFO
697,223702021,873836,BANKEX25NOV59000PE,BANKEX,0.0,2025-11-27,59000.0,0.05,30,PE,BFO-OPT,BFO
698,223730693,873948,BANKEX25NOV59000CE,BANKEX,0.0,2025-11-27,59000.0,0.05,30,CE,BFO-OPT,BFO
699,224307717,876202,BANKEX25NOV58900PE,BANKEX,0.0,2025-11-27,58900.0,0.05,30,PE,BFO-OPT,BFO
700,224330757,876292,BANKEX25NOV58900CE,BANKEX,0.0,2025-11-27,58900.0,0.05,30,CE,BFO-OPT,BFO
701,223724293,873923,BANKEX25NOV58800CE,BANKEX,0.0,2025-11-27,58800.0,0.05,30,CE,BFO-OPT,BFO
702,224133381,875521,BANKEX25NOV58800PE,BANKEX,0.0,2025-11-27,58800.0,0.05,30,PE,BFO-OPT,BFO
703,223834885,874355,BANKEX25NOV58700PE,BANKEX,0.0,2025-11-27,58700.0,0.05,30,PE,BFO-OPT,BFO
704,224218885,875855,BANKEX25NOV58700CE,BANKEX,0.0,2025-11-27,58700.0,0.05,30,CE,BFO-OPT,BFO
705,223920133,874688,BANKEX25NOV58600PE,BANKEX,0.0,2025-11-27,58600.0,0.05,30,PE,BFO-OPT,BFO
706,224283909,876109,BANKEX25NOV58600CE,BANKEX,0.0,2025-11-27,58600.0,0.05,30,CE,BFO-OPT,BFO
707,223713285,873880,BANKEX25NOV58500PE,BANKEX,0.0,2025-11-27,58500.0,0.05,30,PE,BFO-OPT,BFO
708,224111365,875435,BANKEX25NOV58500CE,BANKEX,0.0,2025-11-27,58500.0,0.05,30,CE,BFO-OPT,BFO
709,223790341,874181,BANKEX25NOV58400PE,BANKEX,0.0,2025-11-27,58400.0,0.05,30,PE,BFO-OPT,BFO
710,223812869,874269,BANKEX25NOV58400CE,BANKEX,0.0,2025-11-27,58400.0,0.05,30,CE,BFO-OPT,BFO
711,223888133,874563,BANKEX25NOV58300CE,BANKEX,0.0,2025-11-27,58300.0,0.05,30,CE,BFO-OPT,BFO
712,224271621,876061,BANKEX25NOV58300PE,BANKEX,0.0,2025-11-27,58300.0,0.05,30,PE,BFO-OPT,BFO
713,223670021,873711,BANKEX25NOV58200PE,BANKEX,0.0,2025-11-27,58200.0,0.05,30,PE,BFO-OPT,BFO
714,223692805,873800,BANKEX25NOV58200CE,BANKEX,0.0,2025-11-27,58200.0,0.05,30,CE,BFO-OPT,BFO
715,223768069,874094,BANKEX25NOV58100CE,BANKEX,0.0,2025-11-27,58100.0,0.05,30,CE,BFO-OPT,BFO
716,224166149,875649,BANKEX25NOV58100PE,BANKEX,0.0,2025-11-27,58100.0,0.05,30,PE,BFO-OPT,BFO
717,223874565,874510,BANKEX25NOV58000PE,BANKEX,0.0,2025-11-27,58000.0,0.05,30,PE,BFO-OPT,BFO
718,224253445,875990,BANKEX25NOV58000CE,BANKEX,0.0,2025-11-27,58000.0,0.05,30,CE,BFO-OPT,BFO
719,223799301,874216,BANKEX25NOV57900PE,BANKEX,0.0,2025-11-27,57900.0,0.05,30,PE,BFO-OPT,BFO
720,224183557,875717,BANKEX25NOV57900CE,BANKEX,0.0,2025-11-27,57900.0,0.05,30,CE,BFO-OPT,BFO
721,223870725,874495,BANKEX25NOV57800PE,BANKEX,0.0,2025-11-27,57800.0,0.05,30,PE,BFO-OPT,BFO
722,224248837,875972,BANKEX25NOV57800CE,BANKEX,0.0,2025-11-27,57800.0,0.05,30,CE,BFO-OPT,BFO
723,223678981,873746,BANKEX25NOV57700PE,BANKEX,0.0,2025-11-27,57700.0,0.05,30,PE,BFO-OPT,BFO
724,224039941,875156,BANKEX25NOV57700CE,BANKEX,0.0,2025-11-27,57700.0,0.05,30,CE,BFO-OPT,BFO
725,223748869,874019,BANKEX25NOV57600PE,BANKEX,0.0,2025-11-27,57600.0,0.05,30,PE,BFO-OPT,BFO
726,223778053,874133,BANKEX25NOV57600CE,BANKEX,0.0,2025-11-27,57600.0,0.05,30,CE,BFO-OPT,BFO
727,223849733,874413,BANKEX25NOV57500CE,BANKEX,0.0,2025-11-27,57500.0,0.05,30,CE,BFO-OPT,BFO
728,224240389,875939,BANKEX25NOV57500PE,BANKEX,0.0,2025-11-27,57500.0,0.05,30,PE,BFO-OPT,BFO
729,224019205,875075,BANKEX25NOV57400PE,BANKEX,0.0,2025-11-27,57400.0,0.05,30,PE,BFO-OPT,BFO
730,224331781,876296,BANKEX25NOV57400CE,BANKEX,0.0,2025-11-27,57400.0,0.05,30,CE,BFO-OPT,BFO
731,223725829,873929,BANKEX25NOV57300CE,BANKEX,0.0,2025-11-27,57300.0,0.05,30,CE,BFO-OPT,BFO
732,224134405,875525,BANKEX25NOV57300PE,BANKEX,0.0,2025-11-27,57300.0,0.05,30,PE,BFO-OPT,BFO
733,223836421,874361,BANKEX25NOV57200PE,BANKEX,0.0,2025-11-27,57200.0,0.05,30,PE,BFO-OPT,BFO
734,224219909,875859,BANKEX25NOV57200CE,BANKEX,0.0,2025-11-27,57200.0,0.05,30,CE,BFO-OPT,BFO
735,223923205,874700,BANKEX25NOV57100PE,BANKEX,0.0,2025-11-27,57100.0,0.05,30,PE,BFO-OPT,BFO
736,224285189,876114,BANKEX25NOV57100CE,BANKEX,0.0,2025-11-27,57100.0,0.05,30,CE,BFO-OPT,BFO
737,223714565,873885,BANKEX25NOV57000PE,BANKEX,0.0,2025-11-27,57000.0,0.05,30,PE,BFO-OPT,BFO
738,224113925,875445,BANKEX25NOV57000CE,BANKEX,0.0,2025-11-27,57000.0,0.05,30,CE,BFO-OPT,BFO
739,223967237,874872,BANKEX25NOV56900CE,BANKEX,0.0,2025-11-27,56900.0,0.05,30,CE,BFO-OPT,BFO
740,224318981,876246,BANKEX25NOV56900PE,BANKEX,0.0,2025-11-27,56900.0,0.05,30,PE,BFO-OPT,BFO
741,223709701,873866,BANKEX25NOV56800PE,BANKEX,0.0,2025-11-27,56800.0,0.05,30,PE,BFO-OPT,BFO
742,223738117,873977,BANKEX25NOV56800CE,BANKEX,0.0,2025-11-27,56800.0,0.05,30,CE,BFO-OPT,BFO
743,223808517,874252,BANKEX25NOV56700CE,BANKEX,0.0,2025-11-27,56700.0,0.05,30,CE,BFO-OPT,BFO
744,224205317,875802,BANKEX25NOV56700PE,BANKEX,0.0,2025-11-27,56700.0,0.05,30,PE,BFO-OPT,BFO
745,223945477,874787,BANKEX25NOV56600PE,BANKEX,0.0,2025-11-27,56600.0,0.05,30,PE,BFO-OPT,BFO
746,224296965,876160,BANKEX25NOV56600CE,BANKEX,0.0,2025-11-27,56600.0,0.05,30,CE,BFO-OPT,BFO
747,223687685,873780,BANKEX25NOV56500CE,BANKEX,0.0,2025-11-27,56500.0,0.05,30,CE,BFO-OPT,BFO
748,224084229,875329,BANKEX25NOV56500PE,BANKEX,0.0,2025-11-27,56500.0,0.05,30,PE,BFO-OPT,BFO
749,223800069,874219,BANKEX25NOV56400PE,BANKEX,0.0,2025-11-27,56400.0,0.05,30,PE,BFO-OPT,BFO
750,224185605,875725,BANKEX25NOV56400CE,BANKEX,0.0,2025-11-27,56400.0,0.05,30,CE,BFO-OPT,BFO
751,223872261,874501,BANKEX25NOV56300PE,BANKEX,0.0,2025-11-27,56300.0,0.05,30,PE,BFO-OPT,BFO
752,224250373,875978,BANKEX25NOV56300CE,BANKEX,0.0,2025-11-27,56300.0,0.05,30,CE,BFO-OPT,BFO
753,223680261,873751,BANKEX25NOV56200PE,BANKEX,0.0,2025-11-27,56200.0,0.05,30,PE,BFO-OPT,BFO
754,224043525,875170,BANKEX25NOV56200CE,BANKEX,0.0,2025-11-27,56200.0,0.05,30,CE,BFO-OPT,BFO
755,223750405,874025,BANKEX25NOV56100PE,BANKEX,0.0,2025-11-27,56100.0,0.05,30,PE,BFO-OPT,BFO
756,223779333,874138,BANKEX25NOV56100CE,BANKEX,0.0,2025-11-27,56100.0,0.05,30,CE,BFO-OPT,BFO
757,223852037,874422,BANKEX25NOV56000CE,BANKEX,0.0,2025-11-27,56000.0,0.05,30,CE,BFO-OPT,BFO
758,224241157,875942,BANKEX25NOV56000PE,BANKEX,0.0,2025-11-27,56000.0,0.05,30,PE,BFO-OPT,BFO
759,223775237,874122,BANKEX25NOV55900CE,BANKEX,0.0,2025-11-27,55900.0,0.05,30,CE,BFO-OPT,BFO
760,224173061,875676,BANKEX25NOV55900PE,BANKEX,0.0,2025-11-27,55900.0,0.05,30,PE,BFO-OPT,BFO
761,223885061,874551,BANKEX25NOV55800PE,BANKEX,0.0,2025-11-27,55800.0,0.05,30,PE,BFO-OPT,BFO
762,224260101,876016,BANKEX25NOV55800CE,BANKEX,0.0,2025-11-27,55800.0,0.05,30,CE,BFO-OPT,BFO
763,224012037,875047,BANKEX25NOV55700PE,BANKEX,0.0,2025-11-27,55700.0,0.05,30,PE,BFO-OPT,BFO
764,224328453,876283,BANKEX25NOV55700CE,BANKEX,0.0,2025-11-27,55700.0,0.05,30,CE,BFO-OPT,BFO
765,223763717,874077,BANKEX25NOV55600PE,BANKEX,0.0,2025-11-27,55600.0,0.05,30,PE,BFO-OPT,BFO
766,224152069,875594,BANKEX25NOV55600CE,BANKEX,0.0,2025-11-27,55600.0,0.05,30,CE,BFO-OPT,BFO
767,223832325,874345,BANKEX25NOV55500PE,BANKEX,0.0,2025-11-27,55500.0,0.05,30,PE,BFO-OPT,BFO
768,224215557,875842,BANKEX25NOV55500CE,BANKEX,0.0,2025-11-27,55500.0,0.05,30,CE,BFO-OPT,BFO
769,223971845,874890,BANKEX25NOV55400CE,BANKEX,0.0,2025-11-27,55400.0,0.05,30,CE,BFO-OPT,BFO
770,224320005,876250,BANKEX25NOV55400PE,BANKEX,0.0,2025-11-27,55400.0,0.05,30,PE,BFO-OPT,BFO
771,223710981,873871,BANKEX25NOV55300PE,BANKEX,0.0,2025-11-27,55300.0,0.05,30,PE,BFO-OPT,BFO
772,223739397,873982,BANKEX25NOV55300CE,BANKEX,0.0,2025-11-27,55300.0,0.05,30,CE,BFO-OPT,BFO
773,223810053,874258,BANKEX25NOV55200CE,BANKEX,0.0,2025-11-27,55200.0,0.05,30,CE,BFO-OPT,BFO
774,224206085,875805,BANKEX25NOV55200PE,BANKEX,0.0,2025-11-27,55200.0,0.05,30,PE,BFO-OPT,BFO
775,223946245,874790,BANKEX25NOV55100PE,BANKEX,0.0,2025-11-27,55100.0,0.05,30,PE,BFO-OPT,BFO
776,224298501,876166,BANKEX25NOV55100CE,BANKEX,0.0,2025-11-27,55100.0,0.05,30,CE,BFO-OPT,BFO
777,223688965,873785,BANKEX25NOV55000CE,BANKEX,0.0,2025-11-27,55000.0,0.05,30,CE,BFO-OPT,BFO
778,224085765,875335,BANKEX25NOV55000PE,BANKEX,0.0,2025-11-27,55000.0,0.05,30,PE,BFO-OPT,BFO
779,223940357,874767,BANKEX25NOV54900PE,BANKEX,0.0,2025-11-27,54900.0,0.05,30,PE,BFO-OPT,BFO
780,224294149,876149,BANKEX25NOV54900CE,BANKEX,0.0,2025-11-27,54900.0,0.05,30,CE,BFO-OPT,BFO
781,223723269,873919,BANKEX25NOV54800PE,BANKEX,0.0,2025-11-27,54800.0,0.05,30,PE,BFO-OPT,BFO
782,224120837,875472,BANKEX25NOV54800CE,BANKEX,0.0,2025-11-27,54800.0,0.05,30,CE,BFO-OPT,BFO
783,223797253,874208,BANKEX25NOV54700PE,BANKEX,0.0,2025-11-27,54700.0,0.05,30,PE,BFO-OPT,BFO
784,223822853,874308,BANKEX25NOV54700CE,BANKEX,0.0,2025-11-27,54700.0,0.05,30,CE,BFO-OPT,BFO
785,223898117,874602,BANKEX25NOV54600CE,BANKEX,0.0,2025-11-27,54600.0,0.05,30,CE,BFO-OPT,BFO
786,224282117,876102,BANKEX25NOV54600PE,BANKEX,0.0,2025-11-27,54600.0,0.05,30,PE,BFO-OPT,BFO
787,223676677,873737,BANKEX25NOV54500PE,BANKEX,0.0,2025-11-27,54500.0,0.05,30,PE,BFO-OPT,BFO
788,223700229,873829,BANKEX25NOV54500CE,BANKEX,0.0,2025-11-27,54500.0,0.05,30,CE,BFO-OPT,BFO
789,223777029,874129,BANKEX25NOV54400CE,BANKEX,0.0,2025-11-27,54400.0,0.05,30,CE,BFO-OPT,BFO
790,224174085,875680,BANKEX25NOV54400PE,BANKEX,0.0,2025-11-27,54400.0,0.05,30,PE,BFO-OPT,BFO
791,223886341,874556,BANKEX25NOV54300PE,BANKEX,0.0,2025-11-27,54300.0,0.05,30,PE,BFO-OPT,BFO
792,224261381,876021,BANKEX25NOV54300CE,BANKEX,0.0,2025-11-27,54300.0,0.05,30,CE,BFO-OPT,BFO
793,224015109,875059,BANKEX25NOV54200PE,BANKEX,0.0,2025-11-27,54200.0,0.05,30,PE,BFO-OPT,BFO
794,224329733,876288,BANKEX25NOV54200CE,BANKEX,0.0,2025-11-27,54200.0,0.05,30,CE,BFO-OPT,BFO
795,223765509,874084,BANKEX25NOV54100PE,BANKEX,0.0,2025-11-27,54100.0,0.05,30,PE,BFO-OPT,BFO
796,224153605,875600,BANKEX25NOV54100CE,BANKEX,0.0,2025-11-27,54100.0,0.05,30,CE,BFO-OPT,BFO
797,223833349,874349,BANKEX25NOV54000PE,BANKEX,0.0,2025-11-27,54000.0,0.05,30,PE,BFO-OPT,BFO
798,223863557,874467,BANKEX25NOV54000CE,BANKEX,0.0,2025-11-27,54000.0,0.05,30,CE,BFO-OPT,BFO
799,223759365,874060,BANKEX25NOV53900PE,BANKEX,0.0,2025-11-27,53900.0,0.05,30,PE,BFO-OPT,BFO
800,223787781,874171,BANKEX25NOV53900CE,BANKEX,0.0,2025-11-27,53900.0,0.05,30,CE,BFO-OPT,BFO
801,223860229,874454,BANKEX25NOV53800CE,BANKEX,0.0,2025-11-27,53800.0,0.05,30,CE,BFO-OPT,BFO
802,224247301,875966,BANKEX25NOV53800PE,BANKEX,0.0,2025-11-27,53800.0,0.05,30,PE,BFO-OPT,BFO
803,223667461,873701,BANKEX25NOV53700CE,BANKEX,0.0,2025-11-27,53700.0,0.05,30,CE,BFO-OPT,BFO
804,224037381,875146,BANKEX25NOV53700PE,BANKEX,0.0,2025-11-27,53700.0,0.05,30,PE,BFO-OPT,BFO
805,223735813,873968,BANKEX25NOV53600CE,BANKEX,0.0,2025-11-27,53600.0,0.05,30,CE,BFO-OPT,BFO
806,224141317,875552,BANKEX25NOV53600PE,BANKEX,0.0,2025-11-27,53600.0,0.05,30,PE,BFO-OPT,BFO
807,223847429,874404,BANKEX25NOV53500PE,BANKEX,0.0,2025-11-27,53500.0,0.05,30,PE,BFO-OPT,BFO
808,224229125,875895,BANKEX25NOV53500CE,BANKEX,0.0,2025-11-27,53500.0,0.05,30,CE,BFO-OPT,BFO
809,223942661,874776,BANKEX25NOV53400PE,BANKEX,0.0,2025-11-27,53400.0,0.05,30,PE,BFO-OPT,BFO
810,224294661,876151,BANKEX25NOV53400CE,BANKEX,0.0,2025-11-27,53400.0,0.05,30,CE,BFO-OPT,BFO
811,223723525,873920,BANKEX25NOV53300PE,BANKEX,0.0,2025-11-27,53300.0,0.05,30,PE,BFO-OPT,BFO
812,224122117,875477,BANKEX25NOV53300CE,BANKEX,0.0,2025-11-27,53300.0,0.05,30,CE,BFO-OPT,BFO
813,223797765,874210,BANKEX25NOV53200PE,BANKEX,0.0,2025-11-27,53200.0,0.05,30,PE,BFO-OPT,BFO
814,223823365,874310,BANKEX25NOV53200CE,BANKEX,0.0,2025-11-27,53200.0,0.05,30,CE,BFO-OPT,BFO
815,223898629,874604,BANKEX25NOV53100CE,BANKEX,0.0,2025-11-27,53100.0,0.05,30,CE,BFO-OPT,BFO
816,224282629,876104,BANKEX25NOV53100PE,BANKEX,0.0,2025-11-27,53100.0,0.05,30,PE,BFO-OPT,BFO
817,223701253,873833,BANKEX25NOV53000CE,BANKEX,0.0,2025-11-27,53000.0,0.05,30,CE,BFO-OPT,BFO
818,224109061,875426,BANKEX25NOV53000PE,BANKEX,0.0,2025-11-27,53000.0,0.05,30,PE,BFO-OPT,BFO
819,223962117,874852,BANKEX25NOV52900PE,BANKEX,0.0,2025-11-27,52900.0,0.05,30,PE,BFO-OPT,BFO
820,224306693,876198,BANKEX25NOV52900CE,BANKEX,0.0,2025-11-27,52900.0,0.05,30,CE,BFO-OPT,BFO
821,223697669,873819,BANKEX25NOV52800CE,BANKEX,0.0,2025-11-27,52800.0,0.05,30,CE,BFO-OPT,BFO
822,224100613,875393,BANKEX25NOV52800PE,BANKEX,0.0,2025-11-27,52800.0,0.05,30,PE,BFO-OPT,BFO
823,223806213,874243,BANKEX25NOV52700PE,BANKEX,0.0,2025-11-27,52700.0,0.05,30,PE,BFO-OPT,BFO
824,224195333,875763,BANKEX25NOV52700CE,BANKEX,0.0,2025-11-27,52700.0,0.05,30,CE,BFO-OPT,BFO
825,223881477,874537,BANKEX25NOV52600PE,BANKEX,0.0,2025-11-27,52600.0,0.05,30,PE,BFO-OPT,BFO
826,224258053,876008,BANKEX25NOV52600CE,BANKEX,0.0,2025-11-27,52600.0,0.05,30,CE,BFO-OPT,BFO
827,224392965,876535,BANKEX25NOV52500PE,BANKEX,0.0,2025-11-27,52500.0,0.05,30,PE,BFO-OPT,BFO
828,224433157,876692,BANKEX25NOV52500CE,BANKEX,0.0,2025-11-27,52500.0,0.05,30,CE,BFO-OPT,BFO
829,282035205,1101700,BANKEX25DEC65400PE,BANKEX,0.0,2025-12-24,65400.0,0.05,30,PE,BFO-OPT,BFO
830,285305605,1114475,BANKEX25DEC65400CE,BANKEX,0.0,2025-12-24,65400.0,0.05,30,CE,BFO-OPT,BFO
831,284367877,1110812,BANKEX25DEC65300CE,BANKEX,0.0,2025-12-24,65300.0,0.05,30,CE,BFO-OPT,BFO
832,284990469,1113244,BANKEX25DEC65300PE,BANKEX,0.0,2025-12-24,65300.0,0.05,30,PE,BFO-OPT,BFO
833,284540421,1111486,BANKEX25DEC65500CE,BANKEX,0.0,2025-12-24,65500.0,0.05,30,CE,BFO-OPT,BFO
834,285207301,1114091,BANKEX25DEC65500PE,BANKEX,0.0,2025-12-24,65500.0,0.05,30,PE,BFO-OPT,BFO
835,285111045,1113715,BANKEX25DEC65200CE,BANKEX,0.0,2025-12-24,65200.0,0.05,30,CE,BFO-OPT,BFO
836,285669125,1115895,BANKEX25DEC65200PE,BANKEX,0.0,2025-12-24,65200.0,0.05,30,PE,BFO-OPT,BFO
837,284447493,1111123,BANKEX25DEC65600PE,BANKEX,0.0,2025-12-24,65600.0,0.05,30,PE,BFO-OPT,BFO
838,285460485,1115080,BANKEX25DEC65600CE,BANKEX,0.0,2025-12-24,65600.0,0.05,30,CE,BFO-OPT,BFO
839,284771333,1112388,BANKEX25DEC65100PE,BANKEX,0.0,2025-12-24,65100.0,0.05,30,PE,BFO-OPT,BFO
840,285748229,1116204,BANKEX25DEC65100CE,BANKEX,0.0,2025-12-24,65100.0,0.05,30,CE,BFO-OPT,BFO
841,284699141,1112106,BANKEX25DEC65700CE,BANKEX,0.0,2025-12-24,65700.0,0.05,30,CE,BFO-OPT,BFO
842,285376773,1114753,BANKEX25DEC65700PE,BANKEX,0.0,2025-12-24,65700.0,0.05,30,PE,BFO-OPT,BFO
843,284878853,1112808,BANKEX25DEC65000CE,BANKEX,0.0,2025-12-24,65000.0,0.05,30,CE,BFO-OPT,BFO
844,285511941,1115281,BANKEX25DEC65000PE,BANKEX,0.0,2025-12-24,65000.0,0.05,30,PE,BFO-OPT,BFO
845,283268357,1106517,BANKEX25DEC65800CE,BANKEX,0.0,2025-12-24,65800.0,0.05,30,CE,BFO-OPT,BFO
846,284606213,1111743,BANKEX25DEC65800PE,BANKEX,0.0,2025-12-24,65800.0,0.05,30,PE,BFO-OPT,BFO
847,282279941,1102656,BANKEX25DEC64900CE,BANKEX,0.0,2025-12-24,64900.0,0.05,30,CE,BFO-OPT,BFO
848,283028485,1105580,BANKEX25DEC64900PE,BANKEX,0.0,2025-12-24,64900.0,0.05,30,PE,BFO-OPT,BFO
849,284900613,1112893,BANKEX25DEC65900CE,BANKEX,0.0,2025-12-24,65900.0,0.05,30,CE,BFO-OPT,BFO
850,285531909,1115359,BANKEX25DEC65900PE,BANKEX,0.0,2025-12-24,65900.0,0.05,30,PE,BFO-OPT,BFO
851,283128837,1105972,BANKEX25DEC64800CE,BANKEX,0.0,2025-12-24,64800.0,0.05,30,CE,BFO-OPT,BFO
852,285773061,1116301,BANKEX25DEC64800PE,BANKEX,0.0,2025-12-24,64800.0,0.05,30,PE,BFO-OPT,BFO
853,282935301,1105216,BANKEX25DEC66000CE,BANKEX,0.0,2025-12-24,66000.0,0.05,30,CE,BFO-OPT,BFO
854,283909381,1109021,BANKEX25DEC66000PE,BANKEX,0.0,2025-12-24,66000.0,0.05,30,PE,BFO-OPT,BFO
855,282078981,1101871,BANKEX25DEC64700CE,BANKEX,0.0,2025-12-24,64700.0,0.05,30,CE,BFO-OPT,BFO
856,282857989,1104914,BANKEX25DEC64700PE,BANKEX,0.0,2025-12-24,64700.0,0.05,30,PE,BFO-OPT,BFO
857,282062085,1101805,BANKEX25DEC66100CE,BANKEX,0.0,2025-12-24,66100.0,0.05,30,CE,BFO-OPT,BFO
858,282829573,1104803,BANKEX25DEC66100PE,BANKEX,0.0,2025-12-24,66100.0,0.05,30,PE,BFO-OPT,BFO
859,284503045,1111340,BANKEX25DEC66200PE,BANKEX,0.0,2025-12-24,66200.0,0.05,30,PE,BFO-OPT,BFO
860,290210821,1133636,BANKEX25DEC72900PE,BANKEX,0.0,2025-12-24,72900.0,0.05,30,PE,BFO-OPT,BFO
861,290255877,1133812,BANKEX25DEC72900CE,BANKEX,0.0,2025-12-24,72900.0,0.05,30,CE,BFO-OPT,BFO
862,290214917,1133652,BANKEX25DEC72800CE,BANKEX,0.0,2025-12-24,72800.0,0.05,30,CE,BFO-OPT,BFO
863,290241285,1133755,BANKEX25DEC72800PE,BANKEX,0.0,2025-12-24,72800.0,0.05,30,PE,BFO-OPT,BFO
864,290246917,1133777,BANKEX25DEC72700CE,BANKEX,0.0,2025-12-24,72700.0,0.05,30,CE,BFO-OPT,BFO
865,290273541,1133881,BANKEX25DEC72700PE,BANKEX,0.0,2025-12-24,72700.0,0.05,30,PE,BFO-OPT,BFO
866,290114565,1133260,BANKEX25DEC72600CE,BANKEX,0.0,2025-12-24,72600.0,0.05,30,CE,BFO-OPT,BFO
867,290137093,1133348,BANKEX25DEC72600PE,BANKEX,0.0,2025-12-24,72600.0,0.05,30,PE,BFO-OPT,BFO
868,290140677,1133362,BANKEX25DEC72500CE,BANKEX,0.0,2025-12-24,72500.0,0.05,30,CE,BFO-OPT,BFO
869,290157061,1133426,BANKEX25DEC72500PE,BANKEX,0.0,2025-12-24,72500.0,0.05,30,PE,BFO-OPT,BFO
870,290107141,1133231,BANKEX25DEC72400CE,BANKEX,0.0,2025-12-24,72400.0,0.05,30,CE,BFO-OPT,BFO
871,290129157,1133317,BANKEX25DEC72400PE,BANKEX,0.0,2025-12-24,72400.0,0.05,30,PE,BFO-OPT,BFO
872,290134277,1133337,BANKEX25DEC72300CE,BANKEX,0.0,2025-12-24,72300.0,0.05,30,CE,BFO-OPT,BFO
873,290153221,1133411,BANKEX25DEC72300PE,BANKEX,0.0,2025-12-24,72300.0,0.05,30,PE,BFO-OPT,BFO
874,289934597,1132557,BANKEX25DEC72200PE,BANKEX,0.0,2025-12-24,72200.0,0.05,30,PE,BFO-OPT,BFO
875,290003973,1132828,BANKEX25DEC72200CE,BANKEX,0.0,2025-12-24,72200.0,0.05,30,CE,BFO-OPT,BFO
876,289940997,1132582,BANKEX25DEC72100CE,BANKEX,0.0,2025-12-24,72100.0,0.05,30,CE,BFO-OPT,BFO
877,289981957,1132742,BANKEX25DEC72100PE,BANKEX,0.0,2025-12-24,72100.0,0.05,30,PE,BFO-OPT,BFO
878,289989381,1132771,BANKEX25DEC72000CE,BANKEX,0.0,2025-12-24,72000.0,0.05,30,CE,BFO-OPT,BFO
879,290036997,1132957,BANKEX25DEC72000PE,BANKEX,0.0,2025-12-24,72000.0,0.05,30,PE,BFO-OPT,BFO
880,289918981,1132496,BANKEX25DEC71900PE,BANKEX,0.0,2025-12-24,71900.0,0.05,30,PE,BFO-OPT,BFO
881,290077445,1133115,BANKEX25DEC71900CE,BANKEX,0.0,2025-12-24,71900.0,0.05,30,CE,BFO-OPT,BFO
882,290012933,1132863,BANKEX25DEC71800CE,BANKEX,0.0,2025-12-24,71800.0,0.05,30,CE,BFO-OPT,BFO
883,290055941,1133031,BANKEX25DEC71800PE,BANKEX,0.0,2025-12-24,71800.0,0.05,30,PE,BFO-OPT,BFO
884,289904901,1132441,BANKEX25DEC71700PE,BANKEX,0.0,2025-12-24,71700.0,0.05,30,PE,BFO-OPT,BFO
885,290063109,1133059,BANKEX25DEC71700CE,BANKEX,0.0,2025-12-24,71700.0,0.05,30,CE,BFO-OPT,BFO
886,289912325,1132470,BANKEX25DEC71600CE,BANKEX,0.0,2025-12-24,71600.0,0.05,30,CE,BFO-OPT,BFO
887,290044677,1132987,BANKEX25DEC71600PE,BANKEX,0.0,2025-12-24,71600.0,0.05,30,PE,BFO-OPT,BFO
888,290050821,1133011,BANKEX25DEC71500CE,BANKEX,0.0,2025-12-24,71500.0,0.05,30,CE,BFO-OPT,BFO
889,290092293,1133173,BANKEX25DEC71500PE,BANKEX,0.0,2025-12-24,71500.0,0.05,30,PE,BFO-OPT,BFO
890,289469445,1130740,BANKEX25DEC71400PE,BANKEX,0.0,2025-12-24,71400.0,0.05,30,PE,BFO-OPT,BFO
891,289492485,1130830,BANKEX25DEC71400CE,BANKEX,0.0,2025-12-24,71400.0,0.05,30,CE,BFO-OPT,BFO
892,289471749,1130749,BANKEX25DEC71300CE,BANKEX,0.0,2025-12-24,71300.0,0.05,30,CE,BFO-OPT,BFO
893,289487621,1130811,BANKEX25DEC71300PE,BANKEX,0.0,2025-12-24,71300.0,0.05,30,PE,BFO-OPT,BFO
894,289437445,1130615,BANKEX25DEC71200PE,BANKEX,0.0,2025-12-24,71200.0,0.05,30,PE,BFO-OPT,BFO
895,289489157,1130817,BANKEX25DEC71200CE,BANKEX,0.0,2025-12-24,71200.0,0.05,30,CE,BFO-OPT,BFO
896,289468421,1130736,BANKEX25DEC71100CE,BANKEX,0.0,2025-12-24,71100.0,0.05,30,CE,BFO-OPT,BFO
897,289481477,1130787,BANKEX25DEC71100PE,BANKEX,0.0,2025-12-24,71100.0,0.05,30,PE,BFO-OPT,BFO
898,289431557,1130592,BANKEX25DEC71000PE,BANKEX,0.0,2025-12-24,71000.0,0.05,30,PE,BFO-OPT,BFO
899,289484549,1130799,BANKEX25DEC71000CE,BANKEX,0.0,2025-12-24,71000.0,0.05,30,CE,BFO-OPT,BFO
900,289148933,1129488,BANKEX25DEC70900CE,BANKEX,0.0,2025-12-24,70900.0,0.05,30,CE,BFO-OPT,BFO
901,289173253,1129583,BANKEX25DEC70900PE,BANKEX,0.0,2025-12-24,70900.0,0.05,30,PE,BFO-OPT,BFO
902,289138949,1129449,BANKEX25DEC70800PE,BANKEX,0.0,2025-12-24,70800.0,0.05,30,PE,BFO-OPT,BFO
903,289178117,1129602,BANKEX25DEC70800CE,BANKEX,0.0,2025-12-24,70800.0,0.05,30,CE,BFO-OPT,BFO
904,289142789,1129464,BANKEX25DEC70700CE,BANKEX,0.0,2025-12-24,70700.0,0.05,30,CE,BFO-OPT,BFO
905,289166853,1129558,BANKEX25DEC70700PE,BANKEX,0.0,2025-12-24,70700.0,0.05,30,PE,BFO-OPT,BFO
906,289169413,1129568,BANKEX25DEC70600CE,BANKEX,0.0,2025-12-24,70600.0,0.05,30,CE,BFO-OPT,BFO
907,289195013,1129668,BANKEX25DEC70600PE,BANKEX,0.0,2025-12-24,70600.0,0.05,30,PE,BFO-OPT,BFO
908,289134597,1129432,BANKEX25DEC70500CE,BANKEX,0.0,2025-12-24,70500.0,0.05,30,CE,BFO-OPT,BFO
909,289160197,1129532,BANKEX25DEC70500PE,BANKEX,0.0,2025-12-24,70500.0,0.05,30,PE,BFO-OPT,BFO
910,289163269,1129544,BANKEX25DEC70400CE,BANKEX,0.0,2025-12-24,70400.0,0.05,30,CE,BFO-OPT,BFO
911,289187845,1129640,BANKEX25DEC70400PE,BANKEX,0.0,2025-12-24,70400.0,0.05,30,PE,BFO-OPT,BFO
912,289124869,1129394,BANKEX25DEC70300CE,BANKEX,0.0,2025-12-24,70300.0,0.05,30,CE,BFO-OPT,BFO
913,289152005,1129500,BANKEX25DEC70300PE,BANKEX,0.0,2025-12-24,70300.0,0.05,30,PE,BFO-OPT,BFO
914,289024517,1129002,BANKEX25DEC70200CE,BANKEX,0.0,2025-12-24,70200.0,0.05,30,CE,BFO-OPT,BFO
915,289050117,1129102,BANKEX25DEC70200PE,BANKEX,0.0,2025-12-24,70200.0,0.05,30,PE,BFO-OPT,BFO
916,289011973,1128953,BANKEX25DEC70100PE,BANKEX,0.0,2025-12-24,70100.0,0.05,30,PE,BFO-OPT,BFO
917,289053445,1129115,BANKEX25DEC70100CE,BANKEX,0.0,2025-12-24,70100.0,0.05,30,CE,BFO-OPT,BFO
918,289018117,1128977,BANKEX25DEC70000CE,BANKEX,0.0,2025-12-24,70000.0,0.05,30,CE,BFO-OPT,BFO
919,289042181,1129071,BANKEX25DEC70000PE,BANKEX,0.0,2025-12-24,70000.0,0.05,30,PE,BFO-OPT,BFO
920,288778501,1128041,BANKEX25DEC69900CE,BANKEX,0.0,2025-12-24,69900.0,0.05,30,CE,BFO-OPT,BFO
921,288866309,1128384,BANKEX25DEC69900PE,BANKEX,0.0,2025-12-24,69900.0,0.05,30,PE,BFO-OPT,BFO
922,288741637,1127897,BANKEX25DEC69800PE,BANKEX,0.0,2025-12-24,69800.0,0.05,30,PE,BFO-OPT,BFO
923,288881157,1128442,BANKEX25DEC69800CE,BANKEX,0.0,2025-12-24,69800.0,0.05,30,CE,BFO-OPT,BFO
924,288754693,1127948,BANKEX25DEC69700CE,BANKEX,0.0,2025-12-24,69700.0,0.05,30,CE,BFO-OPT,BFO
925,288840709,1128284,BANKEX25DEC69700PE,BANKEX,0.0,2025-12-24,69700.0,0.05,30,PE,BFO-OPT,BFO
926,288854277,1128337,BANKEX25DEC69600CE,BANKEX,0.0,2025-12-24,69600.0,0.05,30,CE,BFO-OPT,BFO
927,288930053,1128633,BANKEX25DEC69600PE,BANKEX,0.0,2025-12-24,69600.0,0.05,30,PE,BFO-OPT,BFO
928,283240197,1106407,BANKEX25DEC69500CE,BANKEX,0.0,2025-12-24,69500.0,0.05,30,CE,BFO-OPT,BFO
929,284596741,1111706,BANKEX25DEC69500PE,BANKEX,0.0,2025-12-24,69500.0,0.05,30,PE,BFO-OPT,BFO
930,284677637,1112022,BANKEX25DEC69400CE,BANKEX,0.0,2025-12-24,69400.0,0.05,30,CE,BFO-OPT,BFO
931,285359621,1114686,BANKEX25DEC69400PE,BANKEX,0.0,2025-12-24,69400.0,0.05,30,PE,BFO-OPT,BFO
932,284433157,1111067,BANKEX25DEC69300PE,BANKEX,0.0,2025-12-24,69300.0,0.05,30,PE,BFO-OPT,BFO
933,285446661,1115026,BANKEX25DEC69300CE,BANKEX,0.0,2025-12-24,69300.0,0.05,30,CE,BFO-OPT,BFO
934,284523013,1111418,BANKEX25DEC69200CE,BANKEX,0.0,2025-12-24,69200.0,0.05,30,CE,BFO-OPT,BFO
935,285188357,1114017,BANKEX25DEC69200PE,BANKEX,0.0,2025-12-24,69200.0,0.05,30,PE,BFO-OPT,BFO
936,282014725,1101620,BANKEX25DEC69100PE,BANKEX,0.0,2025-12-24,69100.0,0.05,30,PE,BFO-OPT,BFO
937,285287429,1114404,BANKEX25DEC69100CE,BANKEX,0.0,2025-12-24,69100.0,0.05,30,CE,BFO-OPT,BFO
938,284350725,1110745,BANKEX25DEC69000CE,BANKEX,0.0,2025-12-24,69000.0,0.05,30,CE,BFO-OPT,BFO
939,284968965,1113160,BANKEX25DEC69000PE,BANKEX,0.0,2025-12-24,69000.0,0.05,30,PE,BFO-OPT,BFO
940,282351621,1102936,BANKEX25DEC68900PE,BANKEX,0.0,2025-12-24,68900.0,0.05,30,PE,BFO-OPT,BFO
941,285550085,1115430,BANKEX25DEC68900CE,BANKEX,0.0,2025-12-24,68900.0,0.05,30,CE,BFO-OPT,BFO
942,282461445,1103365,BANKEX25DEC68800CE,BANKEX,0.0,2025-12-24,68800.0,0.05,30,CE,BFO-OPT,BFO
943,283216133,1106313,BANKEX25DEC68800PE,BANKEX,0.0,2025-12-24,68800.0,0.05,30,PE,BFO-OPT,BFO
944,282149893,1102148,BANKEX25DEC68700PE,BANKEX,0.0,2025-12-24,68700.0,0.05,30,PE,BFO-OPT,BFO
945,285392133,1114813,BANKEX25DEC68700CE,BANKEX,0.0,2025-12-24,68700.0,0.05,30,CE,BFO-OPT,BFO
946,282261765,1102585,BANKEX25DEC68600CE,BANKEX,0.0,2025-12-24,68600.0,0.05,30,CE,BFO-OPT,BFO
947,283012357,1105517,BANKEX25DEC68600PE,BANKEX,0.0,2025-12-24,68600.0,0.05,30,PE,BFO-OPT,BFO
948,283113477,1105912,BANKEX25DEC68500CE,BANKEX,0.0,2025-12-24,68500.0,0.05,30,CE,BFO-OPT,BFO
949,285756677,1116237,BANKEX25DEC68500PE,BANKEX,0.0,2025-12-24,68500.0,0.05,30,PE,BFO-OPT,BFO
950,282062597,1101807,BANKEX25DEC68400CE,BANKEX,0.0,2025-12-24,68400.0,0.05,30,CE,BFO-OPT,BFO
951,282836741,1104831,BANKEX25DEC68400PE,BANKEX,0.0,2025-12-24,68400.0,0.05,30,PE,BFO-OPT,BFO
952,282937605,1105225,BANKEX25DEC68300CE,BANKEX,0.0,2025-12-24,68300.0,0.05,30,CE,BFO-OPT,BFO
953,284062213,1109618,BANKEX25DEC68300PE,BANKEX,0.0,2025-12-24,68300.0,0.05,30,PE,BFO-OPT,BFO
954,282542853,1103683,BANKEX25DEC68200PE,BANKEX,0.0,2025-12-24,68200.0,0.05,30,PE,BFO-OPT,BFO
955,285688069,1115969,BANKEX25DEC68200CE,BANKEX,0.0,2025-12-24,68200.0,0.05,30,CE,BFO-OPT,BFO
956,282729989,1104414,BANKEX25DEC68100CE,BANKEX,0.0,2025-12-24,68100.0,0.05,30,CE,BFO-OPT,BFO
957,283439621,1107186,BANKEX25DEC68100PE,BANKEX,0.0,2025-12-24,68100.0,0.05,30,PE,BFO-OPT,BFO
958,282330885,1102855,BANKEX25DEC68000PE,BANKEX,0.0,2025-12-24,68000.0,0.05,30,PE,BFO-OPT,BFO
959,283562245,1107665,BANKEX25DEC68000CE,BANKEX,0.0,2025-12-24,68000.0,0.05,30,CE,BFO-OPT,BFO
960,283051781,1105671,BANKEX25DEC67900CE,BANKEX,0.0,2025-12-24,67900.0,0.05,30,CE,BFO-OPT,BFO
961,284449029,1111129,BANKEX25DEC67900PE,BANKEX,0.0,2025-12-24,67900.0,0.05,30,PE,BFO-OPT,BFO
962,284541189,1111489,BANKEX25DEC67800CE,BANKEX,0.0,2025-12-24,67800.0,0.05,30,CE,BFO-OPT,BFO
963,285210373,1114103,BANKEX25DEC67800PE,BANKEX,0.0,2025-12-24,67800.0,0.05,30,PE,BFO-OPT,BFO
964,283598853,1107808,BANKEX25DEC67700PE,BANKEX,0.0,2025-12-24,67700.0,0.05,30,PE,BFO-OPT,BFO
965,285307909,1114484,BANKEX25DEC67700CE,BANKEX,0.0,2025-12-24,67700.0,0.05,30,CE,BFO-OPT,BFO
966,284368901,1110816,BANKEX25DEC67600CE,BANKEX,0.0,2025-12-24,67600.0,0.05,30,CE,BFO-OPT,BFO
967,284992517,1113252,BANKEX25DEC67600PE,BANKEX,0.0,2025-12-24,67600.0,0.05,30,PE,BFO-OPT,BFO
968,285113093,1113723,BANKEX25DEC67500CE,BANKEX,0.0,2025-12-24,67500.0,0.05,30,CE,BFO-OPT,BFO
969,285670405,1115900,BANKEX25DEC67500PE,BANKEX,0.0,2025-12-24,67500.0,0.05,30,PE,BFO-OPT,BFO
970,283489797,1107382,BANKEX25DEC67400CE,BANKEX,0.0,2025-12-24,67400.0,0.05,30,CE,BFO-OPT,BFO
971,284777733,1112413,BANKEX25DEC67400PE,BANKEX,0.0,2025-12-24,67400.0,0.05,30,PE,BFO-OPT,BFO
972,284879109,1112809,BANKEX25DEC67300CE,BANKEX,0.0,2025-12-24,67300.0,0.05,30,CE,BFO-OPT,BFO
973,285512709,1115284,BANKEX25DEC67300PE,BANKEX,0.0,2025-12-24,67300.0,0.05,30,PE,BFO-OPT,BFO
974,284596485,1111705,BANKEX25DEC67200PE,BANKEX,0.0,2025-12-24,67200.0,0.05,30,PE,BFO-OPT,BFO
975,285600517,1115627,BANKEX25DEC67200CE,BANKEX,0.0,2025-12-24,67200.0,0.05,30,CE,BFO-OPT,BFO
976,284675589,1112014,BANKEX25DEC67100CE,BANKEX,0.0,2025-12-24,67100.0,0.05,30,CE,BFO-OPT,BFO
977,285359365,1114685,BANKEX25DEC67100PE,BANKEX,0.0,2025-12-24,67100.0,0.05,30,PE,BFO-OPT,BFO
978,282214917,1102402,BANKEX25DEC67000PE,BANKEX,0.0,2025-12-24,67000.0,0.05,30,PE,BFO-OPT,BFO
979,285445637,1115022,BANKEX25DEC67000CE,BANKEX,0.0,2025-12-24,67000.0,0.05,30,CE,BFO-OPT,BFO
980,282951173,1105278,BANKEX25DEC66900CE,BANKEX,0.0,2025-12-24,66900.0,0.05,30,CE,BFO-OPT,BFO
981,285621509,1115709,BANKEX25DEC66900PE,BANKEX,0.0,2025-12-24,66900.0,0.05,30,PE,BFO-OPT,BFO
982,282582789,1103839,BANKEX25DEC66800PE,BANKEX,0.0,2025-12-24,66800.0,0.05,30,PE,BFO-OPT,BFO
983,285703941,1116031,BANKEX25DEC66800CE,BANKEX,0.0,2025-12-24,66800.0,0.05,30,CE,BFO-OPT,BFO
984,282749189,1104489,BANKEX25DEC66700CE,BANKEX,0.0,2025-12-24,66700.0,0.05,30,CE,BFO-OPT,BFO
985,283468037,1107297,BANKEX25DEC66700PE,BANKEX,0.0,2025-12-24,66700.0,0.05,30,PE,BFO-OPT,BFO
986,282348293,1102923,BANKEX25DEC66600PE,BANKEX,0.0,2025-12-24,66600.0,0.05,30,PE,BFO-OPT,BFO
987,285546757,1115417,BANKEX25DEC66600CE,BANKEX,0.0,2025-12-24,66600.0,0.05,30,CE,BFO-OPT,BFO
988,282457349,1103349,BANKEX25DEC66500CE,BANKEX,0.0,2025-12-24,66500.0,0.05,30,CE,BFO-OPT,BFO
989,283213061,1106301,BANKEX25DEC66500PE,BANKEX,0.0,2025-12-24,66500.0,0.05,30,PE,BFO-OPT,BFO
990,282149381,1102146,BANKEX25DEC66400PE,BANKEX,0.0,2025-12-24,66400.0,0.05,30,PE,BFO-OPT,BFO
991,283348229,1106829,BANKEX25DEC66400CE,BANKEX,0.0,2025-12-24,66400.0,0.05,30,CE,BFO-OPT,BFO
992,282260229,1102579,BANKEX25DEC66300CE,BANKEX,0.0,2025-12-24,66300.0,0.05,30,CE,BFO-OPT,BFO
993,283011333,1105513,BANKEX25DEC66300PE,BANKEX,0.0,2025-12-24,66300.0,0.05,30,PE,BFO-OPT,BFO
994,283112965,1105910,BANKEX25DEC66200CE,BANKEX,0.0,2025-12-24,66200.0,0.05,30,CE,BFO-OPT,BFO
995,282950405,1105275,BANKEX25DEC64600CE,BANKEX,0.0,2025-12-24,64600.0,0.05,30,CE,BFO-OPT,BFO
996,284348421,1110736,BANKEX25DEC64600PE,BANKEX,0.0,2025-12-24,64600.0,0.05,30,PE,BFO-OPT,BFO
997,282580997,1103832,BANKEX25DEC64500PE,BANKEX,0.0,2025-12-24,64500.0,0.05,30,PE,BFO-OPT,BFO
998,285702661,1116026,BANKEX25DEC64500CE,BANKEX,0.0,2025-12-24,64500.0,0.05,30,CE,BFO-OPT,BFO
999,282747397,1104482,BANKEX25DEC64400CE,BANKEX,0.0,2025-12-24,64400.0,0.05,30,CE,BFO-OPT,BFO
1000,283463173,1107278,BANKEX25DEC64400PE,BANKEX,0.0,2025-12-24,64400.0,0.05,30,PE,BFO-OPT,BFO
1001,282345989,1102914,BANKEX25DEC64300PE,BANKEX,0.0,2025-12-24,64300.0,0.05,30,PE,BFO-OPT,BFO
1002,283581701,1107741,BANKEX25DEC64300CE,BANKEX,0.0,2025-12-24,64300.0,0.05,30,CE,BFO-OPT,BFO
1003,282455045,1103340,BANKEX25DEC64200CE,BANKEX,0.0,2025-12-24,64200.0,0.05,30,CE,BFO-OPT,BFO
1004,283209477,1106287,BANKEX25DEC64200PE,BANKEX,0.0,2025-12-24,64200.0,0.05,30,PE,BFO-OPT,BFO
1005,283347205,1106825,BANKEX25DEC64100CE,BANKEX,0.0,2025-12-24,64100.0,0.05,30,CE,BFO-OPT,BFO
1006,284655109,1111934,BANKEX25DEC64100PE,BANKEX,0.0,2025-12-24,64100.0,0.05,30,PE,BFO-OPT,BFO
1007,282259205,1102575,BANKEX25DEC64000CE,BANKEX,0.0,2025-12-24,64000.0,0.05,30,CE,BFO-OPT,BFO
1008,283010309,1105509,BANKEX25DEC64000PE,BANKEX,0.0,2025-12-24,64000.0,0.05,30,PE,BFO-OPT,BFO
1009,284387845,1110890,BANKEX25DEC63900CE,BANKEX,0.0,2025-12-24,63900.0,0.05,30,CE,BFO-OPT,BFO
1010,285011717,1113327,BANKEX25DEC63900PE,BANKEX,0.0,2025-12-24,63900.0,0.05,30,PE,BFO-OPT,BFO
1011,285128453,1113783,BANKEX25DEC63800CE,BANKEX,0.0,2025-12-24,63800.0,0.05,30,CE,BFO-OPT,BFO
1012,285687045,1115965,BANKEX25DEC63800PE,BANKEX,0.0,2025-12-24,63800.0,0.05,30,PE,BFO-OPT,BFO
1013,283513093,1107473,BANKEX25DEC63700CE,BANKEX,0.0,2025-12-24,63700.0,0.05,30,CE,BFO-OPT,BFO
1014,284794629,1112479,BANKEX25DEC63700PE,BANKEX,0.0,2025-12-24,63700.0,0.05,30,PE,BFO-OPT,BFO
1015,284899333,1112888,BANKEX25DEC63600CE,BANKEX,0.0,2025-12-24,63600.0,0.05,30,CE,BFO-OPT,BFO
1016,285531397,1115357,BANKEX25DEC63600PE,BANKEX,0.0,2025-12-24,63600.0,0.05,30,PE,BFO-OPT,BFO
1017,284605445,1111740,BANKEX25DEC63500PE,BANKEX,0.0,2025-12-24,63500.0,0.05,30,PE,BFO-OPT,BFO
1018,285614597,1115682,BANKEX25DEC63500CE,BANKEX,0.0,2025-12-24,63500.0,0.05,30,CE,BFO-OPT,BFO
1019,284697093,1112098,BANKEX25DEC63400CE,BANKEX,0.0,2025-12-24,63400.0,0.05,30,CE,BFO-OPT,BFO
1020,285375493,1114748,BANKEX25DEC63400PE,BANKEX,0.0,2025-12-24,63400.0,0.05,30,PE,BFO-OPT,BFO
1021,282236421,1102486,BANKEX25DEC63300PE,BANKEX,0.0,2025-12-24,63300.0,0.05,30,PE,BFO-OPT,BFO
1022,285458693,1115073,BANKEX25DEC63300CE,BANKEX,0.0,2025-12-24,63300.0,0.05,30,CE,BFO-OPT,BFO
1023,284539141,1111481,BANKEX25DEC63200CE,BANKEX,0.0,2025-12-24,63200.0,0.05,30,CE,BFO-OPT,BFO
1024,285205765,1114085,BANKEX25DEC63200PE,BANKEX,0.0,2025-12-24,63200.0,0.05,30,PE,BFO-OPT,BFO
1025,282033669,1101694,BANKEX25DEC63100PE,BANKEX,0.0,2025-12-24,63100.0,0.05,30,PE,BFO-OPT,BFO
1026,285305349,1114474,BANKEX25DEC63100CE,BANKEX,0.0,2025-12-24,63100.0,0.05,30,CE,BFO-OPT,BFO
1027,284367365,1110810,BANKEX25DEC63000CE,BANKEX,0.0,2025-12-24,63000.0,0.05,30,CE,BFO-OPT,BFO
1028,284989701,1113241,BANKEX25DEC63000PE,BANKEX,0.0,2025-12-24,63000.0,0.05,30,PE,BFO-OPT,BFO
1029,282370821,1103011,BANKEX25DEC62900PE,BANKEX,0.0,2025-12-24,62900.0,0.05,30,PE,BFO-OPT,BFO
1030,285564677,1115487,BANKEX25DEC62900CE,BANKEX,0.0,2025-12-24,62900.0,0.05,30,CE,BFO-OPT,BFO
1031,282479621,1103436,BANKEX25DEC62800CE,BANKEX,0.0,2025-12-24,62800.0,0.05,30,CE,BFO-OPT,BFO
1032,283234565,1106385,BANKEX25DEC62800PE,BANKEX,0.0,2025-12-24,62800.0,0.05,30,PE,BFO-OPT,BFO
1033,282165765,1102210,BANKEX25DEC62700PE,BANKEX,0.0,2025-12-24,62700.0,0.05,30,PE,BFO-OPT,BFO
1034,283372037,1106922,BANKEX25DEC62700CE,BANKEX,0.0,2025-12-24,62700.0,0.05,30,CE,BFO-OPT,BFO
1035,282277637,1102647,BANKEX25DEC62600CE,BANKEX,0.0,2025-12-24,62600.0,0.05,30,CE,BFO-OPT,BFO
1036,283027461,1105576,BANKEX25DEC62600PE,BANKEX,0.0,2025-12-24,62600.0,0.05,30,PE,BFO-OPT,BFO
1037,283127813,1105968,BANKEX25DEC62500CE,BANKEX,0.0,2025-12-24,62500.0,0.05,30,CE,BFO-OPT,BFO
1038,284521221,1111411,BANKEX25DEC62500PE,BANKEX,0.0,2025-12-24,62500.0,0.05,30,PE,BFO-OPT,BFO
1039,282077445,1101865,BANKEX25DEC62400CE,BANKEX,0.0,2025-12-24,62400.0,0.05,30,CE,BFO-OPT,BFO
1040,282855429,1104904,BANKEX25DEC62400PE,BANKEX,0.0,2025-12-24,62400.0,0.05,30,PE,BFO-OPT,BFO
1041,282950149,1105274,BANKEX25DEC62300CE,BANKEX,0.0,2025-12-24,62300.0,0.05,30,CE,BFO-OPT,BFO
1042,284347141,1110731,BANKEX25DEC62300PE,BANKEX,0.0,2025-12-24,62300.0,0.05,30,PE,BFO-OPT,BFO
1043,282576133,1103813,BANKEX25DEC62200PE,BANKEX,0.0,2025-12-24,62200.0,0.05,30,PE,BFO-OPT,BFO
1044,284439045,1111090,BANKEX25DEC62200CE,BANKEX,0.0,2025-12-24,62200.0,0.05,30,CE,BFO-OPT,BFO
1045,282745861,1104476,BANKEX25DEC62100CE,BANKEX,0.0,2025-12-24,62100.0,0.05,30,CE,BFO-OPT,BFO
1046,283460357,1107267,BANKEX25DEC62100PE,BANKEX,0.0,2025-12-24,62100.0,0.05,30,PE,BFO-OPT,BFO
1047,282344197,1102907,BANKEX25DEC62000PE,BANKEX,0.0,2025-12-24,62000.0,0.05,30,PE,BFO-OPT,BFO
1048,283580165,1107735,BANKEX25DEC62000CE,BANKEX,0.0,2025-12-24,62000.0,0.05,30,CE,BFO-OPT,BFO
1049,284459781,1111171,BANKEX25DEC61900PE,BANKEX,0.0,2025-12-24,61900.0,0.05,30,PE,BFO-OPT,BFO
1050,285475077,1115137,BANKEX25DEC61900CE,BANKEX,0.0,2025-12-24,61900.0,0.05,30,CE,BFO-OPT,BFO
1051,284553221,1111536,BANKEX25DEC61800CE,BANKEX,0.0,2025-12-24,61800.0,0.05,30,CE,BFO-OPT,BFO
1052,285229573,1114178,BANKEX25DEC61800PE,BANKEX,0.0,2025-12-24,61800.0,0.05,30,PE,BFO-OPT,BFO
1053,282055941,1101781,BANKEX25DEC61700PE,BANKEX,0.0,2025-12-24,61700.0,0.05,30,PE,BFO-OPT,BFO
1054,285321221,1114536,BANKEX25DEC61700CE,BANKEX,0.0,2025-12-24,61700.0,0.05,30,CE,BFO-OPT,BFO
1055,284385541,1110881,BANKEX25DEC61600CE,BANKEX,0.0,2025-12-24,61600.0,0.05,30,CE,BFO-OPT,BFO
1056,285009669,1113319,BANKEX25DEC61600PE,BANKEX,0.0,2025-12-24,61600.0,0.05,30,PE,BFO-OPT,BFO
1057,285127173,1113778,BANKEX25DEC61500CE,BANKEX,0.0,2025-12-24,61500.0,0.05,30,CE,BFO-OPT,BFO
1058,285684997,1115957,BANKEX25DEC61500PE,BANKEX,0.0,2025-12-24,61500.0,0.05,30,PE,BFO-OPT,BFO
1059,284791813,1112468,BANKEX25DEC61400PE,BANKEX,0.0,2025-12-24,61400.0,0.05,30,PE,BFO-OPT,BFO
1060,285765637,1116272,BANKEX25DEC61400CE,BANKEX,0.0,2025-12-24,61400.0,0.05,30,CE,BFO-OPT,BFO
1061,284897541,1112881,BANKEX25DEC61300CE,BANKEX,0.0,2025-12-24,61300.0,0.05,30,CE,BFO-OPT,BFO
1062,285529093,1115348,BANKEX25DEC61300PE,BANKEX,0.0,2025-12-24,61300.0,0.05,30,PE,BFO-OPT,BFO
1063,282428677,1103237,BANKEX25DEC61200PE,BANKEX,0.0,2025-12-24,61200.0,0.05,30,PE,BFO-OPT,BFO
1064,285613573,1115678,BANKEX25DEC61200CE,BANKEX,0.0,2025-12-24,61200.0,0.05,30,CE,BFO-OPT,BFO
1065,284694789,1112089,BANKEX25DEC61100CE,BANKEX,0.0,2025-12-24,61100.0,0.05,30,CE,BFO-OPT,BFO
1066,285374725,1114745,BANKEX25DEC61100PE,BANKEX,0.0,2025-12-24,61100.0,0.05,30,PE,BFO-OPT,BFO
1067,282234373,1102478,BANKEX25DEC61000PE,BANKEX,0.0,2025-12-24,61000.0,0.05,30,PE,BFO-OPT,BFO
1068,285456901,1115066,BANKEX25DEC61000CE,BANKEX,0.0,2025-12-24,61000.0,0.05,30,CE,BFO-OPT,BFO
1069,282964997,1105332,BANKEX25DEC60900CE,BANKEX,0.0,2025-12-24,60900.0,0.05,30,CE,BFO-OPT,BFO
1070,284366853,1110808,BANKEX25DEC60900PE,BANKEX,0.0,2025-12-24,60900.0,0.05,30,PE,BFO-OPT,BFO
1071,282617605,1103975,BANKEX25DEC60800PE,BANKEX,0.0,2025-12-24,60800.0,0.05,30,PE,BFO-OPT,BFO
1072,285716997,1116082,BANKEX25DEC60800CE,BANKEX,0.0,2025-12-24,60800.0,0.05,30,CE,BFO-OPT,BFO
1073,282765573,1104553,BANKEX25DEC60700CE,BANKEX,0.0,2025-12-24,60700.0,0.05,30,CE,BFO-OPT,BFO
1074,283485189,1107364,BANKEX25DEC60700PE,BANKEX,0.0,2025-12-24,60700.0,0.05,30,PE,BFO-OPT,BFO
1075,282367493,1102998,BANKEX25DEC60600PE,BANKEX,0.0,2025-12-24,60600.0,0.05,30,PE,BFO-OPT,BFO
1076,283604229,1107829,BANKEX25DEC60600CE,BANKEX,0.0,2025-12-24,60600.0,0.05,30,CE,BFO-OPT,BFO
1077,282478085,1103430,BANKEX25DEC60500CE,BANKEX,0.0,2025-12-24,60500.0,0.05,30,CE,BFO-OPT,BFO
1078,283233797,1106382,BANKEX25DEC60500PE,BANKEX,0.0,2025-12-24,60500.0,0.05,30,PE,BFO-OPT,BFO
1079,283368709,1106909,BANKEX25DEC60400CE,BANKEX,0.0,2025-12-24,60400.0,0.05,30,CE,BFO-OPT,BFO
1080,284672261,1112001,BANKEX25DEC60400PE,BANKEX,0.0,2025-12-24,60400.0,0.05,30,PE,BFO-OPT,BFO
1081,282275845,1102640,BANKEX25DEC60300CE,BANKEX,0.0,2025-12-24,60300.0,0.05,30,CE,BFO-OPT,BFO
1082,283025925,1105570,BANKEX25DEC60300PE,BANKEX,0.0,2025-12-24,60300.0,0.05,30,PE,BFO-OPT,BFO
1083,283126277,1105962,BANKEX25DEC60200CE,BANKEX,0.0,2025-12-24,60200.0,0.05,30,CE,BFO-OPT,BFO
1084,284516869,1111394,BANKEX25DEC60200PE,BANKEX,0.0,2025-12-24,60200.0,0.05,30,PE,BFO-OPT,BFO
1085,282075653,1101858,BANKEX25DEC60100CE,BANKEX,0.0,2025-12-24,60100.0,0.05,30,CE,BFO-OPT,BFO
1086,282854405,1104900,BANKEX25DEC60100PE,BANKEX,0.0,2025-12-24,60100.0,0.05,30,PE,BFO-OPT,BFO
1087,282949125,1105270,BANKEX25DEC60000CE,BANKEX,0.0,2025-12-24,60000.0,0.05,30,CE,BFO-OPT,BFO
1088,284346629,1110729,BANKEX25DEC60000PE,BANKEX,0.0,2025-12-24,60000.0,0.05,30,PE,BFO-OPT,BFO
1089,284345349,1110724,BANKEX25DEC59900CE,BANKEX,0.0,2025-12-24,59900.0,0.05,30,CE,BFO-OPT,BFO
1090,284957445,1113115,BANKEX25DEC59900PE,BANKEX,0.0,2025-12-24,59900.0,0.05,30,PE,BFO-OPT,BFO
1091,283327493,1106748,BANKEX25DEC59800PE,BANKEX,0.0,2025-12-24,59800.0,0.05,30,PE,BFO-OPT,BFO
1092,285074949,1113574,BANKEX25DEC59800CE,BANKEX,0.0,2025-12-24,59800.0,0.05,30,CE,BFO-OPT,BFO
1093,283456005,1107250,BANKEX25DEC59700CE,BANKEX,0.0,2025-12-24,59700.0,0.05,30,CE,BFO-OPT,BFO
1094,284744453,1112283,BANKEX25DEC59700PE,BANKEX,0.0,2025-12-24,59700.0,0.05,30,PE,BFO-OPT,BFO
1095,283092997,1105832,BANKEX25DEC59600PE,BANKEX,0.0,2025-12-24,59600.0,0.05,30,PE,BFO-OPT,BFO
1096,284850437,1112697,BANKEX25DEC59600CE,BANKEX,0.0,2025-12-24,59600.0,0.05,30,CE,BFO-OPT,BFO
1097,283197701,1106241,BANKEX25DEC59500CE,BANKEX,0.0,2025-12-24,59500.0,0.05,30,CE,BFO-OPT,BFO
1098,284571653,1111608,BANKEX25DEC59500PE,BANKEX,0.0,2025-12-24,59500.0,0.05,30,PE,BFO-OPT,BFO
1099,284652549,1111924,BANKEX25DEC59400CE,BANKEX,0.0,2025-12-24,59400.0,0.05,30,CE,BFO-OPT,BFO
1100,285339653,1114608,BANKEX25DEC59400PE,BANKEX,0.0,2025-12-24,59400.0,0.05,30,PE,BFO-OPT,BFO
1101,283001605,1105475,BANKEX25DEC59300CE,BANKEX,0.0,2025-12-24,59300.0,0.05,30,CE,BFO-OPT,BFO
1102,284406789,1110964,BANKEX25DEC59300PE,BANKEX,0.0,2025-12-24,59300.0,0.05,30,PE,BFO-OPT,BFO
1103,284497413,1111318,BANKEX25DEC59200CE,BANKEX,0.0,2025-12-24,59200.0,0.05,30,CE,BFO-OPT,BFO
1104,285159429,1113904,BANKEX25DEC59200PE,BANKEX,0.0,2025-12-24,59200.0,0.05,30,PE,BFO-OPT,BFO
1105,283538437,1107572,BANKEX25DEC59100PE,BANKEX,0.0,2025-12-24,59100.0,0.05,30,PE,BFO-OPT,BFO
1106,285270277,1114337,BANKEX25DEC59100CE,BANKEX,0.0,2025-12-24,59100.0,0.05,30,CE,BFO-OPT,BFO
1107,283654405,1108025,BANKEX25DEC59000CE,BANKEX,0.0,2025-12-24,59000.0,0.05,30,CE,BFO-OPT,BFO
1108,284927749,1112999,BANKEX25DEC59000PE,BANKEX,0.0,2025-12-24,59000.0,0.05,30,PE,BFO-OPT,BFO
1109,282322181,1102821,BANKEX25DEC58900PE,BANKEX,0.0,2025-12-24,58900.0,0.05,30,PE,BFO-OPT,BFO
1110,285525765,1115335,BANKEX25DEC58900CE,BANKEX,0.0,2025-12-24,58900.0,0.05,30,CE,BFO-OPT,BFO
1111,282424325,1103220,BANKEX25DEC58800CE,BANKEX,0.0,2025-12-24,58800.0,0.05,30,CE,BFO-OPT,BFO
1112,283168261,1106126,BANKEX25DEC58800PE,BANKEX,0.0,2025-12-24,58800.0,0.05,30,PE,BFO-OPT,BFO
1113,282123781,1102046,BANKEX25DEC58700PE,BANKEX,0.0,2025-12-24,58700.0,0.05,30,PE,BFO-OPT,BFO
1114,285370885,1114730,BANKEX25DEC58700CE,BANKEX,0.0,2025-12-24,58700.0,0.05,30,CE,BFO-OPT,BFO
1115,282229765,1102460,BANKEX25DEC58600CE,BANKEX,0.0,2025-12-24,58600.0,0.05,30,CE,BFO-OPT,BFO
1116,282984965,1105410,BANKEX25DEC58600PE,BANKEX,0.0,2025-12-24,58600.0,0.05,30,PE,BFO-OPT,BFO
1117,285199621,1114061,BANKEX25DEC58500CE,BANKEX,0.0,2025-12-24,58500.0,0.05,30,CE,BFO-OPT,BFO
1118,285733637,1116147,BANKEX25DEC58500PE,BANKEX,0.0,2025-12-24,58500.0,0.05,30,PE,BFO-OPT,BFO
1119,282025733,1101663,BANKEX25DEC58400CE,BANKEX,0.0,2025-12-24,58400.0,0.05,30,CE,BFO-OPT,BFO
1120,282796549,1104674,BANKEX25DEC58400PE,BANKEX,0.0,2025-12-24,58400.0,0.05,30,PE,BFO-OPT,BFO
1121,282907141,1105106,BANKEX25DEC58300CE,BANKEX,0.0,2025-12-24,58300.0,0.05,30,CE,BFO-OPT,BFO
1122,285585669,1115569,BANKEX25DEC58300PE,BANKEX,0.0,2025-12-24,58300.0,0.05,30,PE,BFO-OPT,BFO
1123,282505221,1103536,BANKEX25DEC58200PE,BANKEX,0.0,2025-12-24,58200.0,0.05,30,PE,BFO-OPT,BFO
1124,285661701,1115866,BANKEX25DEC58200CE,BANKEX,0.0,2025-12-24,58200.0,0.05,30,CE,BFO-OPT,BFO
1125,282687493,1104248,BANKEX25DEC58100CE,BANKEX,0.0,2025-12-24,58100.0,0.05,30,CE,BFO-OPT,BFO
1126,283407621,1107061,BANKEX25DEC58100PE,BANKEX,0.0,2025-12-24,58100.0,0.05,30,PE,BFO-OPT,BFO
1127,282301445,1102740,BANKEX25DEC58000PE,BANKEX,0.0,2025-12-24,58000.0,0.05,30,PE,BFO-OPT,BFO
1128,285506565,1115260,BANKEX25DEC58000CE,BANKEX,0.0,2025-12-24,58000.0,0.05,30,CE,BFO-OPT,BFO
1129,283022085,1105555,BANKEX25DEC57900CE,BANKEX,0.0,2025-12-24,57900.0,0.05,30,CE,BFO-OPT,BFO
1130,284426757,1111042,BANKEX25DEC57900PE,BANKEX,0.0,2025-12-24,57900.0,0.05,30,PE,BFO-OPT,BFO
1131,284512261,1111376,BANKEX25DEC57800CE,BANKEX,0.0,2025-12-24,57800.0,0.05,30,CE,BFO-OPT,BFO
1132,285181701,1113991,BANKEX25DEC57800PE,BANKEX,0.0,2025-12-24,57800.0,0.05,30,PE,BFO-OPT,BFO
1133,282849541,1104881,BANKEX25DEC57700CE,BANKEX,0.0,2025-12-24,57700.0,0.05,30,CE,BFO-OPT,BFO
1134,283561733,1107663,BANKEX25DEC57700PE,BANKEX,0.0,2025-12-24,57700.0,0.05,30,PE,BFO-OPT,BFO
1135,284344069,1110719,BANKEX25DEC57600CE,BANKEX,0.0,2025-12-24,57600.0,0.05,30,CE,BFO-OPT,BFO
1136,284952837,1113097,BANKEX25DEC57600PE,BANKEX,0.0,2025-12-24,57600.0,0.05,30,PE,BFO-OPT,BFO
1137,283326213,1106743,BANKEX25DEC57500PE,BANKEX,0.0,2025-12-24,57500.0,0.05,30,PE,BFO-OPT,BFO
1138,285069829,1113554,BANKEX25DEC57500CE,BANKEX,0.0,2025-12-24,57500.0,0.05,30,CE,BFO-OPT,BFO
1139,283452933,1107238,BANKEX25DEC57400CE,BANKEX,0.0,2025-12-24,57400.0,0.05,30,CE,BFO-OPT,BFO
1140,284742149,1112274,BANKEX25DEC57400PE,BANKEX,0.0,2025-12-24,57400.0,0.05,30,PE,BFO-OPT,BFO
1141,284846085,1112680,BANKEX25DEC57300CE,BANKEX,0.0,2025-12-24,57300.0,0.05,30,CE,BFO-OPT,BFO
1142,285490437,1115197,BANKEX25DEC57300PE,BANKEX,0.0,2025-12-24,57300.0,0.05,30,PE,BFO-OPT,BFO
1143,283193605,1106225,BANKEX25DEC57200CE,BANKEX,0.0,2025-12-24,57200.0,0.05,30,CE,BFO-OPT,BFO
1144,284571141,1111606,BANKEX25DEC57200PE,BANKEX,0.0,2025-12-24,57200.0,0.05,30,PE,BFO-OPT,BFO
1145,284650501,1111916,BANKEX25DEC57100CE,BANKEX,0.0,2025-12-24,57100.0,0.05,30,CE,BFO-OPT,BFO
1146,285338629,1114604,BANKEX25DEC57100PE,BANKEX,0.0,2025-12-24,57100.0,0.05,30,PE,BFO-OPT,BFO
1147,284403461,1110951,BANKEX25DEC57000PE,BANKEX,0.0,2025-12-24,57000.0,0.05,30,PE,BFO-OPT,BFO
1148,285419013,1114918,BANKEX25DEC57000CE,BANKEX,0.0,2025-12-24,57000.0,0.05,30,CE,BFO-OPT,BFO
1149,285003013,1113293,BANKEX25DEC56900CE,BANKEX,0.0,2025-12-24,56900.0,0.05,30,CE,BFO-OPT,BFO
1150,285600261,1115626,BANKEX25DEC56900PE,BANKEX,0.0,2025-12-24,56900.0,0.05,30,PE,BFO-OPT,BFO
1151,282531589,1103639,BANKEX25DEC56800PE,BANKEX,0.0,2025-12-24,56800.0,0.05,30,PE,BFO-OPT,BFO
1152,285678085,1115930,BANKEX25DEC56800CE,BANKEX,0.0,2025-12-24,56800.0,0.05,30,CE,BFO-OPT,BFO
1153,282712325,1104345,BANKEX25DEC56700CE,BANKEX,0.0,2025-12-24,56700.0,0.05,30,CE,BFO-OPT,BFO
1154,285444357,1115017,BANKEX25DEC56700PE,BANKEX,0.0,2025-12-24,56700.0,0.05,30,PE,BFO-OPT,BFO
1155,282319621,1102811,BANKEX25DEC56600PE,BANKEX,0.0,2025-12-24,56600.0,0.05,30,PE,BFO-OPT,BFO
1156,285524741,1115331,BANKEX25DEC56600CE,BANKEX,0.0,2025-12-24,56600.0,0.05,30,CE,BFO-OPT,BFO
1157,282422021,1103211,BANKEX25DEC56500CE,BANKEX,0.0,2025-12-24,56500.0,0.05,30,CE,BFO-OPT,BFO
1158,283166981,1106121,BANKEX25DEC56500PE,BANKEX,0.0,2025-12-24,56500.0,0.05,30,PE,BFO-OPT,BFO
1159,282122757,1102042,BANKEX25DEC56400PE,BANKEX,0.0,2025-12-24,56400.0,0.05,30,PE,BFO-OPT,BFO
1160,285369861,1114726,BANKEX25DEC56400CE,BANKEX,0.0,2025-12-24,56400.0,0.05,30,CE,BFO-OPT,BFO
1161,282228229,1102454,BANKEX25DEC56300CE,BANKEX,0.0,2025-12-24,56300.0,0.05,30,CE,BFO-OPT,BFO
1162,282982149,1105399,BANKEX25DEC56300PE,BANKEX,0.0,2025-12-24,56300.0,0.05,30,PE,BFO-OPT,BFO
1163,283081733,1105788,BANKEX25DEC56200CE,BANKEX,0.0,2025-12-24,56200.0,0.05,30,CE,BFO-OPT,BFO
1164,285732613,1116143,BANKEX25DEC56200PE,BANKEX,0.0,2025-12-24,56200.0,0.05,30,PE,BFO-OPT,BFO
1165,282023685,1101655,BANKEX25DEC56100CE,BANKEX,0.0,2025-12-24,56100.0,0.05,30,CE,BFO-OPT,BFO
1166,282792965,1104660,BANKEX25DEC56100PE,BANKEX,0.0,2025-12-24,56100.0,0.05,30,PE,BFO-OPT,BFO
1167,282905349,1105099,BANKEX25DEC56000CE,BANKEX,0.0,2025-12-24,56000.0,0.05,30,CE,BFO-OPT,BFO
1168,283625989,1107914,BANKEX25DEC56000PE,BANKEX,0.0,2025-12-24,56000.0,0.05,30,PE,BFO-OPT,BFO
1169,283112197,1105907,BANKEX25DEC55900PE,BANKEX,0.0,2025-12-24,55900.0,0.05,30,PE,BFO-OPT,BFO
1170,284871941,1112781,BANKEX25DEC55900CE,BANKEX,0.0,2025-12-24,55900.0,0.05,30,CE,BFO-OPT,BFO
1171,283227653,1106358,BANKEX25DEC55800CE,BANKEX,0.0,2025-12-24,55800.0,0.05,30,CE,BFO-OPT,BFO
1172,284588805,1111675,BANKEX25DEC55800PE,BANKEX,0.0,2025-12-24,55800.0,0.05,30,PE,BFO-OPT,BFO
1173,284666117,1111977,BANKEX25DEC55700CE,BANKEX,0.0,2025-12-24,55700.0,0.05,30,CE,BFO-OPT,BFO
1174,285351173,1114653,BANKEX25DEC55700PE,BANKEX,0.0,2025-12-24,55700.0,0.05,30,PE,BFO-OPT,BFO
1175,283018501,1105541,BANKEX25DEC55600CE,BANKEX,0.0,2025-12-24,55600.0,0.05,30,CE,BFO-OPT,BFO
1176,284425733,1111038,BANKEX25DEC55600PE,BANKEX,0.0,2025-12-24,55600.0,0.05,30,PE,BFO-OPT,BFO
1177,284509957,1111367,BANKEX25DEC55500CE,BANKEX,0.0,2025-12-24,55500.0,0.05,30,CE,BFO-OPT,BFO
1178,285178885,1113980,BANKEX25DEC55500PE,BANKEX,0.0,2025-12-24,55500.0,0.05,30,PE,BFO-OPT,BFO
1179,283560709,1107659,BANKEX25DEC55400PE,BANKEX,0.0,2025-12-24,55400.0,0.05,30,PE,BFO-OPT,BFO
1180,285281029,1114379,BANKEX25DEC55400CE,BANKEX,0.0,2025-12-24,55400.0,0.05,30,CE,BFO-OPT,BFO
1181,284343813,1110718,BANKEX25DEC55300CE,BANKEX,0.0,2025-12-24,55300.0,0.05,30,CE,BFO-OPT,BFO
1182,284952069,1113094,BANKEX25DEC55300PE,BANKEX,0.0,2025-12-24,55300.0,0.05,30,PE,BFO-OPT,BFO
1183,285067013,1113543,BANKEX25DEC55200CE,BANKEX,0.0,2025-12-24,55200.0,0.05,30,CE,BFO-OPT,BFO
1184,285647365,1115810,BANKEX25DEC55200PE,BANKEX,0.0,2025-12-24,55200.0,0.05,30,PE,BFO-OPT,BFO
1185,283452421,1107236,BANKEX25DEC55100CE,BANKEX,0.0,2025-12-24,55100.0,0.05,30,CE,BFO-OPT,BFO
1186,284739589,1112264,BANKEX25DEC55100PE,BANKEX,0.0,2025-12-24,55100.0,0.05,30,PE,BFO-OPT,BFO
1187,284844293,1112673,BANKEX25DEC55000CE,BANKEX,0.0,2025-12-24,55000.0,0.05,30,CE,BFO-OPT,BFO
1188,285488901,1115191,BANKEX25DEC55000PE,BANKEX,0.0,2025-12-24,55000.0,0.05,30,PE,BFO-OPT,BFO
1189,282249989,1102539,BANKEX25DEC54900CE,BANKEX,0.0,2025-12-24,54900.0,0.05,30,CE,BFO-OPT,BFO
1190,283000325,1105470,BANKEX25DEC54900PE,BANKEX,0.0,2025-12-24,54900.0,0.05,30,PE,BFO-OPT,BFO
1191,285221637,1114147,BANKEX25DEC54800CE,BANKEX,0.0,2025-12-24,54800.0,0.05,30,CE,BFO-OPT,BFO
1192,285747973,1116203,BANKEX25DEC54800PE,BANKEX,0.0,2025-12-24,54800.0,0.05,30,PE,BFO-OPT,BFO
1193,282047237,1101747,BANKEX25DEC54700CE,BANKEX,0.0,2025-12-24,54700.0,0.05,30,CE,BFO-OPT,BFO
1194,282821125,1104770,BANKEX25DEC54700PE,BANKEX,0.0,2025-12-24,54700.0,0.05,30,PE,BFO-OPT,BFO
1195,282926341,1105181,BANKEX25DEC54600CE,BANKEX,0.0,2025-12-24,54600.0,0.05,30,CE,BFO-OPT,BFO
1196,285598469,1115619,BANKEX25DEC54600PE,BANKEX,0.0,2025-12-24,54600.0,0.05,30,PE,BFO-OPT,BFO
1197,282526981,1103621,BANKEX25DEC54500PE,BANKEX,0.0,2025-12-24,54500.0,0.05,30,PE,BFO-OPT,BFO
1198,285677317,1115927,BANKEX25DEC54500CE,BANKEX,0.0,2025-12-24,54500.0,0.05,30,CE,BFO-OPT,BFO
1199,286052357,1117392,BANKEX25DEC54400CE,BANKEX,0.0,2025-12-24,54400.0,0.05,30,CE,BFO-OPT,BFO
1200,286182661,1117901,BANKEX25DEC54400PE,BANKEX,0.0,2025-12-24,54400.0,0.05,30,PE,BFO-OPT,BFO
1201,286079493,1117498,BANKEX25DEC54300CE,BANKEX,0.0,2025-12-24,54300.0,0.05,30,CE,BFO-OPT,BFO
1202,286215429,1118029,BANKEX25DEC54300PE,BANKEX,0.0,2025-12-24,54300.0,0.05,30,PE,BFO-OPT,BFO
1203,285997829,1117179,BANKEX25DEC54200CE,BANKEX,0.0,2025-12-24,54200.0,0.05,30,CE,BFO-OPT,BFO
1204,286131973,1117703,BANKEX25DEC54200PE,BANKEX,0.0,2025-12-24,54200.0,0.05,30,PE,BFO-OPT,BFO
1205,286159109,1117809,BANKEX25DEC54100PE,BANKEX,0.0,2025-12-24,54100.0,0.05,30,PE,BFO-OPT,BFO
1206,286174469,1117869,BANKEX25DEC54100CE,BANKEX,0.0,2025-12-24,54100.0,0.05,30,CE,BFO-OPT,BFO
1207,286074885,1117480,BANKEX25DEC54000PE,BANKEX,0.0,2025-12-24,54000.0,0.05,30,PE,BFO-OPT,BFO
1208,286206469,1117994,BANKEX25DEC54000CE,BANKEX,0.0,2025-12-24,54000.0,0.05,30,CE,BFO-OPT,BFO
1209,286043653,1117358,BANKEX25DEC53900PE,BANKEX,0.0,2025-12-24,53900.0,0.05,30,PE,BFO-OPT,BFO
1210,286171653,1117858,BANKEX25DEC53900CE,BANKEX,0.0,2025-12-24,53900.0,0.05,30,CE,BFO-OPT,BFO
1211,224753925,877945,SENSEX25O2384400PE,SENSEX,0.0,2025-10-23,84400.0,0.05,20,PE,BFO-OPT,BFO
1212,224760069,877969,SENSEX25O2384400CE,SENSEX,0.0,2025-10-23,84400.0,0.05,20,CE,BFO-OPT,BFO
1213,224712709,877784,SENSEX25O2384300PE,SENSEX,0.0,2025-10-23,84300.0,0.05,20,PE,BFO-OPT,BFO
1214,224775685,878030,SENSEX25O2384300CE,SENSEX,0.0,2025-10-23,84300.0,0.05,20,CE,BFO-OPT,BFO
1215,224738309,877884,SENSEX25O2384500PE,SENSEX,0.0,2025-10-23,84500.0,0.05,20,PE,BFO-OPT,BFO
1216,224799749,878124,SENSEX25O2384500CE,SENSEX,0.0,2025-10-23,84500.0,0.05,20,CE,BFO-OPT,BFO
1217,224732677,877862,SENSEX25O2384200CE,SENSEX,0.0,2025-10-23,84200.0,0.05,20,CE,BFO-OPT,BFO
1218,224798469,878119,SENSEX25O2384200PE,SENSEX,0.0,2025-10-23,84200.0,0.05,20,PE,BFO-OPT,BFO
1219,224714757,877792,SENSEX25O2384600CE,SENSEX,0.0,2025-10-23,84600.0,0.05,20,CE,BFO-OPT,BFO
1220,224779525,878045,SENSEX25O2384600PE,SENSEX,0.0,2025-10-23,84600.0,0.05,20,PE,BFO-OPT,BFO
1221,224749829,877929,SENSEX25O2384100CE,SENSEX,0.0,2025-10-23,84100.0,0.05,20,CE,BFO-OPT,BFO
1222,224812549,878174,SENSEX25O2384100PE,SENSEX,0.0,2025-10-23,84100.0,0.05,20,PE,BFO-OPT,BFO
1223,224699909,877734,SENSEX25O2384700CE,SENSEX,0.0,2025-10-23,84700.0,0.05,20,CE,BFO-OPT,BFO
1224,224765701,877991,SENSEX25O2384700PE,SENSEX,0.0,2025-10-23,84700.0,0.05,20,PE,BFO-OPT,BFO
1225,224706821,877761,SENSEX25O2384000CE,SENSEX,0.0,2025-10-23,84000.0,0.05,20,CE,BFO-OPT,BFO
1226,224772869,878019,SENSEX25O2384000PE,SENSEX,0.0,2025-10-23,84000.0,0.05,20,PE,BFO-OPT,BFO
1227,224740869,877894,SENSEX25O2384800CE,SENSEX,0.0,2025-10-23,84800.0,0.05,20,CE,BFO-OPT,BFO
1228,224804357,878142,SENSEX25O2384800PE,SENSEX,0.0,2025-10-23,84800.0,0.05,20,PE,BFO-OPT,BFO
1229,224756229,877954,SENSEX25O2383900PE,SENSEX,0.0,2025-10-23,83900.0,0.05,20,PE,BFO-OPT,BFO
1230,224818181,878196,SENSEX25O2383900CE,SENSEX,0.0,2025-10-23,83900.0,0.05,20,CE,BFO-OPT,BFO
1231,224719621,877811,SENSEX25O2384900PE,SENSEX,0.0,2025-10-23,84900.0,0.05,20,PE,BFO-OPT,BFO
1232,224723717,877827,SENSEX25O2384900CE,SENSEX,0.0,2025-10-23,84900.0,0.05,20,CE,BFO-OPT,BFO
1233,224705797,877757,SENSEX25O2383800CE,SENSEX,0.0,2025-10-23,83800.0,0.05,20,CE,BFO-OPT,BFO
1234,224771845,878015,SENSEX25O2383800PE,SENSEX,0.0,2025-10-23,83800.0,0.05,20,PE,BFO-OPT,BFO
1235,224741637,877897,SENSEX25O2385000CE,SENSEX,0.0,2025-10-23,85000.0,0.05,20,CE,BFO-OPT,BFO
1236,224805381,878146,SENSEX25O2385000PE,SENSEX,0.0,2025-10-23,85000.0,0.05,20,PE,BFO-OPT,BFO
1237,224728325,877845,SENSEX25O2383700PE,SENSEX,0.0,2025-10-23,83700.0,0.05,20,PE,BFO-OPT,BFO
1238,224792837,878097,SENSEX25O2383700CE,SENSEX,0.0,2025-10-23,83700.0,0.05,20,CE,BFO-OPT,BFO
1239,224720645,877815,SENSEX25O2385100PE,SENSEX,0.0,2025-10-23,85100.0,0.05,20,PE,BFO-OPT,BFO
1240,224784901,878066,SENSEX25O2385100CE,SENSEX,0.0,2025-10-23,85100.0,0.05,20,CE,BFO-OPT,BFO
1241,224768005,878000,SENSEX25O2385200CE,SENSEX,0.0,2025-10-23,85200.0,0.05,20,CE,BFO-OPT,BFO
1242,290208261,1133626,SENSEX25O2391900PE,SENSEX,0.0,2025-10-23,91900.0,0.05,20,PE,BFO-OPT,BFO
1243,290307077,1134012,SENSEX25O2391900CE,SENSEX,0.0,2025-10-23,91900.0,0.05,20,CE,BFO-OPT,BFO
1244,290211333,1133638,SENSEX25O2391800CE,SENSEX,0.0,2025-10-23,91800.0,0.05,20,CE,BFO-OPT,BFO
1245,290238469,1133744,SENSEX25O2391800PE,SENSEX,0.0,2025-10-23,91800.0,0.05,20,PE,BFO-OPT,BFO
1246,290197509,1133584,SENSEX25O2391700PE,SENSEX,0.0,2025-10-23,91700.0,0.05,20,PE,BFO-OPT,BFO
1247,290241797,1133757,SENSEX25O2391700CE,SENSEX,0.0,2025-10-23,91700.0,0.05,20,CE,BFO-OPT,BFO
1248,290203397,1133607,SENSEX25O2391600CE,SENSEX,0.0,2025-10-23,91600.0,0.05,20,CE,BFO-OPT,BFO
1249,290229509,1133709,SENSEX25O2391600PE,SENSEX,0.0,2025-10-23,91600.0,0.05,20,PE,BFO-OPT,BFO
1250,290138373,1133353,SENSEX25O2391500CE,SENSEX,0.0,2025-10-23,91500.0,0.05,20,CE,BFO-OPT,BFO
1251,290155013,1133418,SENSEX25O2391500PE,SENSEX,0.0,2025-10-23,91500.0,0.05,20,PE,BFO-OPT,BFO
1252,290126597,1133307,SENSEX25O2391400PE,SENSEX,0.0,2025-10-23,91400.0,0.05,20,PE,BFO-OPT,BFO
1253,290190597,1133557,SENSEX25O2391400CE,SENSEX,0.0,2025-10-23,91400.0,0.05,20,CE,BFO-OPT,BFO
1254,290130181,1133321,SENSEX25O2391300CE,SENSEX,0.0,2025-10-23,91300.0,0.05,20,CE,BFO-OPT,BFO
1255,290150405,1133400,SENSEX25O2391300PE,SENSEX,0.0,2025-10-23,91300.0,0.05,20,PE,BFO-OPT,BFO
1256,290121221,1133286,SENSEX25O2391200PE,SENSEX,0.0,2025-10-23,91200.0,0.05,20,PE,BFO-OPT,BFO
1257,290185477,1133537,SENSEX25O2391200CE,SENSEX,0.0,2025-10-23,91200.0,0.05,20,CE,BFO-OPT,BFO
1258,290123269,1133294,SENSEX25O2391100CE,SENSEX,0.0,2025-10-23,91100.0,0.05,20,CE,BFO-OPT,BFO
1259,290145285,1133380,SENSEX25O2391100PE,SENSEX,0.0,2025-10-23,91100.0,0.05,20,PE,BFO-OPT,BFO
1260,289918213,1132493,SENSEX25O2391000PE,SENSEX,0.0,2025-10-23,91000.0,0.05,20,PE,BFO-OPT,BFO
1261,289982469,1132744,SENSEX25O2391000CE,SENSEX,0.0,2025-10-23,91000.0,0.05,20,CE,BFO-OPT,BFO
1262,289997061,1132801,SENSEX25O2390900PE,SENSEX,0.0,2025-10-23,90900.0,0.05,20,PE,BFO-OPT,BFO
1263,290068229,1133079,SENSEX25O2390900CE,SENSEX,0.0,2025-10-23,90900.0,0.05,20,CE,BFO-OPT,BFO
1264,290006277,1132837,SENSEX25O2390800CE,SENSEX,0.0,2025-10-23,90800.0,0.05,20,CE,BFO-OPT,BFO
1265,290050565,1133010,SENSEX25O2390800PE,SENSEX,0.0,2025-10-23,90800.0,0.05,20,PE,BFO-OPT,BFO
1266,290056965,1133035,SENSEX25O2390700CE,SENSEX,0.0,2025-10-23,90700.0,0.05,20,CE,BFO-OPT,BFO
1267,290098181,1133196,SENSEX25O2390700PE,SENSEX,0.0,2025-10-23,90700.0,0.05,20,PE,BFO-OPT,BFO
1268,289991173,1132778,SENSEX25O2390600CE,SENSEX,0.0,2025-10-23,90600.0,0.05,20,CE,BFO-OPT,BFO
1269,290039045,1132965,SENSEX25O2390600PE,SENSEX,0.0,2025-10-23,90600.0,0.05,20,PE,BFO-OPT,BFO
1270,227711493,889498,SENSEX25O2390500CE,SENSEX,0.0,2025-10-23,90500.0,0.05,20,CE,BFO-OPT,BFO
1271,227776005,889750,SENSEX25O2390500PE,SENSEX,0.0,2025-10-23,90500.0,0.05,20,PE,BFO-OPT,BFO
1272,227606533,889088,SENSEX25O2390400CE,SENSEX,0.0,2025-10-23,90400.0,0.05,20,CE,BFO-OPT,BFO
1273,227683845,889390,SENSEX25O2390400PE,SENSEX,0.0,2025-10-23,90400.0,0.05,20,PE,BFO-OPT,BFO
1274,227695365,889435,SENSEX25O2390300CE,SENSEX,0.0,2025-10-23,90300.0,0.05,20,CE,BFO-OPT,BFO
1275,227758853,889683,SENSEX25O2390300PE,SENSEX,0.0,2025-10-23,90300.0,0.05,20,PE,BFO-OPT,BFO
1276,227424261,888376,SENSEX25O2390200PE,SENSEX,0.0,2025-10-23,90200.0,0.05,20,PE,BFO-OPT,BFO
1277,227484421,888611,SENSEX25O2390200CE,SENSEX,0.0,2025-10-23,90200.0,0.05,20,CE,BFO-OPT,BFO
1278,227435013,888418,SENSEX25O2390100CE,SENSEX,0.0,2025-10-23,90100.0,0.05,20,CE,BFO-OPT,BFO
1279,227470853,888558,SENSEX25O2390100PE,SENSEX,0.0,2025-10-23,90100.0,0.05,20,PE,BFO-OPT,BFO
1280,227328261,888001,SENSEX25O2390000PE,SENSEX,0.0,2025-10-23,90000.0,0.05,20,PE,BFO-OPT,BFO
1281,227474437,888572,SENSEX25O2390000CE,SENSEX,0.0,2025-10-23,90000.0,0.05,20,CE,BFO-OPT,BFO
1282,227143429,887279,SENSEX25O2389900CE,SENSEX,0.0,2025-10-23,89900.0,0.05,20,CE,BFO-OPT,BFO
1283,227259653,887733,SENSEX25O2389900PE,SENSEX,0.0,2025-10-23,89900.0,0.05,20,PE,BFO-OPT,BFO
1284,227262213,887743,SENSEX25O2389800CE,SENSEX,0.0,2025-10-23,89800.0,0.05,20,CE,BFO-OPT,BFO
1285,227312133,887938,SENSEX25O2389800PE,SENSEX,0.0,2025-10-23,89800.0,0.05,20,PE,BFO-OPT,BFO
1286,227173125,887395,SENSEX25O2389700PE,SENSEX,0.0,2025-10-23,89700.0,0.05,20,PE,BFO-OPT,BFO
1287,227318277,887962,SENSEX25O2389700CE,SENSEX,0.0,2025-10-23,89700.0,0.05,20,CE,BFO-OPT,BFO
1288,227256325,887720,SENSEX25O2389600CE,SENSEX,0.0,2025-10-23,89600.0,0.05,20,CE,BFO-OPT,BFO
1289,227290117,887852,SENSEX25O2389600PE,SENSEX,0.0,2025-10-23,89600.0,0.05,20,PE,BFO-OPT,BFO
1290,227159301,887341,SENSEX25O2389500PE,SENSEX,0.0,2025-10-23,89500.0,0.05,20,PE,BFO-OPT,BFO
1291,227299077,887887,SENSEX25O2389500CE,SENSEX,0.0,2025-10-23,89500.0,0.05,20,CE,BFO-OPT,BFO
1292,226742533,885713,SENSEX25O2389400CE,SENSEX,0.0,2025-10-23,89400.0,0.05,20,CE,BFO-OPT,BFO
1293,226767621,885811,SENSEX25O2389400PE,SENSEX,0.0,2025-10-23,89400.0,0.05,20,PE,BFO-OPT,BFO
1294,226739205,885700,SENSEX25O2389300PE,SENSEX,0.0,2025-10-23,89300.0,0.05,20,PE,BFO-OPT,BFO
1295,226768901,885816,SENSEX25O2389300CE,SENSEX,0.0,2025-10-23,89300.0,0.05,20,CE,BFO-OPT,BFO
1296,226740485,885705,SENSEX25O2389200CE,SENSEX,0.0,2025-10-23,89200.0,0.05,20,CE,BFO-OPT,BFO
1297,226747909,885734,SENSEX25O2389200PE,SENSEX,0.0,2025-10-23,89200.0,0.05,20,PE,BFO-OPT,BFO
1298,226737157,885692,SENSEX25O2389100PE,SENSEX,0.0,2025-10-23,89100.0,0.05,20,PE,BFO-OPT,BFO
1299,226765573,885803,SENSEX25O2389100CE,SENSEX,0.0,2025-10-23,89100.0,0.05,20,CE,BFO-OPT,BFO
1300,226618885,885230,SENSEX25O2389000CE,SENSEX,0.0,2025-10-23,89000.0,0.05,20,CE,BFO-OPT,BFO
1301,226713605,885600,SENSEX25O2389000PE,SENSEX,0.0,2025-10-23,89000.0,0.05,20,PE,BFO-OPT,BFO
1302,226105861,883226,SENSEX25O2388900CE,SENSEX,0.0,2025-10-23,88900.0,0.05,20,CE,BFO-OPT,BFO
1303,226257413,883818,SENSEX25O2388900PE,SENSEX,0.0,2025-10-23,88900.0,0.05,20,PE,BFO-OPT,BFO
1304,225758213,881868,SENSEX25O2388800CE,SENSEX,0.0,2025-10-23,88800.0,0.05,20,CE,BFO-OPT,BFO
1305,226042885,882980,SENSEX25O2388800PE,SENSEX,0.0,2025-10-23,88800.0,0.05,20,PE,BFO-OPT,BFO
1306,226067973,883078,SENSEX25O2388700CE,SENSEX,0.0,2025-10-23,88700.0,0.05,20,CE,BFO-OPT,BFO
1307,226194949,883574,SENSEX25O2388700PE,SENSEX,0.0,2025-10-23,88700.0,0.05,20,PE,BFO-OPT,BFO
1308,225050629,879104,SENSEX25O2388600PE,SENSEX,0.0,2025-10-23,88600.0,0.05,20,PE,BFO-OPT,BFO
1309,225092357,879267,SENSEX25O2388600CE,SENSEX,0.0,2025-10-23,88600.0,0.05,20,CE,BFO-OPT,BFO
1310,225184517,879627,SENSEX25O2388500CE,SENSEX,0.0,2025-10-23,88500.0,0.05,20,CE,BFO-OPT,BFO
1311,225429509,880584,SENSEX25O2388500PE,SENSEX,0.0,2025-10-23,88500.0,0.05,20,PE,BFO-OPT,BFO
1312,224967429,878779,SENSEX25O2388400CE,SENSEX,0.0,2025-10-23,88400.0,0.05,20,CE,BFO-OPT,BFO
1313,225251845,879890,SENSEX25O2388400PE,SENSEX,0.0,2025-10-23,88400.0,0.05,20,PE,BFO-OPT,BFO
1314,224871941,878406,SENSEX25O2388300CE,SENSEX,0.0,2025-10-23,88300.0,0.05,20,CE,BFO-OPT,BFO
1315,224911365,878560,SENSEX25O2388300PE,SENSEX,0.0,2025-10-23,88300.0,0.05,20,PE,BFO-OPT,BFO
1316,224736773,877878,SENSEX25O2388200PE,SENSEX,0.0,2025-10-23,88200.0,0.05,20,PE,BFO-OPT,BFO
1317,224798725,878120,SENSEX25O2388200CE,SENSEX,0.0,2025-10-23,88200.0,0.05,20,CE,BFO-OPT,BFO
1318,224752645,877940,SENSEX25O2388100PE,SENSEX,0.0,2025-10-23,88100.0,0.05,20,PE,BFO-OPT,BFO
1319,224758277,877962,SENSEX25O2388100CE,SENSEX,0.0,2025-10-23,88100.0,0.05,20,CE,BFO-OPT,BFO
1320,224710149,877774,SENSEX25O2388000PE,SENSEX,0.0,2025-10-23,88000.0,0.05,20,PE,BFO-OPT,BFO
1321,224773893,878023,SENSEX25O2388000CE,SENSEX,0.0,2025-10-23,88000.0,0.05,20,CE,BFO-OPT,BFO
1322,224756997,877957,SENSEX25O2387900CE,SENSEX,0.0,2025-10-23,87900.0,0.05,20,CE,BFO-OPT,BFO
1323,224821509,878209,SENSEX25O2387900PE,SENSEX,0.0,2025-10-23,87900.0,0.05,20,PE,BFO-OPT,BFO
1324,224709125,877770,SENSEX25O2387800PE,SENSEX,0.0,2025-10-23,87800.0,0.05,20,PE,BFO-OPT,BFO
1325,224715525,877795,SENSEX25O2387800CE,SENSEX,0.0,2025-10-23,87800.0,0.05,20,CE,BFO-OPT,BFO
1326,224729349,877849,SENSEX25O2387700CE,SENSEX,0.0,2025-10-23,87700.0,0.05,20,CE,BFO-OPT,BFO
1327,224795397,878107,SENSEX25O2387700PE,SENSEX,0.0,2025-10-23,87700.0,0.05,20,PE,BFO-OPT,BFO
1328,224754181,877946,SENSEX25O2387600PE,SENSEX,0.0,2025-10-23,87600.0,0.05,20,PE,BFO-OPT,BFO
1329,224816389,878189,SENSEX25O2387600CE,SENSEX,0.0,2025-10-23,87600.0,0.05,20,CE,BFO-OPT,BFO
1330,224704517,877752,SENSEX25O2387500CE,SENSEX,0.0,2025-10-23,87500.0,0.05,20,CE,BFO-OPT,BFO
1331,224769797,878007,SENSEX25O2387500PE,SENSEX,0.0,2025-10-23,87500.0,0.05,20,PE,BFO-OPT,BFO
1332,224727045,877840,SENSEX25O2387400PE,SENSEX,0.0,2025-10-23,87400.0,0.05,20,PE,BFO-OPT,BFO
1333,224791813,878093,SENSEX25O2387400CE,SENSEX,0.0,2025-10-23,87400.0,0.05,20,CE,BFO-OPT,BFO
1334,224743941,877906,SENSEX25O2387300PE,SENSEX,0.0,2025-10-23,87300.0,0.05,20,PE,BFO-OPT,BFO
1335,224750085,877930,SENSEX25O2387300CE,SENSEX,0.0,2025-10-23,87300.0,0.05,20,CE,BFO-OPT,BFO
1336,224702469,877744,SENSEX25O2387200PE,SENSEX,0.0,2025-10-23,87200.0,0.05,20,PE,BFO-OPT,BFO
1337,224766469,877994,SENSEX25O2387200CE,SENSEX,0.0,2025-10-23,87200.0,0.05,20,CE,BFO-OPT,BFO
1338,224722437,877822,SENSEX25O2387100CE,SENSEX,0.0,2025-10-23,87100.0,0.05,20,CE,BFO-OPT,BFO
1339,224788741,878081,SENSEX25O2387100PE,SENSEX,0.0,2025-10-23,87100.0,0.05,20,PE,BFO-OPT,BFO
1340,224739333,877888,SENSEX25O2387000CE,SENSEX,0.0,2025-10-23,87000.0,0.05,20,CE,BFO-OPT,BFO
1341,224802309,878134,SENSEX25O2387000PE,SENSEX,0.0,2025-10-23,87000.0,0.05,20,PE,BFO-OPT,BFO
1342,224721925,877820,SENSEX25O2386900CE,SENSEX,0.0,2025-10-23,86900.0,0.05,20,CE,BFO-OPT,BFO
1343,224787717,878077,SENSEX25O2386900PE,SENSEX,0.0,2025-10-23,86900.0,0.05,20,PE,BFO-OPT,BFO
1344,224746245,877915,SENSEX25O2386800PE,SENSEX,0.0,2025-10-23,86800.0,0.05,20,PE,BFO-OPT,BFO
1345,224807173,878153,SENSEX25O2386800CE,SENSEX,0.0,2025-10-23,86800.0,0.05,20,CE,BFO-OPT,BFO
1346,224698117,877727,SENSEX25O2386700CE,SENSEX,0.0,2025-10-23,86700.0,0.05,20,CE,BFO-OPT,BFO
1347,224763141,877981,SENSEX25O2386700PE,SENSEX,0.0,2025-10-23,86700.0,0.05,20,PE,BFO-OPT,BFO
1348,224720133,877813,SENSEX25O2386600PE,SENSEX,0.0,2025-10-23,86600.0,0.05,20,PE,BFO-OPT,BFO
1349,224784389,878064,SENSEX25O2386600CE,SENSEX,0.0,2025-10-23,86600.0,0.05,20,CE,BFO-OPT,BFO
1350,224735493,877873,SENSEX25O2386500PE,SENSEX,0.0,2025-10-23,86500.0,0.05,20,PE,BFO-OPT,BFO
1351,224741381,877896,SENSEX25O2386500CE,SENSEX,0.0,2025-10-23,86500.0,0.05,20,CE,BFO-OPT,BFO
1352,224757509,877959,SENSEX25O2386400CE,SENSEX,0.0,2025-10-23,86400.0,0.05,20,CE,BFO-OPT,BFO
1353,224822021,878211,SENSEX25O2386400PE,SENSEX,0.0,2025-10-23,86400.0,0.05,20,PE,BFO-OPT,BFO
1354,224715781,877796,SENSEX25O2386300CE,SENSEX,0.0,2025-10-23,86300.0,0.05,20,CE,BFO-OPT,BFO
1355,224781317,878052,SENSEX25O2386300PE,SENSEX,0.0,2025-10-23,86300.0,0.05,20,PE,BFO-OPT,BFO
1356,224729605,877850,SENSEX25O2386200CE,SENSEX,0.0,2025-10-23,86200.0,0.05,20,CE,BFO-OPT,BFO
1357,224795653,878108,SENSEX25O2386200PE,SENSEX,0.0,2025-10-23,86200.0,0.05,20,PE,BFO-OPT,BFO
1358,224754437,877947,SENSEX25O2386100PE,SENSEX,0.0,2025-10-23,86100.0,0.05,20,PE,BFO-OPT,BFO
1359,224816901,878191,SENSEX25O2386100CE,SENSEX,0.0,2025-10-23,86100.0,0.05,20,CE,BFO-OPT,BFO
1360,224770309,878009,SENSEX25O2386000PE,SENSEX,0.0,2025-10-23,86000.0,0.05,20,PE,BFO-OPT,BFO
1361,224775941,878031,SENSEX25O2386000CE,SENSEX,0.0,2025-10-23,86000.0,0.05,20,CE,BFO-OPT,BFO
1362,224753413,877943,SENSEX25O2385900PE,SENSEX,0.0,2025-10-23,85900.0,0.05,20,PE,BFO-OPT,BFO
1363,224815877,878187,SENSEX25O2385900CE,SENSEX,0.0,2025-10-23,85900.0,0.05,20,CE,BFO-OPT,BFO
1364,224712197,877782,SENSEX25O2385800PE,SENSEX,0.0,2025-10-23,85800.0,0.05,20,PE,BFO-OPT,BFO
1365,224775429,878029,SENSEX25O2385800CE,SENSEX,0.0,2025-10-23,85800.0,0.05,20,CE,BFO-OPT,BFO
1366,224726533,877838,SENSEX25O2385700PE,SENSEX,0.0,2025-10-23,85700.0,0.05,20,PE,BFO-OPT,BFO
1367,224732165,877860,SENSEX25O2385700CE,SENSEX,0.0,2025-10-23,85700.0,0.05,20,CE,BFO-OPT,BFO
1368,224749317,877927,SENSEX25O2385600CE,SENSEX,0.0,2025-10-23,85600.0,0.05,20,CE,BFO-OPT,BFO
1369,224812037,878172,SENSEX25O2385600PE,SENSEX,0.0,2025-10-23,85600.0,0.05,20,PE,BFO-OPT,BFO
1370,224706565,877760,SENSEX25O2385500CE,SENSEX,0.0,2025-10-23,85500.0,0.05,20,CE,BFO-OPT,BFO
1371,224772613,878018,SENSEX25O2385500PE,SENSEX,0.0,2025-10-23,85500.0,0.05,20,PE,BFO-OPT,BFO
1372,224722181,877821,SENSEX25O2385400CE,SENSEX,0.0,2025-10-23,85400.0,0.05,20,CE,BFO-OPT,BFO
1373,224787973,878078,SENSEX25O2385400PE,SENSEX,0.0,2025-10-23,85400.0,0.05,20,PE,BFO-OPT,BFO
1374,224746501,877916,SENSEX25O2385300PE,SENSEX,0.0,2025-10-23,85300.0,0.05,20,PE,BFO-OPT,BFO
1375,224807429,878154,SENSEX25O2385300CE,SENSEX,0.0,2025-10-23,85300.0,0.05,20,CE,BFO-OPT,BFO
1376,224763397,877982,SENSEX25O2385200PE,SENSEX,0.0,2025-10-23,85200.0,0.05,20,PE,BFO-OPT,BFO
1377,224745733,877913,SENSEX25O2383600PE,SENSEX,0.0,2025-10-23,83600.0,0.05,20,PE,BFO-OPT,BFO
1378,224751877,877937,SENSEX25O2383600CE,SENSEX,0.0,2025-10-23,83600.0,0.05,20,CE,BFO-OPT,BFO
1379,224704005,877750,SENSEX25O2383500PE,SENSEX,0.0,2025-10-23,83500.0,0.05,20,PE,BFO-OPT,BFO
1380,224767493,877998,SENSEX25O2383500CE,SENSEX,0.0,2025-10-23,83500.0,0.05,20,CE,BFO-OPT,BFO
1381,224724229,877829,SENSEX25O2383400CE,SENSEX,0.0,2025-10-23,83400.0,0.05,20,CE,BFO-OPT,BFO
1382,224791301,878091,SENSEX25O2383400PE,SENSEX,0.0,2025-10-23,83400.0,0.05,20,PE,BFO-OPT,BFO
1383,224741125,877895,SENSEX25O2383300CE,SENSEX,0.0,2025-10-23,83300.0,0.05,20,CE,BFO-OPT,BFO
1384,224804869,878144,SENSEX25O2383300PE,SENSEX,0.0,2025-10-23,83300.0,0.05,20,PE,BFO-OPT,BFO
1385,224700165,877735,SENSEX25O2383200CE,SENSEX,0.0,2025-10-23,83200.0,0.05,20,CE,BFO-OPT,BFO
1386,224765957,877992,SENSEX25O2383200PE,SENSEX,0.0,2025-10-23,83200.0,0.05,20,PE,BFO-OPT,BFO
1387,224780549,878049,SENSEX25O2383100PE,SENSEX,0.0,2025-10-23,83100.0,0.05,20,PE,BFO-OPT,BFO
1388,224786693,878073,SENSEX25O2383100CE,SENSEX,0.0,2025-10-23,83100.0,0.05,20,CE,BFO-OPT,BFO
1389,224738565,877885,SENSEX25O2383000PE,SENSEX,0.0,2025-10-23,83000.0,0.05,20,PE,BFO-OPT,BFO
1390,224800005,878125,SENSEX25O2383000CE,SENSEX,0.0,2025-10-23,83000.0,0.05,20,CE,BFO-OPT,BFO
1391,224721157,877817,SENSEX25O2382900PE,SENSEX,0.0,2025-10-23,82900.0,0.05,20,PE,BFO-OPT,BFO
1392,224786181,878071,SENSEX25O2382900CE,SENSEX,0.0,2025-10-23,82900.0,0.05,20,CE,BFO-OPT,BFO
1393,224737541,877881,SENSEX25O2382800PE,SENSEX,0.0,2025-10-23,82800.0,0.05,20,PE,BFO-OPT,BFO
1394,224743429,877904,SENSEX25O2382800CE,SENSEX,0.0,2025-10-23,82800.0,0.05,20,CE,BFO-OPT,BFO
1395,224697093,877723,SENSEX25O2382700PE,SENSEX,0.0,2025-10-23,82700.0,0.05,20,PE,BFO-OPT,BFO
1396,224759301,877966,SENSEX25O2382700CE,SENSEX,0.0,2025-10-23,82700.0,0.05,20,CE,BFO-OPT,BFO
1397,224718341,877806,SENSEX25O2382600CE,SENSEX,0.0,2025-10-23,82600.0,0.05,20,CE,BFO-OPT,BFO
1398,224783877,878062,SENSEX25O2382600PE,SENSEX,0.0,2025-10-23,82600.0,0.05,20,PE,BFO-OPT,BFO
1399,224730885,877855,SENSEX25O2382500CE,SENSEX,0.0,2025-10-23,82500.0,0.05,20,CE,BFO-OPT,BFO
1400,224797189,878114,SENSEX25O2382500PE,SENSEX,0.0,2025-10-23,82500.0,0.05,20,PE,BFO-OPT,BFO
1401,224756485,877955,SENSEX25O2382400PE,SENSEX,0.0,2025-10-23,82400.0,0.05,20,PE,BFO-OPT,BFO
1402,224818693,878198,SENSEX25O2382400CE,SENSEX,0.0,2025-10-23,82400.0,0.05,20,CE,BFO-OPT,BFO
1403,224772357,878017,SENSEX25O2382300PE,SENSEX,0.0,2025-10-23,82300.0,0.05,20,PE,BFO-OPT,BFO
1404,224777989,878039,SENSEX25O2382300CE,SENSEX,0.0,2025-10-23,82300.0,0.05,20,CE,BFO-OPT,BFO
1405,224729093,877848,SENSEX25O2382200PE,SENSEX,0.0,2025-10-23,82200.0,0.05,20,PE,BFO-OPT,BFO
1406,224793093,878098,SENSEX25O2382200CE,SENSEX,0.0,2025-10-23,82200.0,0.05,20,CE,BFO-OPT,BFO
1407,224752133,877938,SENSEX25O2382100CE,SENSEX,0.0,2025-10-23,82100.0,0.05,20,CE,BFO-OPT,BFO
1408,224816133,878188,SENSEX25O2382100PE,SENSEX,0.0,2025-10-23,82100.0,0.05,20,PE,BFO-OPT,BFO
1409,224704261,877751,SENSEX25O2382000PE,SENSEX,0.0,2025-10-23,82000.0,0.05,20,PE,BFO-OPT,BFO
1410,224767749,877999,SENSEX25O2382000CE,SENSEX,0.0,2025-10-23,82000.0,0.05,20,CE,BFO-OPT,BFO
1411,224751109,877934,SENSEX25O2381900CE,SENSEX,0.0,2025-10-23,81900.0,0.05,20,CE,BFO-OPT,BFO
1412,224814597,878182,SENSEX25O2381900PE,SENSEX,0.0,2025-10-23,81900.0,0.05,20,PE,BFO-OPT,BFO
1413,224708869,877769,SENSEX25O2381800CE,SENSEX,0.0,2025-10-23,81800.0,0.05,20,CE,BFO-OPT,BFO
1414,224774661,878026,SENSEX25O2381800PE,SENSEX,0.0,2025-10-23,81800.0,0.05,20,PE,BFO-OPT,BFO
1415,224723205,877825,SENSEX25O2381700CE,SENSEX,0.0,2025-10-23,81700.0,0.05,20,CE,BFO-OPT,BFO
1416,224790277,878087,SENSEX25O2381700PE,SENSEX,0.0,2025-10-23,81700.0,0.05,20,PE,BFO-OPT,BFO
1417,224748037,877922,SENSEX25O2381600PE,SENSEX,0.0,2025-10-23,81600.0,0.05,20,PE,BFO-OPT,BFO
1418,224809477,878162,SENSEX25O2381600CE,SENSEX,0.0,2025-10-23,81600.0,0.05,20,CE,BFO-OPT,BFO
1419,224764677,877987,SENSEX25O2381500PE,SENSEX,0.0,2025-10-23,81500.0,0.05,20,PE,BFO-OPT,BFO
1420,224769541,878006,SENSEX25O2381500CE,SENSEX,0.0,2025-10-23,81500.0,0.05,20,CE,BFO-OPT,BFO
1421,224721669,877819,SENSEX25O2381400PE,SENSEX,0.0,2025-10-23,81400.0,0.05,20,PE,BFO-OPT,BFO
1422,224786437,878072,SENSEX25O2381400CE,SENSEX,0.0,2025-10-23,81400.0,0.05,20,CE,BFO-OPT,BFO
1423,224743685,877905,SENSEX25O2381300CE,SENSEX,0.0,2025-10-23,81300.0,0.05,20,CE,BFO-OPT,BFO
1424,224806661,878151,SENSEX25O2381300PE,SENSEX,0.0,2025-10-23,81300.0,0.05,20,PE,BFO-OPT,BFO
1425,224697605,877725,SENSEX25O2381200PE,SENSEX,0.0,2025-10-23,81200.0,0.05,20,PE,BFO-OPT,BFO
1426,224759557,877967,SENSEX25O2381200CE,SENSEX,0.0,2025-10-23,81200.0,0.05,20,CE,BFO-OPT,BFO
1427,224718597,877807,SENSEX25O2381100CE,SENSEX,0.0,2025-10-23,81100.0,0.05,20,CE,BFO-OPT,BFO
1428,224784133,878063,SENSEX25O2381100PE,SENSEX,0.0,2025-10-23,81100.0,0.05,20,PE,BFO-OPT,BFO
1429,224731397,877857,SENSEX25O2381000CE,SENSEX,0.0,2025-10-23,81000.0,0.05,20,CE,BFO-OPT,BFO
1430,224797701,878116,SENSEX25O2381000PE,SENSEX,0.0,2025-10-23,81000.0,0.05,20,PE,BFO-OPT,BFO
1431,224717061,877801,SENSEX25O2380900CE,SENSEX,0.0,2025-10-23,80900.0,0.05,20,CE,BFO-OPT,BFO
1432,224782341,878056,SENSEX25O2380900PE,SENSEX,0.0,2025-10-23,80900.0,0.05,20,PE,BFO-OPT,BFO
1433,224739589,877889,SENSEX25O2380800PE,SENSEX,0.0,2025-10-23,80800.0,0.05,20,PE,BFO-OPT,BFO
1434,224801797,878132,SENSEX25O2380800CE,SENSEX,0.0,2025-10-23,80800.0,0.05,20,CE,BFO-OPT,BFO
1435,224755461,877951,SENSEX25O2380700PE,SENSEX,0.0,2025-10-23,80700.0,0.05,20,PE,BFO-OPT,BFO
1436,224762885,877980,SENSEX25O2380700CE,SENSEX,0.0,2025-10-23,80700.0,0.05,20,CE,BFO-OPT,BFO
1437,224714245,877790,SENSEX25O2380600PE,SENSEX,0.0,2025-10-23,80600.0,0.05,20,PE,BFO-OPT,BFO
1438,224777477,878037,SENSEX25O2380600CE,SENSEX,0.0,2025-10-23,80600.0,0.05,20,CE,BFO-OPT,BFO
1439,224735237,877872,SENSEX25O2380500CE,SENSEX,0.0,2025-10-23,80500.0,0.05,20,CE,BFO-OPT,BFO
1440,224799493,878123,SENSEX25O2380500PE,SENSEX,0.0,2025-10-23,80500.0,0.05,20,PE,BFO-OPT,BFO
1441,224751365,877935,SENSEX25O2380400CE,SENSEX,0.0,2025-10-23,80400.0,0.05,20,CE,BFO-OPT,BFO
1442,224815621,878186,SENSEX25O2380400PE,SENSEX,0.0,2025-10-23,80400.0,0.05,20,PE,BFO-OPT,BFO
1443,224709381,877771,SENSEX25O2380300CE,SENSEX,0.0,2025-10-23,80300.0,0.05,20,CE,BFO-OPT,BFO
1444,224774917,878027,SENSEX25O2380300PE,SENSEX,0.0,2025-10-23,80300.0,0.05,20,PE,BFO-OPT,BFO
1445,224723461,877826,SENSEX25O2380200CE,SENSEX,0.0,2025-10-23,80200.0,0.05,20,CE,BFO-OPT,BFO
1446,224790789,878089,SENSEX25O2380200PE,SENSEX,0.0,2025-10-23,80200.0,0.05,20,PE,BFO-OPT,BFO
1447,224748805,877925,SENSEX25O2380100PE,SENSEX,0.0,2025-10-23,80100.0,0.05,20,PE,BFO-OPT,BFO
1448,224809733,878163,SENSEX25O2380100CE,SENSEX,0.0,2025-10-23,80100.0,0.05,20,CE,BFO-OPT,BFO
1449,224764933,877988,SENSEX25O2380000PE,SENSEX,0.0,2025-10-23,80000.0,0.05,20,PE,BFO-OPT,BFO
1450,224770053,878008,SENSEX25O2380000CE,SENSEX,0.0,2025-10-23,80000.0,0.05,20,CE,BFO-OPT,BFO
1451,224699141,877731,SENSEX25O2379900PE,SENSEX,0.0,2025-10-23,79900.0,0.05,20,PE,BFO-OPT,BFO
1452,224703493,877748,SENSEX25O2379900CE,SENSEX,0.0,2025-10-23,79900.0,0.05,20,CE,BFO-OPT,BFO
1453,224719365,877810,SENSEX25O2379800CE,SENSEX,0.0,2025-10-23,79800.0,0.05,20,CE,BFO-OPT,BFO
1454,224785413,878068,SENSEX25O2379800PE,SENSEX,0.0,2025-10-23,79800.0,0.05,20,PE,BFO-OPT,BFO
1455,224742405,877900,SENSEX25O2379700PE,SENSEX,0.0,2025-10-23,79700.0,0.05,20,PE,BFO-OPT,BFO
1456,224804101,878141,SENSEX25O2379700CE,SENSEX,0.0,2025-10-23,79700.0,0.05,20,CE,BFO-OPT,BFO
1457,224758533,877963,SENSEX25O2379600PE,SENSEX,0.0,2025-10-23,79600.0,0.05,20,PE,BFO-OPT,BFO
1458,224820485,878205,SENSEX25O2379600CE,SENSEX,0.0,2025-10-23,79600.0,0.05,20,CE,BFO-OPT,BFO
1459,224717317,877802,SENSEX25O2379500PE,SENSEX,0.0,2025-10-23,79500.0,0.05,20,PE,BFO-OPT,BFO
1460,224779269,878044,SENSEX25O2379500CE,SENSEX,0.0,2025-10-23,79500.0,0.05,20,CE,BFO-OPT,BFO
1461,224730629,877854,SENSEX25O2379400PE,SENSEX,0.0,2025-10-23,79400.0,0.05,20,PE,BFO-OPT,BFO
1462,224794885,878105,SENSEX25O2379400CE,SENSEX,0.0,2025-10-23,79400.0,0.05,20,CE,BFO-OPT,BFO
1463,224753669,877944,SENSEX25O2379300CE,SENSEX,0.0,2025-10-23,79300.0,0.05,20,CE,BFO-OPT,BFO
1464,224817925,878195,SENSEX25O2379300PE,SENSEX,0.0,2025-10-23,79300.0,0.05,20,PE,BFO-OPT,BFO
1465,224705541,877756,SENSEX25O2379200PE,SENSEX,0.0,2025-10-23,79200.0,0.05,20,PE,BFO-OPT,BFO
1466,224712453,877783,SENSEX25O2379200CE,SENSEX,0.0,2025-10-23,79200.0,0.05,20,CE,BFO-OPT,BFO
1467,224726789,877839,SENSEX25O2379100CE,SENSEX,0.0,2025-10-23,79100.0,0.05,20,CE,BFO-OPT,BFO
1468,224792325,878095,SENSEX25O2379100PE,SENSEX,0.0,2025-10-23,79100.0,0.05,20,PE,BFO-OPT,BFO
1469,224751621,877936,SENSEX25O2379000PE,SENSEX,0.0,2025-10-23,79000.0,0.05,20,PE,BFO-OPT,BFO
1470,224812293,878173,SENSEX25O2379000CE,SENSEX,0.0,2025-10-23,79000.0,0.05,20,CE,BFO-OPT,BFO
1471,224734469,877869,SENSEX25O2378900PE,SENSEX,0.0,2025-10-23,78900.0,0.05,20,PE,BFO-OPT,BFO
1472,224796677,878112,SENSEX25O2378900CE,SENSEX,0.0,2025-10-23,78900.0,0.05,20,CE,BFO-OPT,BFO
1473,224750597,877932,SENSEX25O2378800PE,SENSEX,0.0,2025-10-23,78800.0,0.05,20,PE,BFO-OPT,BFO
1474,224811525,878170,SENSEX25O2378800CE,SENSEX,0.0,2025-10-23,78800.0,0.05,20,CE,BFO-OPT,BFO
1475,224708101,877766,SENSEX25O2378700PE,SENSEX,0.0,2025-10-23,78700.0,0.05,20,PE,BFO-OPT,BFO
1476,224771589,878014,SENSEX25O2378700CE,SENSEX,0.0,2025-10-23,78700.0,0.05,20,CE,BFO-OPT,BFO
1477,224722693,877823,SENSEX25O2378600PE,SENSEX,0.0,2025-10-23,78600.0,0.05,20,PE,BFO-OPT,BFO
1478,224787461,878076,SENSEX25O2378600CE,SENSEX,0.0,2025-10-23,78600.0,0.05,20,CE,BFO-OPT,BFO
1479,224745477,877912,SENSEX25O2378500CE,SENSEX,0.0,2025-10-23,78500.0,0.05,20,CE,BFO-OPT,BFO
1480,224808965,878160,SENSEX25O2378500PE,SENSEX,0.0,2025-10-23,78500.0,0.05,20,PE,BFO-OPT,BFO
1481,224699397,877732,SENSEX25O2378400PE,SENSEX,0.0,2025-10-23,78400.0,0.05,20,PE,BFO-OPT,BFO
1482,224703749,877749,SENSEX25O2378400CE,SENSEX,0.0,2025-10-23,78400.0,0.05,20,CE,BFO-OPT,BFO
1483,224719877,877812,SENSEX25O2378300CE,SENSEX,0.0,2025-10-23,78300.0,0.05,20,CE,BFO-OPT,BFO
1484,224785925,878070,SENSEX25O2378300PE,SENSEX,0.0,2025-10-23,78300.0,0.05,20,PE,BFO-OPT,BFO
1485,224742661,877901,SENSEX25O2378200PE,SENSEX,0.0,2025-10-23,78200.0,0.05,20,PE,BFO-OPT,BFO
1486,224804613,878143,SENSEX25O2378200CE,SENSEX,0.0,2025-10-23,78200.0,0.05,20,CE,BFO-OPT,BFO
1487,224759045,877965,SENSEX25O2378100PE,SENSEX,0.0,2025-10-23,78100.0,0.05,20,PE,BFO-OPT,BFO
1488,224820997,878207,SENSEX25O2378100CE,SENSEX,0.0,2025-10-23,78100.0,0.05,20,CE,BFO-OPT,BFO
1489,224718085,877805,SENSEX25O2378000PE,SENSEX,0.0,2025-10-23,78000.0,0.05,20,PE,BFO-OPT,BFO
1490,224780037,878047,SENSEX25O2378000CE,SENSEX,0.0,2025-10-23,78000.0,0.05,20,CE,BFO-OPT,BFO
1491,224701445,877740,SENSEX25O2377900PE,SENSEX,0.0,2025-10-23,77900.0,0.05,20,PE,BFO-OPT,BFO
1492,224763909,877984,SENSEX25O2377900CE,SENSEX,0.0,2025-10-23,77900.0,0.05,20,CE,BFO-OPT,BFO
1493,224716549,877799,SENSEX25O2377800PE,SENSEX,0.0,2025-10-23,77800.0,0.05,20,PE,BFO-OPT,BFO
1494,224778501,878041,SENSEX25O2377800CE,SENSEX,0.0,2025-10-23,77800.0,0.05,20,CE,BFO-OPT,BFO
1495,224737285,877880,SENSEX25O2377700CE,SENSEX,0.0,2025-10-23,77700.0,0.05,20,CE,BFO-OPT,BFO
1496,224801029,878129,SENSEX25O2377700PE,SENSEX,0.0,2025-10-23,77700.0,0.05,20,PE,BFO-OPT,BFO
1497,224696837,877722,SENSEX25O2377600CE,SENSEX,0.0,2025-10-23,77600.0,0.05,20,CE,BFO-OPT,BFO
1498,224817157,878192,SENSEX25O2377600PE,SENSEX,0.0,2025-10-23,77600.0,0.05,20,PE,BFO-OPT,BFO
1499,224711429,877779,SENSEX25O2377500CE,SENSEX,0.0,2025-10-23,77500.0,0.05,20,CE,BFO-OPT,BFO
1500,224776709,878034,SENSEX25O2377500PE,SENSEX,0.0,2025-10-23,77500.0,0.05,20,PE,BFO-OPT,BFO
1501,224734725,877870,SENSEX25O2377400PE,SENSEX,0.0,2025-10-23,77400.0,0.05,20,PE,BFO-OPT,BFO
1502,224796933,878113,SENSEX25O2377400CE,SENSEX,0.0,2025-10-23,77400.0,0.05,20,CE,BFO-OPT,BFO
1503,224750853,877933,SENSEX25O2377300PE,SENSEX,0.0,2025-10-23,77300.0,0.05,20,PE,BFO-OPT,BFO
1504,224811781,878171,SENSEX25O2377300CE,SENSEX,0.0,2025-10-23,77300.0,0.05,20,CE,BFO-OPT,BFO
1505,224708357,877767,SENSEX25O2377200PE,SENSEX,0.0,2025-10-23,77200.0,0.05,20,PE,BFO-OPT,BFO
1506,224772101,878016,SENSEX25O2377200CE,SENSEX,0.0,2025-10-23,77200.0,0.05,20,CE,BFO-OPT,BFO
1507,224722949,877824,SENSEX25O2377100PE,SENSEX,0.0,2025-10-23,77100.0,0.05,20,PE,BFO-OPT,BFO
1508,224728581,877846,SENSEX25O2377100CE,SENSEX,0.0,2025-10-23,77100.0,0.05,20,CE,BFO-OPT,BFO
1509,224745989,877914,SENSEX25O2377000CE,SENSEX,0.0,2025-10-23,77000.0,0.05,20,CE,BFO-OPT,BFO
1510,224809221,878161,SENSEX25O2377000PE,SENSEX,0.0,2025-10-23,77000.0,0.05,20,PE,BFO-OPT,BFO
1511,224727813,877843,SENSEX25O2376900CE,SENSEX,0.0,2025-10-23,76900.0,0.05,20,CE,BFO-OPT,BFO
1512,224794373,878103,SENSEX25O2376900PE,SENSEX,0.0,2025-10-23,76900.0,0.05,20,PE,BFO-OPT,BFO
1513,224807685,878155,SENSEX25O2376800PE,SENSEX,0.0,2025-10-23,76800.0,0.05,20,PE,BFO-OPT,BFO
1514,224814341,878181,SENSEX25O2376800CE,SENSEX,0.0,2025-10-23,76800.0,0.05,20,CE,BFO-OPT,BFO
1515,224702725,877745,SENSEX25O2376700CE,SENSEX,0.0,2025-10-23,76700.0,0.05,20,CE,BFO-OPT,BFO
1516,224768773,878003,SENSEX25O2376700PE,SENSEX,0.0,2025-10-23,76700.0,0.05,20,PE,BFO-OPT,BFO
1517,224725765,877835,SENSEX25O2376600PE,SENSEX,0.0,2025-10-23,76600.0,0.05,20,PE,BFO-OPT,BFO
1518,224789509,878084,SENSEX25O2376600CE,SENSEX,0.0,2025-10-23,76600.0,0.05,20,CE,BFO-OPT,BFO
1519,224741893,877898,SENSEX25O2376500PE,SENSEX,0.0,2025-10-23,76500.0,0.05,20,PE,BFO-OPT,BFO
1520,224803077,878137,SENSEX25O2376500CE,SENSEX,0.0,2025-10-23,76500.0,0.05,20,CE,BFO-OPT,BFO
1521,224701701,877741,SENSEX25O2376400PE,SENSEX,0.0,2025-10-23,76400.0,0.05,20,PE,BFO-OPT,BFO
1522,224764421,877986,SENSEX25O2376400CE,SENSEX,0.0,2025-10-23,76400.0,0.05,20,CE,BFO-OPT,BFO
1523,224716805,877800,SENSEX25O2376300PE,SENSEX,0.0,2025-10-23,76300.0,0.05,20,PE,BFO-OPT,BFO
1524,224721413,877818,SENSEX25O2376300CE,SENSEX,0.0,2025-10-23,76300.0,0.05,20,CE,BFO-OPT,BFO
1525,224737797,877882,SENSEX25O2376200CE,SENSEX,0.0,2025-10-23,76200.0,0.05,20,CE,BFO-OPT,BFO
1526,224801285,878130,SENSEX25O2376200PE,SENSEX,0.0,2025-10-23,76200.0,0.05,20,PE,BFO-OPT,BFO
1527,224697349,877724,SENSEX25O2376100CE,SENSEX,0.0,2025-10-23,76100.0,0.05,20,CE,BFO-OPT,BFO
1528,224762629,877979,SENSEX25O2376100PE,SENSEX,0.0,2025-10-23,76100.0,0.05,20,PE,BFO-OPT,BFO
1529,224711685,877780,SENSEX25O2376000CE,SENSEX,0.0,2025-10-23,76000.0,0.05,20,CE,BFO-OPT,BFO
1530,224777221,878036,SENSEX25O2376000PE,SENSEX,0.0,2025-10-23,76000.0,0.05,20,PE,BFO-OPT,BFO
1531,224761093,877973,SENSEX25O2375900PE,SENSEX,0.0,2025-10-23,75900.0,0.05,20,PE,BFO-OPT,BFO
1532,224822789,878214,SENSEX25O2375900CE,SENSEX,0.0,2025-10-23,75900.0,0.05,20,CE,BFO-OPT,BFO
1533,224718853,877808,SENSEX25O2375800PE,SENSEX,0.0,2025-10-23,75800.0,0.05,20,PE,BFO-OPT,BFO
1534,224782085,878055,SENSEX25O2375800CE,SENSEX,0.0,2025-10-23,75800.0,0.05,20,CE,BFO-OPT,BFO
1535,224732933,877863,SENSEX25O2375700PE,SENSEX,0.0,2025-10-23,75700.0,0.05,20,PE,BFO-OPT,BFO
1536,224796165,878110,SENSEX25O2375700CE,SENSEX,0.0,2025-10-23,75700.0,0.05,20,CE,BFO-OPT,BFO
1537,224755205,877950,SENSEX25O2375600CE,SENSEX,0.0,2025-10-23,75600.0,0.05,20,CE,BFO-OPT,BFO
1538,224819717,878202,SENSEX25O2375600PE,SENSEX,0.0,2025-10-23,75600.0,0.05,20,PE,BFO-OPT,BFO
1539,224707589,877764,SENSEX25O2375500PE,SENSEX,0.0,2025-10-23,75500.0,0.05,20,PE,BFO-OPT,BFO
1540,224713733,877788,SENSEX25O2375500CE,SENSEX,0.0,2025-10-23,75500.0,0.05,20,CE,BFO-OPT,BFO
1541,224728069,877844,SENSEX25O2375400CE,SENSEX,0.0,2025-10-23,75400.0,0.05,20,CE,BFO-OPT,BFO
1542,224794629,878104,SENSEX25O2375400PE,SENSEX,0.0,2025-10-23,75400.0,0.05,20,PE,BFO-OPT,BFO
1543,224753157,877942,SENSEX25O2375300PE,SENSEX,0.0,2025-10-23,75300.0,0.05,20,PE,BFO-OPT,BFO
1544,224815365,878185,SENSEX25O2375300CE,SENSEX,0.0,2025-10-23,75300.0,0.05,20,CE,BFO-OPT,BFO
1545,224703237,877747,SENSEX25O2375200CE,SENSEX,0.0,2025-10-23,75200.0,0.05,20,CE,BFO-OPT,BFO
1546,224769029,878004,SENSEX25O2375200PE,SENSEX,0.0,2025-10-23,75200.0,0.05,20,PE,BFO-OPT,BFO
1547,224726277,877837,SENSEX25O2375100PE,SENSEX,0.0,2025-10-23,75100.0,0.05,20,PE,BFO-OPT,BFO
1548,224790533,878088,SENSEX25O2375100CE,SENSEX,0.0,2025-10-23,75100.0,0.05,20,CE,BFO-OPT,BFO
1549,224742149,877899,SENSEX25O2375000PE,SENSEX,0.0,2025-10-23,75000.0,0.05,20,PE,BFO-OPT,BFO
1550,224748549,877924,SENSEX25O2375000CE,SENSEX,0.0,2025-10-23,75000.0,0.05,20,CE,BFO-OPT,BFO
1551,224724485,877830,SENSEX25O2374900PE,SENSEX,0.0,2025-10-23,74900.0,0.05,20,PE,BFO-OPT,BFO
1552,224788997,878082,SENSEX25O2374900CE,SENSEX,0.0,2025-10-23,74900.0,0.05,20,CE,BFO-OPT,BFO
1553,224747269,877919,SENSEX25O2374800CE,SENSEX,0.0,2025-10-23,74800.0,0.05,20,CE,BFO-OPT,BFO
1554,224810245,878165,SENSEX25O2374800PE,SENSEX,0.0,2025-10-23,74800.0,0.05,20,PE,BFO-OPT,BFO
1555,224700421,877736,SENSEX25O2374700PE,SENSEX,0.0,2025-10-23,74700.0,0.05,20,PE,BFO-OPT,BFO
1556,224704773,877753,SENSEX25O2374700CE,SENSEX,0.0,2025-10-23,74700.0,0.05,20,CE,BFO-OPT,BFO
1557,224720901,877816,SENSEX25O2374600CE,SENSEX,0.0,2025-10-23,74600.0,0.05,20,CE,BFO-OPT,BFO
1558,224786949,878074,SENSEX25O2374600PE,SENSEX,0.0,2025-10-23,74600.0,0.05,20,PE,BFO-OPT,BFO
1559,224744965,877910,SENSEX25O2374500PE,SENSEX,0.0,2025-10-23,74500.0,0.05,20,PE,BFO-OPT,BFO
1560,224806149,878149,SENSEX25O2374500CE,SENSEX,0.0,2025-10-23,74500.0,0.05,20,CE,BFO-OPT,BFO
1561,224761349,877974,SENSEX25O2374400PE,SENSEX,0.0,2025-10-23,74400.0,0.05,20,PE,BFO-OPT,BFO
1562,224823301,878216,SENSEX25O2374400CE,SENSEX,0.0,2025-10-23,74400.0,0.05,20,CE,BFO-OPT,BFO
1563,224719109,877809,SENSEX25O2374300PE,SENSEX,0.0,2025-10-23,74300.0,0.05,20,PE,BFO-OPT,BFO
1564,224783109,878059,SENSEX25O2374300CE,SENSEX,0.0,2025-10-23,74300.0,0.05,20,CE,BFO-OPT,BFO
1565,224733701,877866,SENSEX25O2374200PE,SENSEX,0.0,2025-10-23,74200.0,0.05,20,PE,BFO-OPT,BFO
1566,224740613,877893,SENSEX25O2374200CE,SENSEX,0.0,2025-10-23,74200.0,0.05,20,CE,BFO-OPT,BFO
1567,224755717,877952,SENSEX25O2374100CE,SENSEX,0.0,2025-10-23,74100.0,0.05,20,CE,BFO-OPT,BFO
1568,224819973,878203,SENSEX25O2374100PE,SENSEX,0.0,2025-10-23,74100.0,0.05,20,PE,BFO-OPT,BFO
1569,224714501,877791,SENSEX25O2374000CE,SENSEX,0.0,2025-10-23,74000.0,0.05,20,CE,BFO-OPT,BFO
1570,224779013,878043,SENSEX25O2374000PE,SENSEX,0.0,2025-10-23,74000.0,0.05,20,PE,BFO-OPT,BFO
1571,224698885,877730,SENSEX25O2373900CE,SENSEX,0.0,2025-10-23,73900.0,0.05,20,CE,BFO-OPT,BFO
1572,224818949,878199,SENSEX25O2373900PE,SENSEX,0.0,2025-10-23,73900.0,0.05,20,PE,BFO-OPT,BFO
1573,224713477,877787,SENSEX25O2373800CE,SENSEX,0.0,2025-10-23,73800.0,0.05,20,CE,BFO-OPT,BFO
1574,224778245,878040,SENSEX25O2373800PE,SENSEX,0.0,2025-10-23,73800.0,0.05,20,PE,BFO-OPT,BFO
1575,224737029,877879,SENSEX25O2373700PE,SENSEX,0.0,2025-10-23,73700.0,0.05,20,PE,BFO-OPT,BFO
1576,224798981,878121,SENSEX25O2373700CE,SENSEX,0.0,2025-10-23,73700.0,0.05,20,CE,BFO-OPT,BFO
1577,224752901,877941,SENSEX25O2373600PE,SENSEX,0.0,2025-10-23,73600.0,0.05,20,PE,BFO-OPT,BFO
1578,224813317,878177,SENSEX25O2373600CE,SENSEX,0.0,2025-10-23,73600.0,0.05,20,CE,BFO-OPT,BFO
1579,224711173,877778,SENSEX25O2373500PE,SENSEX,0.0,2025-10-23,73500.0,0.05,20,PE,BFO-OPT,BFO
1580,224774149,878024,SENSEX25O2373500CE,SENSEX,0.0,2025-10-23,73500.0,0.05,20,CE,BFO-OPT,BFO
1581,224725509,877834,SENSEX25O2373400PE,SENSEX,0.0,2025-10-23,73400.0,0.05,20,PE,BFO-OPT,BFO
1582,224730373,877853,SENSEX25O2373400CE,SENSEX,0.0,2025-10-23,73400.0,0.05,20,CE,BFO-OPT,BFO
1583,224747781,877921,SENSEX25O2373300CE,SENSEX,0.0,2025-10-23,73300.0,0.05,20,CE,BFO-OPT,BFO
1584,224810757,878167,SENSEX25O2373300PE,SENSEX,0.0,2025-10-23,73300.0,0.05,20,PE,BFO-OPT,BFO
1585,224705285,877755,SENSEX25O2373200CE,SENSEX,0.0,2025-10-23,73200.0,0.05,20,CE,BFO-OPT,BFO
1586,224771077,878012,SENSEX25O2373200PE,SENSEX,0.0,2025-10-23,73200.0,0.05,20,PE,BFO-OPT,BFO
1587,286038533,1117338,SENSEX25O2373100CE,SENSEX,0.0,2025-10-23,73100.0,0.05,20,CE,BFO-OPT,BFO
1588,286170117,1117852,SENSEX25O2373100PE,SENSEX,0.0,2025-10-23,73100.0,0.05,20,PE,BFO-OPT,BFO
1589,286084869,1117519,SENSEX25O2373000PE,SENSEX,0.0,2025-10-23,73000.0,0.05,20,PE,BFO-OPT,BFO
1590,286215173,1118028,SENSEX25O2373000CE,SENSEX,0.0,2025-10-23,73000.0,0.05,20,CE,BFO-OPT,BFO
1591,286054661,1117401,SENSEX25O2372900PE,SENSEX,0.0,2025-10-23,72900.0,0.05,20,PE,BFO-OPT,BFO
1592,286179845,1117890,SENSEX25O2372900CE,SENSEX,0.0,2025-10-23,72900.0,0.05,20,CE,BFO-OPT,BFO
1593,287158277,1121712,SENSEX25O2372800PE,SENSEX,0.0,2025-10-23,72800.0,0.05,20,PE,BFO-OPT,BFO
1594,288231941,1125906,SENSEX25O2372800CE,SENSEX,0.0,2025-10-23,72800.0,0.05,20,CE,BFO-OPT,BFO
1595,220471301,861216,SENSEX25OCT84400PE,SENSEX,0.0,2025-10-30,84400.0,0.05,20,PE,BFO-OPT,BFO
1596,220612613,861768,SENSEX25OCT84400CE,SENSEX,0.0,2025-10-30,84400.0,0.05,20,CE,BFO-OPT,BFO
1597,220477957,861242,SENSEX25OCT84300CE,SENSEX,0.0,2025-10-30,84300.0,0.05,20,CE,BFO-OPT,BFO
1598,220518917,861402,SENSEX25OCT84300PE,SENSEX,0.0,2025-10-30,84300.0,0.05,20,PE,BFO-OPT,BFO
1599,220489989,861289,SENSEX25OCT84500CE,SENSEX,0.0,2025-10-30,84500.0,0.05,20,CE,BFO-OPT,BFO
1600,220530181,861446,SENSEX25OCT84500PE,SENSEX,0.0,2025-10-30,84500.0,0.05,20,PE,BFO-OPT,BFO
1601,220460805,861175,SENSEX25OCT84200PE,SENSEX,0.0,2025-10-30,84200.0,0.05,20,PE,BFO-OPT,BFO
1602,220525061,861426,SENSEX25OCT84200CE,SENSEX,0.0,2025-10-30,84200.0,0.05,20,CE,BFO-OPT,BFO
1603,220484101,861266,SENSEX25OCT84600PE,SENSEX,0.0,2025-10-30,84600.0,0.05,20,PE,BFO-OPT,BFO
1604,220624901,861816,SENSEX25OCT84600CE,SENSEX,0.0,2025-10-30,84600.0,0.05,20,CE,BFO-OPT,BFO
1605,220466181,861196,SENSEX25OCT84100CE,SENSEX,0.0,2025-10-30,84100.0,0.05,20,CE,BFO-OPT,BFO
1606,220505861,861351,SENSEX25OCT84100PE,SENSEX,0.0,2025-10-30,84100.0,0.05,20,PE,BFO-OPT,BFO
1607,220502277,861337,SENSEX25OCT84700CE,SENSEX,0.0,2025-10-30,84700.0,0.05,20,CE,BFO-OPT,BFO
1608,220618245,861790,SENSEX25OCT84700PE,SENSEX,0.0,2025-10-30,84700.0,0.05,20,PE,BFO-OPT,BFO
1609,220511749,861374,SENSEX25OCT84000CE,SENSEX,0.0,2025-10-30,84000.0,0.05,20,CE,BFO-OPT,BFO
1610,220549637,861522,SENSEX25OCT84000PE,SENSEX,0.0,2025-10-30,84000.0,0.05,20,PE,BFO-OPT,BFO
1611,220457733,861163,SENSEX25OCT84800CE,SENSEX,0.0,2025-10-30,84800.0,0.05,20,CE,BFO-OPT,BFO
1612,220496133,861313,SENSEX25OCT84800PE,SENSEX,0.0,2025-10-30,84800.0,0.05,20,PE,BFO-OPT,BFO
1613,220526597,861432,SENSEX25OCT83900PE,SENSEX,0.0,2025-10-30,83900.0,0.05,20,PE,BFO-OPT,BFO
1614,220585989,861664,SENSEX25OCT83900CE,SENSEX,0.0,2025-10-30,83900.0,0.05,20,CE,BFO-OPT,BFO
1615,220592389,861689,SENSEX25OCT84900CE,SENSEX,0.0,2025-10-30,84900.0,0.05,20,CE,BFO-OPT,BFO
1616,220629765,861835,SENSEX25OCT84900PE,SENSEX,0.0,2025-10-30,84900.0,0.05,20,PE,BFO-OPT,BFO
1617,220532741,861456,SENSEX25OCT83800CE,SENSEX,0.0,2025-10-30,83800.0,0.05,20,CE,BFO-OPT,BFO
1618,220569093,861598,SENSEX25OCT83800PE,SENSEX,0.0,2025-10-30,83800.0,0.05,20,PE,BFO-OPT,BFO
1619,220557573,861553,SENSEX25OCT85000PE,SENSEX,0.0,2025-10-30,85000.0,0.05,20,PE,BFO-OPT,BFO
1620,220615685,861780,SENSEX25OCT85000CE,SENSEX,0.0,2025-10-30,85000.0,0.05,20,CE,BFO-OPT,BFO
1621,220574725,861620,SENSEX25OCT83700CE,SENSEX,0.0,2025-10-30,83700.0,0.05,20,CE,BFO-OPT,BFO
1622,220611589,861764,SENSEX25OCT83700PE,SENSEX,0.0,2025-10-30,83700.0,0.05,20,PE,BFO-OPT,BFO
1623,220573189,861614,SENSEX25OCT85100CE,SENSEX,0.0,2025-10-30,85100.0,0.05,20,CE,BFO-OPT,BFO
1624,220609541,861756,SENSEX25OCT85100PE,SENSEX,0.0,2025-10-30,85100.0,0.05,20,PE,BFO-OPT,BFO
1625,220568069,861594,SENSEX25OCT85200PE,SENSEX,0.0,2025-10-30,85200.0,0.05,20,PE,BFO-OPT,BFO
1626,290266117,1133852,SENSEX25OCT91900CE,SENSEX,0.0,2025-10-30,91900.0,0.05,20,CE,BFO-OPT,BFO
1627,290291205,1133950,SENSEX25OCT91900PE,SENSEX,0.0,2025-10-30,91900.0,0.05,20,PE,BFO-OPT,BFO
1628,290196229,1133579,SENSEX25OCT91800PE,SENSEX,0.0,2025-10-30,91800.0,0.05,20,PE,BFO-OPT,BFO
1629,290296581,1133971,SENSEX25OCT91800CE,SENSEX,0.0,2025-10-30,91800.0,0.05,20,CE,BFO-OPT,BFO
1630,290260229,1133829,SENSEX25OCT91700CE,SENSEX,0.0,2025-10-30,91700.0,0.05,20,CE,BFO-OPT,BFO
1631,290284037,1133922,SENSEX25OCT91700PE,SENSEX,0.0,2025-10-30,91700.0,0.05,20,PE,BFO-OPT,BFO
1632,290286853,1133933,SENSEX25OCT91600CE,SENSEX,0.0,2025-10-30,91600.0,0.05,20,CE,BFO-OPT,BFO
1633,290315525,1134045,SENSEX25OCT91600PE,SENSEX,0.0,2025-10-30,91600.0,0.05,20,PE,BFO-OPT,BFO
1634,290163717,1133452,SENSEX25OCT91500PE,SENSEX,0.0,2025-10-30,91500.0,0.05,20,PE,BFO-OPT,BFO
1635,290189573,1133553,SENSEX25OCT91500CE,SENSEX,0.0,2025-10-30,91500.0,0.05,20,CE,BFO-OPT,BFO
1636,290164997,1133457,SENSEX25OCT91400CE,SENSEX,0.0,2025-10-30,91400.0,0.05,20,CE,BFO-OPT,BFO
1637,290180357,1133517,SENSEX25OCT91400PE,SENSEX,0.0,2025-10-30,91400.0,0.05,20,PE,BFO-OPT,BFO
1638,290119429,1133279,SENSEX25OCT91300PE,SENSEX,0.0,2025-10-30,91300.0,0.05,20,PE,BFO-OPT,BFO
1639,290184197,1133532,SENSEX25OCT91300CE,SENSEX,0.0,2025-10-30,91300.0,0.05,20,CE,BFO-OPT,BFO
1640,290161669,1133444,SENSEX25OCT91200CE,SENSEX,0.0,2025-10-30,91200.0,0.05,20,CE,BFO-OPT,BFO
1641,290175237,1133497,SENSEX25OCT91200PE,SENSEX,0.0,2025-10-30,91200.0,0.05,20,PE,BFO-OPT,BFO
1642,290111749,1133249,SENSEX25OCT91100PE,SENSEX,0.0,2025-10-30,91100.0,0.05,20,PE,BFO-OPT,BFO
1643,290177797,1133507,SENSEX25OCT91100CE,SENSEX,0.0,2025-10-30,91100.0,0.05,20,CE,BFO-OPT,BFO
1644,290011397,1132857,SENSEX25OCT91000CE,SENSEX,0.0,2025-10-30,91000.0,0.05,20,CE,BFO-OPT,BFO
1645,290054405,1133025,SENSEX25OCT91000PE,SENSEX,0.0,2025-10-30,91000.0,0.05,20,PE,BFO-OPT,BFO
1646,289935109,1132559,SENSEX25OCT90900PE,SENSEX,0.0,2025-10-30,90900.0,0.05,20,PE,BFO-OPT,BFO
1647,290093829,1133179,SENSEX25OCT90900CE,SENSEX,0.0,2025-10-30,90900.0,0.05,20,CE,BFO-OPT,BFO
1648,289941765,1132585,SENSEX25OCT90800CE,SENSEX,0.0,2025-10-30,90800.0,0.05,20,CE,BFO-OPT,BFO
1649,289982213,1132743,SENSEX25OCT90800PE,SENSEX,0.0,2025-10-30,90800.0,0.05,20,PE,BFO-OPT,BFO
1650,289924613,1132518,SENSEX25OCT90700PE,SENSEX,0.0,2025-10-30,90700.0,0.05,20,PE,BFO-OPT,BFO
1651,289989637,1132772,SENSEX25OCT90700CE,SENSEX,0.0,2025-10-30,90700.0,0.05,20,CE,BFO-OPT,BFO
1652,289929733,1132538,SENSEX25OCT90600CE,SENSEX,0.0,2025-10-30,90600.0,0.05,20,CE,BFO-OPT,BFO
1653,289969669,1132694,SENSEX25OCT90600PE,SENSEX,0.0,2025-10-30,90600.0,0.05,20,PE,BFO-OPT,BFO
1654,227603717,889077,SENSEX25OCT90500CE,SENSEX,0.0,2025-10-30,90500.0,0.05,20,CE,BFO-OPT,BFO
1655,227680773,889378,SENSEX25OCT90500PE,SENSEX,0.0,2025-10-30,90500.0,0.05,20,PE,BFO-OPT,BFO
1656,227525381,888771,SENSEX25OCT90400CE,SENSEX,0.0,2025-10-30,90400.0,0.05,20,CE,BFO-OPT,BFO
1657,227577349,888974,SENSEX25OCT90400PE,SENSEX,0.0,2025-10-30,90400.0,0.05,20,PE,BFO-OPT,BFO
1658,227586565,889010,SENSEX25OCT90300CE,SENSEX,0.0,2025-10-30,90300.0,0.05,20,CE,BFO-OPT,BFO
1659,227654917,889277,SENSEX25OCT90300PE,SENSEX,0.0,2025-10-30,90300.0,0.05,20,PE,BFO-OPT,BFO
1660,227356933,888113,SENSEX25OCT90200PE,SENSEX,0.0,2025-10-30,90200.0,0.05,20,PE,BFO-OPT,BFO
1661,227433733,888413,SENSEX25OCT90200CE,SENSEX,0.0,2025-10-30,90200.0,0.05,20,CE,BFO-OPT,BFO
1662,227365125,888145,SENSEX25OCT90100CE,SENSEX,0.0,2025-10-30,90100.0,0.05,20,CE,BFO-OPT,BFO
1663,227406597,888307,SENSEX25OCT90100PE,SENSEX,0.0,2025-10-30,90100.0,0.05,20,PE,BFO-OPT,BFO
1664,227344133,888063,SENSEX25OCT90000PE,SENSEX,0.0,2025-10-30,90000.0,0.05,20,PE,BFO-OPT,BFO
1665,227414789,888339,SENSEX25OCT90000CE,SENSEX,0.0,2025-10-30,90000.0,0.05,20,CE,BFO-OPT,BFO
1666,227203077,887512,SENSEX25OCT89900PE,SENSEX,0.0,2025-10-30,89900.0,0.05,20,PE,BFO-OPT,BFO
1667,227261957,887742,SENSEX25OCT89900CE,SENSEX,0.0,2025-10-30,89900.0,0.05,20,CE,BFO-OPT,BFO
1668,227208965,887535,SENSEX25OCT89800CE,SENSEX,0.0,2025-10-30,89800.0,0.05,20,CE,BFO-OPT,BFO
1669,227247109,887684,SENSEX25OCT89800PE,SENSEX,0.0,2025-10-30,89800.0,0.05,20,PE,BFO-OPT,BFO
1670,227251461,887701,SENSEX25OCT89700CE,SENSEX,0.0,2025-10-30,89700.0,0.05,20,CE,BFO-OPT,BFO
1671,227287301,887841,SENSEX25OCT89700PE,SENSEX,0.0,2025-10-30,89700.0,0.05,20,PE,BFO-OPT,BFO
1672,227196933,887488,SENSEX25OCT89600CE,SENSEX,0.0,2025-10-30,89600.0,0.05,20,CE,BFO-OPT,BFO
1673,227237381,887646,SENSEX25OCT89600PE,SENSEX,0.0,2025-10-30,89600.0,0.05,20,PE,BFO-OPT,BFO
1674,223478533,872963,SENSEX25OCT89500CE,SENSEX,0.0,2025-10-30,89500.0,0.05,20,CE,BFO-OPT,BFO
1675,223522821,873136,SENSEX25OCT89500PE,SENSEX,0.0,2025-10-30,89500.0,0.05,20,PE,BFO-OPT,BFO
1676,223446021,872836,SENSEX25OCT89400CE,SENSEX,0.0,2025-10-30,89400.0,0.05,20,CE,BFO-OPT,BFO
1677,223462405,872900,SENSEX25OCT89400PE,SENSEX,0.0,2025-10-30,89400.0,0.05,20,PE,BFO-OPT,BFO
1678,223451909,872859,SENSEX25OCT89300PE,SENSEX,0.0,2025-10-30,89300.0,0.05,20,PE,BFO-OPT,BFO
1679,223468037,872922,SENSEX25OCT89300CE,SENSEX,0.0,2025-10-30,89300.0,0.05,20,CE,BFO-OPT,BFO
1680,223454469,872869,SENSEX25OCT89200PE,SENSEX,0.0,2025-10-30,89200.0,0.05,20,PE,BFO-OPT,BFO
1681,223456773,872878,SENSEX25OCT89200CE,SENSEX,0.0,2025-10-30,89200.0,0.05,20,CE,BFO-OPT,BFO
1682,223407877,872687,SENSEX25OCT89100PE,SENSEX,0.0,2025-10-30,89100.0,0.05,20,PE,BFO-OPT,BFO
1683,223424005,872750,SENSEX25OCT89100CE,SENSEX,0.0,2025-10-30,89100.0,0.05,20,CE,BFO-OPT,BFO
1684,220662277,861962,SENSEX25OCT89000CE,SENSEX,0.0,2025-10-30,89000.0,0.05,20,CE,BFO-OPT,BFO
1685,220670213,861993,SENSEX25OCT89000PE,SENSEX,0.0,2025-10-30,89000.0,0.05,20,PE,BFO-OPT,BFO
1686,220640773,861878,SENSEX25OCT88900CE,SENSEX,0.0,2025-10-30,88900.0,0.05,20,CE,BFO-OPT,BFO
1687,220648965,861910,SENSEX25OCT88900PE,SENSEX,0.0,2025-10-30,88900.0,0.05,20,PE,BFO-OPT,BFO
1688,220461573,861178,SENSEX25OCT88800PE,SENSEX,0.0,2025-10-30,88800.0,0.05,20,PE,BFO-OPT,BFO
1689,220602629,861729,SENSEX25OCT88800CE,SENSEX,0.0,2025-10-30,88800.0,0.05,20,CE,BFO-OPT,BFO
1690,220466693,861198,SENSEX25OCT88700CE,SENSEX,0.0,2025-10-30,88700.0,0.05,20,CE,BFO-OPT,BFO
1691,220506373,861353,SENSEX25OCT88700PE,SENSEX,0.0,2025-10-30,88700.0,0.05,20,PE,BFO-OPT,BFO
1692,220591877,861687,SENSEX25OCT88600CE,SENSEX,0.0,2025-10-30,88600.0,0.05,20,CE,BFO-OPT,BFO
1693,220628997,861832,SENSEX25OCT88600PE,SENSEX,0.0,2025-10-30,88600.0,0.05,20,PE,BFO-OPT,BFO
1694,220456709,861159,SENSEX25OCT88500CE,SENSEX,0.0,2025-10-30,88500.0,0.05,20,CE,BFO-OPT,BFO
1695,220494085,861305,SENSEX25OCT88500PE,SENSEX,0.0,2025-10-30,88500.0,0.05,20,PE,BFO-OPT,BFO
1696,220500485,861330,SENSEX25OCT88400CE,SENSEX,0.0,2025-10-30,88400.0,0.05,20,CE,BFO-OPT,BFO
1697,220616965,861785,SENSEX25OCT88400PE,SENSEX,0.0,2025-10-30,88400.0,0.05,20,PE,BFO-OPT,BFO
1698,220482309,861259,SENSEX25OCT88300PE,SENSEX,0.0,2025-10-30,88300.0,0.05,20,PE,BFO-OPT,BFO
1699,220623877,861812,SENSEX25OCT88300CE,SENSEX,0.0,2025-10-30,88300.0,0.05,20,CE,BFO-OPT,BFO
1700,220488197,861282,SENSEX25OCT88200CE,SENSEX,0.0,2025-10-30,88200.0,0.05,20,CE,BFO-OPT,BFO
1701,220527877,861437,SENSEX25OCT88200PE,SENSEX,0.0,2025-10-30,88200.0,0.05,20,PE,BFO-OPT,BFO
1702,220470021,861211,SENSEX25OCT88100PE,SENSEX,0.0,2025-10-30,88100.0,0.05,20,PE,BFO-OPT,BFO
1703,220612101,861766,SENSEX25OCT88100CE,SENSEX,0.0,2025-10-30,88100.0,0.05,20,CE,BFO-OPT,BFO
1704,220476677,861237,SENSEX25OCT88000CE,SENSEX,0.0,2025-10-30,88000.0,0.05,20,CE,BFO-OPT,BFO
1705,220516613,861393,SENSEX25OCT88000PE,SENSEX,0.0,2025-10-30,88000.0,0.05,20,PE,BFO-OPT,BFO
1706,220553733,861538,SENSEX25OCT87900CE,SENSEX,0.0,2025-10-30,87900.0,0.05,20,CE,BFO-OPT,BFO
1707,220590853,861683,SENSEX25OCT87900PE,SENSEX,0.0,2025-10-30,87900.0,0.05,20,PE,BFO-OPT,BFO
1708,220536581,861471,SENSEX25OCT87800PE,SENSEX,0.0,2025-10-30,87800.0,0.05,20,PE,BFO-OPT,BFO
1709,220596229,861704,SENSEX25OCT87800CE,SENSEX,0.0,2025-10-30,87800.0,0.05,20,CE,BFO-OPT,BFO
1710,220541957,861492,SENSEX25OCT87700CE,SENSEX,0.0,2025-10-30,87700.0,0.05,20,CE,BFO-OPT,BFO
1711,220578565,861635,SENSEX25OCT87700PE,SENSEX,0.0,2025-10-30,87700.0,0.05,20,PE,BFO-OPT,BFO
1712,220526085,861430,SENSEX25OCT87600PE,SENSEX,0.0,2025-10-30,87600.0,0.05,20,PE,BFO-OPT,BFO
1713,220584709,861659,SENSEX25OCT87600CE,SENSEX,0.0,2025-10-30,87600.0,0.05,20,CE,BFO-OPT,BFO
1714,220531973,861453,SENSEX25OCT87500CE,SENSEX,0.0,2025-10-30,87500.0,0.05,20,CE,BFO-OPT,BFO
1715,220568581,861596,SENSEX25OCT87500PE,SENSEX,0.0,2025-10-30,87500.0,0.05,20,PE,BFO-OPT,BFO
1716,220573445,861615,SENSEX25OCT87400CE,SENSEX,0.0,2025-10-30,87400.0,0.05,20,CE,BFO-OPT,BFO
1717,220609797,861757,SENSEX25OCT87400PE,SENSEX,0.0,2025-10-30,87400.0,0.05,20,PE,BFO-OPT,BFO
1718,220520965,861410,SENSEX25OCT87300CE,SENSEX,0.0,2025-10-30,87300.0,0.05,20,CE,BFO-OPT,BFO
1719,220558085,861555,SENSEX25OCT87300PE,SENSEX,0.0,2025-10-30,87300.0,0.05,20,PE,BFO-OPT,BFO
1720,220563205,861575,SENSEX25OCT87200CE,SENSEX,0.0,2025-10-30,87200.0,0.05,20,CE,BFO-OPT,BFO
1721,220599045,861715,SENSEX25OCT87200PE,SENSEX,0.0,2025-10-30,87200.0,0.05,20,PE,BFO-OPT,BFO
1722,220545285,861505,SENSEX25OCT87100PE,SENSEX,0.0,2025-10-30,87100.0,0.05,20,PE,BFO-OPT,BFO
1723,220605189,861739,SENSEX25OCT87100CE,SENSEX,0.0,2025-10-30,87100.0,0.05,20,CE,BFO-OPT,BFO
1724,220552453,861533,SENSEX25OCT87000CE,SENSEX,0.0,2025-10-30,87000.0,0.05,20,CE,BFO-OPT,BFO
1725,220588805,861675,SENSEX25OCT87000PE,SENSEX,0.0,2025-10-30,87000.0,0.05,20,PE,BFO-OPT,BFO
1726,220484357,861267,SENSEX25OCT86900PE,SENSEX,0.0,2025-10-30,86900.0,0.05,20,PE,BFO-OPT,BFO
1727,220625157,861817,SENSEX25OCT86900CE,SENSEX,0.0,2025-10-30,86900.0,0.05,20,CE,BFO-OPT,BFO
1728,220490245,861290,SENSEX25OCT86800CE,SENSEX,0.0,2025-10-30,86800.0,0.05,20,CE,BFO-OPT,BFO
1729,220530437,861447,SENSEX25OCT86800PE,SENSEX,0.0,2025-10-30,86800.0,0.05,20,PE,BFO-OPT,BFO
1730,220471813,861218,SENSEX25OCT86700PE,SENSEX,0.0,2025-10-30,86700.0,0.05,20,PE,BFO-OPT,BFO
1731,220612869,861769,SENSEX25OCT86700CE,SENSEX,0.0,2025-10-30,86700.0,0.05,20,CE,BFO-OPT,BFO
1732,220478213,861243,SENSEX25OCT86600CE,SENSEX,0.0,2025-10-30,86600.0,0.05,20,CE,BFO-OPT,BFO
1733,220519173,861403,SENSEX25OCT86600PE,SENSEX,0.0,2025-10-30,86600.0,0.05,20,PE,BFO-OPT,BFO
1734,220461317,861177,SENSEX25OCT86500PE,SENSEX,0.0,2025-10-30,86500.0,0.05,20,PE,BFO-OPT,BFO
1735,220602373,861728,SENSEX25OCT86500CE,SENSEX,0.0,2025-10-30,86500.0,0.05,20,CE,BFO-OPT,BFO
1736,220466437,861197,SENSEX25OCT86400CE,SENSEX,0.0,2025-10-30,86400.0,0.05,20,CE,BFO-OPT,BFO
1737,220506117,861352,SENSEX25OCT86400PE,SENSEX,0.0,2025-10-30,86400.0,0.05,20,PE,BFO-OPT,BFO
1738,220512005,861375,SENSEX25OCT86300CE,SENSEX,0.0,2025-10-30,86300.0,0.05,20,CE,BFO-OPT,BFO
1739,220628485,861830,SENSEX25OCT86300PE,SENSEX,0.0,2025-10-30,86300.0,0.05,20,PE,BFO-OPT,BFO
1740,220456453,861158,SENSEX25OCT86200CE,SENSEX,0.0,2025-10-30,86200.0,0.05,20,CE,BFO-OPT,BFO
1741,220493829,861304,SENSEX25OCT86200PE,SENSEX,0.0,2025-10-30,86200.0,0.05,20,PE,BFO-OPT,BFO
1742,220500229,861329,SENSEX25OCT86100CE,SENSEX,0.0,2025-10-30,86100.0,0.05,20,CE,BFO-OPT,BFO
1743,220538885,861480,SENSEX25OCT86100PE,SENSEX,0.0,2025-10-30,86100.0,0.05,20,PE,BFO-OPT,BFO
1744,220481797,861257,SENSEX25OCT86000PE,SENSEX,0.0,2025-10-30,86000.0,0.05,20,PE,BFO-OPT,BFO
1745,220623621,861811,SENSEX25OCT86000CE,SENSEX,0.0,2025-10-30,86000.0,0.05,20,CE,BFO-OPT,BFO
1746,220521733,861413,SENSEX25OCT85900CE,SENSEX,0.0,2025-10-30,85900.0,0.05,20,CE,BFO-OPT,BFO
1747,220559365,861560,SENSEX25OCT85900PE,SENSEX,0.0,2025-10-30,85900.0,0.05,20,PE,BFO-OPT,BFO
1748,220564485,861580,SENSEX25OCT85800CE,SENSEX,0.0,2025-10-30,85800.0,0.05,20,CE,BFO-OPT,BFO
1749,220601605,861725,SENSEX25OCT85800PE,SENSEX,0.0,2025-10-30,85800.0,0.05,20,PE,BFO-OPT,BFO
1750,220507909,861359,SENSEX25OCT85700CE,SENSEX,0.0,2025-10-30,85700.0,0.05,20,CE,BFO-OPT,BFO
1751,220546821,861511,SENSEX25OCT85700PE,SENSEX,0.0,2025-10-30,85700.0,0.05,20,PE,BFO-OPT,BFO
1752,220553477,861537,SENSEX25OCT85600CE,SENSEX,0.0,2025-10-30,85600.0,0.05,20,CE,BFO-OPT,BFO
1753,220590597,861682,SENSEX25OCT85600PE,SENSEX,0.0,2025-10-30,85600.0,0.05,20,PE,BFO-OPT,BFO
1754,220536325,861470,SENSEX25OCT85500PE,SENSEX,0.0,2025-10-30,85500.0,0.05,20,PE,BFO-OPT,BFO
1755,220595973,861703,SENSEX25OCT85500CE,SENSEX,0.0,2025-10-30,85500.0,0.05,20,CE,BFO-OPT,BFO
1756,220541701,861491,SENSEX25OCT85400CE,SENSEX,0.0,2025-10-30,85400.0,0.05,20,CE,BFO-OPT,BFO
1757,220578309,861634,SENSEX25OCT85400PE,SENSEX,0.0,2025-10-30,85400.0,0.05,20,PE,BFO-OPT,BFO
1758,220584453,861658,SENSEX25OCT85300CE,SENSEX,0.0,2025-10-30,85300.0,0.05,20,CE,BFO-OPT,BFO
1759,220621317,861802,SENSEX25OCT85300PE,SENSEX,0.0,2025-10-30,85300.0,0.05,20,PE,BFO-OPT,BFO
1760,220531717,861452,SENSEX25OCT85200CE,SENSEX,0.0,2025-10-30,85200.0,0.05,20,CE,BFO-OPT,BFO
1761,220521477,861412,SENSEX25OCT83600CE,SENSEX,0.0,2025-10-30,83600.0,0.05,20,CE,BFO-OPT,BFO
1762,220559109,861559,SENSEX25OCT83600PE,SENSEX,0.0,2025-10-30,83600.0,0.05,20,PE,BFO-OPT,BFO
1763,220564229,861579,SENSEX25OCT83500CE,SENSEX,0.0,2025-10-30,83500.0,0.05,20,CE,BFO-OPT,BFO
1764,220601349,861724,SENSEX25OCT83500PE,SENSEX,0.0,2025-10-30,83500.0,0.05,20,PE,BFO-OPT,BFO
1765,220546309,861509,SENSEX25OCT83400PE,SENSEX,0.0,2025-10-30,83400.0,0.05,20,PE,BFO-OPT,BFO
1766,220606725,861745,SENSEX25OCT83400CE,SENSEX,0.0,2025-10-30,83400.0,0.05,20,CE,BFO-OPT,BFO
1767,220553221,861536,SENSEX25OCT83300CE,SENSEX,0.0,2025-10-30,83300.0,0.05,20,CE,BFO-OPT,BFO
1768,220590341,861681,SENSEX25OCT83300PE,SENSEX,0.0,2025-10-30,83300.0,0.05,20,PE,BFO-OPT,BFO
1769,220454917,861152,SENSEX25OCT83200PE,SENSEX,0.0,2025-10-30,83200.0,0.05,20,PE,BFO-OPT,BFO
1770,220595717,861702,SENSEX25OCT83200CE,SENSEX,0.0,2025-10-30,83200.0,0.05,20,CE,BFO-OPT,BFO
1771,220541445,861490,SENSEX25OCT83100CE,SENSEX,0.0,2025-10-30,83100.0,0.05,20,CE,BFO-OPT,BFO
1772,220577797,861632,SENSEX25OCT83100PE,SENSEX,0.0,2025-10-30,83100.0,0.05,20,PE,BFO-OPT,BFO
1773,220584197,861657,SENSEX25OCT83000CE,SENSEX,0.0,2025-10-30,83000.0,0.05,20,CE,BFO-OPT,BFO
1774,220621061,861801,SENSEX25OCT83000PE,SENSEX,0.0,2025-10-30,83000.0,0.05,20,PE,BFO-OPT,BFO
1775,220479237,861247,SENSEX25OCT82900CE,SENSEX,0.0,2025-10-30,82900.0,0.05,20,CE,BFO-OPT,BFO
1776,220520709,861409,SENSEX25OCT82900PE,SENSEX,0.0,2025-10-30,82900.0,0.05,20,PE,BFO-OPT,BFO
1777,220462085,861180,SENSEX25OCT82800PE,SENSEX,0.0,2025-10-30,82800.0,0.05,20,PE,BFO-OPT,BFO
1778,220603141,861731,SENSEX25OCT82800CE,SENSEX,0.0,2025-10-30,82800.0,0.05,20,CE,BFO-OPT,BFO
1779,220467461,861201,SENSEX25OCT82700CE,SENSEX,0.0,2025-10-30,82700.0,0.05,20,CE,BFO-OPT,BFO
1780,220507653,861358,SENSEX25OCT82700PE,SENSEX,0.0,2025-10-30,82700.0,0.05,20,PE,BFO-OPT,BFO
1781,220513797,861382,SENSEX25OCT82600CE,SENSEX,0.0,2025-10-30,82600.0,0.05,20,CE,BFO-OPT,BFO
1782,220629509,861834,SENSEX25OCT82600PE,SENSEX,0.0,2025-10-30,82600.0,0.05,20,PE,BFO-OPT,BFO
1783,220457477,861162,SENSEX25OCT82500CE,SENSEX,0.0,2025-10-30,82500.0,0.05,20,CE,BFO-OPT,BFO
1784,220495877,861312,SENSEX25OCT82500PE,SENSEX,0.0,2025-10-30,82500.0,0.05,20,PE,BFO-OPT,BFO
1785,220502021,861336,SENSEX25OCT82400CE,SENSEX,0.0,2025-10-30,82400.0,0.05,20,CE,BFO-OPT,BFO
1786,220540933,861488,SENSEX25OCT82400PE,SENSEX,0.0,2025-10-30,82400.0,0.05,20,PE,BFO-OPT,BFO
1787,220483589,861264,SENSEX25OCT82300PE,SENSEX,0.0,2025-10-30,82300.0,0.05,20,PE,BFO-OPT,BFO
1788,220624645,861815,SENSEX25OCT82300CE,SENSEX,0.0,2025-10-30,82300.0,0.05,20,CE,BFO-OPT,BFO
1789,220489733,861288,SENSEX25OCT82200CE,SENSEX,0.0,2025-10-30,82200.0,0.05,20,CE,BFO-OPT,BFO
1790,220529925,861445,SENSEX25OCT82200PE,SENSEX,0.0,2025-10-30,82200.0,0.05,20,PE,BFO-OPT,BFO
1791,220470789,861214,SENSEX25OCT82100PE,SENSEX,0.0,2025-10-30,82100.0,0.05,20,PE,BFO-OPT,BFO
1792,220535557,861467,SENSEX25OCT82100CE,SENSEX,0.0,2025-10-30,82100.0,0.05,20,CE,BFO-OPT,BFO
1793,220477701,861241,SENSEX25OCT82000CE,SENSEX,0.0,2025-10-30,82000.0,0.05,20,CE,BFO-OPT,BFO
1794,220518661,861401,SENSEX25OCT82000PE,SENSEX,0.0,2025-10-30,82000.0,0.05,20,PE,BFO-OPT,BFO
1795,220554245,861540,SENSEX25OCT81900CE,SENSEX,0.0,2025-10-30,81900.0,0.05,20,CE,BFO-OPT,BFO
1796,220591621,861686,SENSEX25OCT81900PE,SENSEX,0.0,2025-10-30,81900.0,0.05,20,PE,BFO-OPT,BFO
1797,220536837,861472,SENSEX25OCT81800PE,SENSEX,0.0,2025-10-30,81800.0,0.05,20,PE,BFO-OPT,BFO
1798,220597253,861708,SENSEX25OCT81800CE,SENSEX,0.0,2025-10-30,81800.0,0.05,20,CE,BFO-OPT,BFO
1799,220542469,861494,SENSEX25OCT81700CE,SENSEX,0.0,2025-10-30,81700.0,0.05,20,CE,BFO-OPT,BFO
1800,220578821,861636,SENSEX25OCT81700PE,SENSEX,0.0,2025-10-30,81700.0,0.05,20,PE,BFO-OPT,BFO
1801,220585733,861663,SENSEX25OCT81600CE,SENSEX,0.0,2025-10-30,81600.0,0.05,20,CE,BFO-OPT,BFO
1802,220623365,861810,SENSEX25OCT81600PE,SENSEX,0.0,2025-10-30,81600.0,0.05,20,PE,BFO-OPT,BFO
1803,220532485,861455,SENSEX25OCT81500CE,SENSEX,0.0,2025-10-30,81500.0,0.05,20,CE,BFO-OPT,BFO
1804,220568837,861597,SENSEX25OCT81500PE,SENSEX,0.0,2025-10-30,81500.0,0.05,20,PE,BFO-OPT,BFO
1805,220574469,861619,SENSEX25OCT81400CE,SENSEX,0.0,2025-10-30,81400.0,0.05,20,CE,BFO-OPT,BFO
1806,220611333,861763,SENSEX25OCT81400PE,SENSEX,0.0,2025-10-30,81400.0,0.05,20,PE,BFO-OPT,BFO
1807,220558597,861557,SENSEX25OCT81300PE,SENSEX,0.0,2025-10-30,81300.0,0.05,20,PE,BFO-OPT,BFO
1808,220617477,861787,SENSEX25OCT81300CE,SENSEX,0.0,2025-10-30,81300.0,0.05,20,CE,BFO-OPT,BFO
1809,220563973,861578,SENSEX25OCT81200CE,SENSEX,0.0,2025-10-30,81200.0,0.05,20,CE,BFO-OPT,BFO
1810,220601093,861723,SENSEX25OCT81200PE,SENSEX,0.0,2025-10-30,81200.0,0.05,20,PE,BFO-OPT,BFO
1811,220465157,861192,SENSEX25OCT81100PE,SENSEX,0.0,2025-10-30,81100.0,0.05,20,PE,BFO-OPT,BFO
1812,220606469,861744,SENSEX25OCT81100CE,SENSEX,0.0,2025-10-30,81100.0,0.05,20,CE,BFO-OPT,BFO
1813,220552965,861535,SENSEX25OCT81000CE,SENSEX,0.0,2025-10-30,81000.0,0.05,20,CE,BFO-OPT,BFO
1814,220590085,861680,SENSEX25OCT81000PE,SENSEX,0.0,2025-10-30,81000.0,0.05,20,PE,BFO-OPT,BFO
1815,220484613,861268,SENSEX25OCT80900PE,SENSEX,0.0,2025-10-30,80900.0,0.05,20,PE,BFO-OPT,BFO
1816,220625669,861819,SENSEX25OCT80900CE,SENSEX,0.0,2025-10-30,80900.0,0.05,20,CE,BFO-OPT,BFO
1817,220491013,861293,SENSEX25OCT80800CE,SENSEX,0.0,2025-10-30,80800.0,0.05,20,CE,BFO-OPT,BFO
1818,220531461,861451,SENSEX25OCT80800PE,SENSEX,0.0,2025-10-30,80800.0,0.05,20,PE,BFO-OPT,BFO
1819,220472069,861219,SENSEX25OCT80700PE,SENSEX,0.0,2025-10-30,80700.0,0.05,20,PE,BFO-OPT,BFO
1820,220613381,861771,SENSEX25OCT80700CE,SENSEX,0.0,2025-10-30,80700.0,0.05,20,CE,BFO-OPT,BFO
1821,220478981,861246,SENSEX25OCT80600CE,SENSEX,0.0,2025-10-30,80600.0,0.05,20,CE,BFO-OPT,BFO
1822,220520453,861408,SENSEX25OCT80600PE,SENSEX,0.0,2025-10-30,80600.0,0.05,20,PE,BFO-OPT,BFO
1823,220461829,861179,SENSEX25OCT80500PE,SENSEX,0.0,2025-10-30,80500.0,0.05,20,PE,BFO-OPT,BFO
1824,220526341,861431,SENSEX25OCT80500CE,SENSEX,0.0,2025-10-30,80500.0,0.05,20,CE,BFO-OPT,BFO
1825,220467205,861200,SENSEX25OCT80400CE,SENSEX,0.0,2025-10-30,80400.0,0.05,20,CE,BFO-OPT,BFO
1826,220507397,861357,SENSEX25OCT80400PE,SENSEX,0.0,2025-10-30,80400.0,0.05,20,PE,BFO-OPT,BFO
1827,220513541,861381,SENSEX25OCT80300CE,SENSEX,0.0,2025-10-30,80300.0,0.05,20,CE,BFO-OPT,BFO
1828,220551941,861531,SENSEX25OCT80300PE,SENSEX,0.0,2025-10-30,80300.0,0.05,20,PE,BFO-OPT,BFO
1829,220457221,861161,SENSEX25OCT80200CE,SENSEX,0.0,2025-10-30,80200.0,0.05,20,CE,BFO-OPT,BFO
1830,220495621,861311,SENSEX25OCT80200PE,SENSEX,0.0,2025-10-30,80200.0,0.05,20,PE,BFO-OPT,BFO
1831,220501765,861335,SENSEX25OCT80100CE,SENSEX,0.0,2025-10-30,80100.0,0.05,20,CE,BFO-OPT,BFO
1832,220540677,861487,SENSEX25OCT80100PE,SENSEX,0.0,2025-10-30,80100.0,0.05,20,PE,BFO-OPT,BFO
1833,220483077,861262,SENSEX25OCT80000PE,SENSEX,0.0,2025-10-30,80000.0,0.05,20,PE,BFO-OPT,BFO
1834,220545797,861507,SENSEX25OCT80000CE,SENSEX,0.0,2025-10-30,80000.0,0.05,20,CE,BFO-OPT,BFO
1835,220482821,861261,SENSEX25OCT79900CE,SENSEX,0.0,2025-10-30,79900.0,0.05,20,CE,BFO-OPT,BFO
1836,220523781,861421,SENSEX25OCT79900PE,SENSEX,0.0,2025-10-30,79900.0,0.05,20,PE,BFO-OPT,BFO
1837,220529669,861444,SENSEX25OCT79800CE,SENSEX,0.0,2025-10-30,79800.0,0.05,20,CE,BFO-OPT,BFO
1838,220566021,861586,SENSEX25OCT79800PE,SENSEX,0.0,2025-10-30,79800.0,0.05,20,PE,BFO-OPT,BFO
1839,220510213,861368,SENSEX25OCT79700PE,SENSEX,0.0,2025-10-30,79700.0,0.05,20,PE,BFO-OPT,BFO
1840,220571909,861609,SENSEX25OCT79700CE,SENSEX,0.0,2025-10-30,79700.0,0.05,20,CE,BFO-OPT,BFO
1841,220518405,861400,SENSEX25OCT79600CE,SENSEX,0.0,2025-10-30,79600.0,0.05,20,CE,BFO-OPT,BFO
1842,220555781,861546,SENSEX25OCT79600PE,SENSEX,0.0,2025-10-30,79600.0,0.05,20,PE,BFO-OPT,BFO
1843,220561413,861568,SENSEX25OCT79500CE,SENSEX,0.0,2025-10-30,79500.0,0.05,20,CE,BFO-OPT,BFO
1844,220598021,861711,SENSEX25OCT79500PE,SENSEX,0.0,2025-10-30,79500.0,0.05,20,PE,BFO-OPT,BFO
1845,220505349,861349,SENSEX25OCT79400CE,SENSEX,0.0,2025-10-30,79400.0,0.05,20,CE,BFO-OPT,BFO
1846,220543749,861499,SENSEX25OCT79400PE,SENSEX,0.0,2025-10-30,79400.0,0.05,20,PE,BFO-OPT,BFO
1847,220549381,861521,SENSEX25OCT79300CE,SENSEX,0.0,2025-10-30,79300.0,0.05,20,CE,BFO-OPT,BFO
1848,220587013,861668,SENSEX25OCT79300PE,SENSEX,0.0,2025-10-30,79300.0,0.05,20,PE,BFO-OPT,BFO
1849,220493317,861302,SENSEX25OCT79200CE,SENSEX,0.0,2025-10-30,79200.0,0.05,20,CE,BFO-OPT,BFO
1850,220533509,861459,SENSEX25OCT79200PE,SENSEX,0.0,2025-10-30,79200.0,0.05,20,PE,BFO-OPT,BFO
1851,220538629,861479,SENSEX25OCT79100CE,SENSEX,0.0,2025-10-30,79100.0,0.05,20,CE,BFO-OPT,BFO
1852,220575493,861623,SENSEX25OCT79100PE,SENSEX,0.0,2025-10-30,79100.0,0.05,20,PE,BFO-OPT,BFO
1853,220522501,861416,SENSEX25OCT79000PE,SENSEX,0.0,2025-10-30,79000.0,0.05,20,PE,BFO-OPT,BFO
1854,220580101,861641,SENSEX25OCT79000CE,SENSEX,0.0,2025-10-30,79000.0,0.05,20,CE,BFO-OPT,BFO
1855,220476165,861235,SENSEX25OCT78900CE,SENSEX,0.0,2025-10-30,78900.0,0.05,20,CE,BFO-OPT,BFO
1856,220594437,861697,SENSEX25OCT78900PE,SENSEX,0.0,2025-10-30,78900.0,0.05,20,PE,BFO-OPT,BFO
1857,220459269,861169,SENSEX25OCT78800PE,SENSEX,0.0,2025-10-30,78800.0,0.05,20,PE,BFO-OPT,BFO
1858,220600837,861722,SENSEX25OCT78800CE,SENSEX,0.0,2025-10-30,78800.0,0.05,20,CE,BFO-OPT,BFO
1859,220464901,861191,SENSEX25OCT78700CE,SENSEX,0.0,2025-10-30,78700.0,0.05,20,CE,BFO-OPT,BFO
1860,220504069,861344,SENSEX25OCT78700PE,SENSEX,0.0,2025-10-30,78700.0,0.05,20,PE,BFO-OPT,BFO
1861,220589829,861679,SENSEX25OCT78600CE,SENSEX,0.0,2025-10-30,78600.0,0.05,20,CE,BFO-OPT,BFO
1862,220626949,861824,SENSEX25OCT78600PE,SENSEX,0.0,2025-10-30,78600.0,0.05,20,PE,BFO-OPT,BFO
1863,220492037,861297,SENSEX25OCT78500PE,SENSEX,0.0,2025-10-30,78500.0,0.05,20,PE,BFO-OPT,BFO
1864,220632069,861844,SENSEX25OCT78500CE,SENSEX,0.0,2025-10-30,78500.0,0.05,20,CE,BFO-OPT,BFO
1865,220498181,861321,SENSEX25OCT78400CE,SENSEX,0.0,2025-10-30,78400.0,0.05,20,CE,BFO-OPT,BFO
1866,220614405,861775,SENSEX25OCT78400PE,SENSEX,0.0,2025-10-30,78400.0,0.05,20,PE,BFO-OPT,BFO
1867,220480005,861250,SENSEX25OCT78300PE,SENSEX,0.0,2025-10-30,78300.0,0.05,20,PE,BFO-OPT,BFO
1868,220620805,861800,SENSEX25OCT78300CE,SENSEX,0.0,2025-10-30,78300.0,0.05,20,CE,BFO-OPT,BFO
1869,220485893,861273,SENSEX25OCT78200CE,SENSEX,0.0,2025-10-30,78200.0,0.05,20,CE,BFO-OPT,BFO
1870,220603909,861734,SENSEX25OCT78200PE,SENSEX,0.0,2025-10-30,78200.0,0.05,20,PE,BFO-OPT,BFO
1871,220467973,861203,SENSEX25OCT78100PE,SENSEX,0.0,2025-10-30,78100.0,0.05,20,PE,BFO-OPT,BFO
1872,220609285,861755,SENSEX25OCT78100CE,SENSEX,0.0,2025-10-30,78100.0,0.05,20,CE,BFO-OPT,BFO
1873,220473349,861224,SENSEX25OCT78000CE,SENSEX,0.0,2025-10-30,78000.0,0.05,20,CE,BFO-OPT,BFO
1874,220514565,861385,SENSEX25OCT78000PE,SENSEX,0.0,2025-10-30,78000.0,0.05,20,PE,BFO-OPT,BFO
1875,220551685,861530,SENSEX25OCT77900CE,SENSEX,0.0,2025-10-30,77900.0,0.05,20,CE,BFO-OPT,BFO
1876,220588293,861673,SENSEX25OCT77900PE,SENSEX,0.0,2025-10-30,77900.0,0.05,20,PE,BFO-OPT,BFO
1877,220495365,861310,SENSEX25OCT77800CE,SENSEX,0.0,2025-10-30,77800.0,0.05,20,CE,BFO-OPT,BFO
1878,220534277,861462,SENSEX25OCT77800PE,SENSEX,0.0,2025-10-30,77800.0,0.05,20,PE,BFO-OPT,BFO
1879,220540421,861486,SENSEX25OCT77700CE,SENSEX,0.0,2025-10-30,77700.0,0.05,20,CE,BFO-OPT,BFO
1880,220576517,861627,SENSEX25OCT77700PE,SENSEX,0.0,2025-10-30,77700.0,0.05,20,PE,BFO-OPT,BFO
1881,220523525,861420,SENSEX25OCT77600PE,SENSEX,0.0,2025-10-30,77600.0,0.05,20,PE,BFO-OPT,BFO
1882,220582149,861649,SENSEX25OCT77600CE,SENSEX,0.0,2025-10-30,77600.0,0.05,20,CE,BFO-OPT,BFO
1883,220529413,861443,SENSEX25OCT77500CE,SENSEX,0.0,2025-10-30,77500.0,0.05,20,CE,BFO-OPT,BFO
1884,220565765,861585,SENSEX25OCT77500PE,SENSEX,0.0,2025-10-30,77500.0,0.05,20,PE,BFO-OPT,BFO
1885,220571653,861608,SENSEX25OCT77400CE,SENSEX,0.0,2025-10-30,77400.0,0.05,20,CE,BFO-OPT,BFO
1886,220608261,861751,SENSEX25OCT77400PE,SENSEX,0.0,2025-10-30,77400.0,0.05,20,PE,BFO-OPT,BFO
1887,220518149,861399,SENSEX25OCT77300CE,SENSEX,0.0,2025-10-30,77300.0,0.05,20,CE,BFO-OPT,BFO
1888,220555525,861545,SENSEX25OCT77300PE,SENSEX,0.0,2025-10-30,77300.0,0.05,20,PE,BFO-OPT,BFO
1889,220561157,861567,SENSEX25OCT77200CE,SENSEX,0.0,2025-10-30,77200.0,0.05,20,CE,BFO-OPT,BFO
1890,220597765,861710,SENSEX25OCT77200PE,SENSEX,0.0,2025-10-30,77200.0,0.05,20,PE,BFO-OPT,BFO
1891,220505093,861348,SENSEX25OCT77100CE,SENSEX,0.0,2025-10-30,77100.0,0.05,20,CE,BFO-OPT,BFO
1892,220543237,861497,SENSEX25OCT77100PE,SENSEX,0.0,2025-10-30,77100.0,0.05,20,PE,BFO-OPT,BFO
1893,220549125,861520,SENSEX25OCT77000CE,SENSEX,0.0,2025-10-30,77000.0,0.05,20,CE,BFO-OPT,BFO
1894,220586757,861667,SENSEX25OCT77000PE,SENSEX,0.0,2025-10-30,77000.0,0.05,20,PE,BFO-OPT,BFO
1895,220481285,861255,SENSEX25OCT76900PE,SENSEX,0.0,2025-10-30,76900.0,0.05,20,PE,BFO-OPT,BFO
1896,220623109,861809,SENSEX25OCT76900CE,SENSEX,0.0,2025-10-30,76900.0,0.05,20,CE,BFO-OPT,BFO
1897,220487941,861281,SENSEX25OCT76800CE,SENSEX,0.0,2025-10-30,76800.0,0.05,20,CE,BFO-OPT,BFO
1898,220604933,861738,SENSEX25OCT76800PE,SENSEX,0.0,2025-10-30,76800.0,0.05,20,PE,BFO-OPT,BFO
1899,220468997,861207,SENSEX25OCT76700PE,SENSEX,0.0,2025-10-30,76700.0,0.05,20,PE,BFO-OPT,BFO
1900,220611077,861762,SENSEX25OCT76700CE,SENSEX,0.0,2025-10-30,76700.0,0.05,20,CE,BFO-OPT,BFO
1901,220475909,861234,SENSEX25OCT76600CE,SENSEX,0.0,2025-10-30,76600.0,0.05,20,CE,BFO-OPT,BFO
1902,220516101,861391,SENSEX25OCT76600PE,SENSEX,0.0,2025-10-30,76600.0,0.05,20,PE,BFO-OPT,BFO
1903,220459013,861168,SENSEX25OCT76500PE,SENSEX,0.0,2025-10-30,76500.0,0.05,20,PE,BFO-OPT,BFO
1904,220600581,861721,SENSEX25OCT76500CE,SENSEX,0.0,2025-10-30,76500.0,0.05,20,CE,BFO-OPT,BFO
1905,220464645,861190,SENSEX25OCT76400CE,SENSEX,0.0,2025-10-30,76400.0,0.05,20,CE,BFO-OPT,BFO
1906,220503813,861343,SENSEX25OCT76400PE,SENSEX,0.0,2025-10-30,76400.0,0.05,20,PE,BFO-OPT,BFO
1907,220589573,861678,SENSEX25OCT76300CE,SENSEX,0.0,2025-10-30,76300.0,0.05,20,CE,BFO-OPT,BFO
1908,220626437,861822,SENSEX25OCT76300PE,SENSEX,0.0,2025-10-30,76300.0,0.05,20,PE,BFO-OPT,BFO
1909,220491781,861296,SENSEX25OCT76200PE,SENSEX,0.0,2025-10-30,76200.0,0.05,20,PE,BFO-OPT,BFO
1910,220631813,861843,SENSEX25OCT76200CE,SENSEX,0.0,2025-10-30,76200.0,0.05,20,CE,BFO-OPT,BFO
1911,220497925,861320,SENSEX25OCT76100CE,SENSEX,0.0,2025-10-30,76100.0,0.05,20,CE,BFO-OPT,BFO
1912,220613893,861773,SENSEX25OCT76100PE,SENSEX,0.0,2025-10-30,76100.0,0.05,20,PE,BFO-OPT,BFO
1913,220479749,861249,SENSEX25OCT76000PE,SENSEX,0.0,2025-10-30,76000.0,0.05,20,PE,BFO-OPT,BFO
1914,220620549,861799,SENSEX25OCT76000CE,SENSEX,0.0,2025-10-30,76000.0,0.05,20,CE,BFO-OPT,BFO
1915,220520197,861407,SENSEX25OCT75900CE,SENSEX,0.0,2025-10-30,75900.0,0.05,20,CE,BFO-OPT,BFO
1916,220556805,861550,SENSEX25OCT75900PE,SENSEX,0.0,2025-10-30,75900.0,0.05,20,PE,BFO-OPT,BFO
1917,220562949,861574,SENSEX25OCT75800CE,SENSEX,0.0,2025-10-30,75800.0,0.05,20,CE,BFO-OPT,BFO
1918,220598789,861714,SENSEX25OCT75800PE,SENSEX,0.0,2025-10-30,75800.0,0.05,20,PE,BFO-OPT,BFO
1919,220507141,861356,SENSEX25OCT75700CE,SENSEX,0.0,2025-10-30,75700.0,0.05,20,CE,BFO-OPT,BFO
1920,220544261,861501,SENSEX25OCT75700PE,SENSEX,0.0,2025-10-30,75700.0,0.05,20,PE,BFO-OPT,BFO
1921,220551429,861529,SENSEX25OCT75600CE,SENSEX,0.0,2025-10-30,75600.0,0.05,20,CE,BFO-OPT,BFO
1922,220588037,861672,SENSEX25OCT75600PE,SENSEX,0.0,2025-10-30,75600.0,0.05,20,PE,BFO-OPT,BFO
1923,220495109,861309,SENSEX25OCT75500CE,SENSEX,0.0,2025-10-30,75500.0,0.05,20,CE,BFO-OPT,BFO
1924,220534021,861461,SENSEX25OCT75500PE,SENSEX,0.0,2025-10-30,75500.0,0.05,20,PE,BFO-OPT,BFO
1925,220540165,861485,SENSEX25OCT75400CE,SENSEX,0.0,2025-10-30,75400.0,0.05,20,CE,BFO-OPT,BFO
1926,220576261,861626,SENSEX25OCT75400PE,SENSEX,0.0,2025-10-30,75400.0,0.05,20,PE,BFO-OPT,BFO
1927,220523013,861418,SENSEX25OCT75300PE,SENSEX,0.0,2025-10-30,75300.0,0.05,20,PE,BFO-OPT,BFO
1928,220581893,861648,SENSEX25OCT75300CE,SENSEX,0.0,2025-10-30,75300.0,0.05,20,CE,BFO-OPT,BFO
1929,220529157,861442,SENSEX25OCT75200CE,SENSEX,0.0,2025-10-30,75200.0,0.05,20,CE,BFO-OPT,BFO
1930,220565509,861584,SENSEX25OCT75200PE,SENSEX,0.0,2025-10-30,75200.0,0.05,20,PE,BFO-OPT,BFO
1931,220571397,861607,SENSEX25OCT75100CE,SENSEX,0.0,2025-10-30,75100.0,0.05,20,CE,BFO-OPT,BFO
1932,220608005,861750,SENSEX25OCT75100PE,SENSEX,0.0,2025-10-30,75100.0,0.05,20,PE,BFO-OPT,BFO
1933,220517893,861398,SENSEX25OCT75000CE,SENSEX,0.0,2025-10-30,75000.0,0.05,20,CE,BFO-OPT,BFO
1934,220555013,861543,SENSEX25OCT75000PE,SENSEX,0.0,2025-10-30,75000.0,0.05,20,PE,BFO-OPT,BFO
1935,220591365,861685,SENSEX25OCT74900CE,SENSEX,0.0,2025-10-30,74900.0,0.05,20,CE,BFO-OPT,BFO
1936,220627717,861827,SENSEX25OCT74900PE,SENSEX,0.0,2025-10-30,74900.0,0.05,20,PE,BFO-OPT,BFO
1937,220456197,861157,SENSEX25OCT74800CE,SENSEX,0.0,2025-10-30,74800.0,0.05,20,CE,BFO-OPT,BFO
1938,220493061,861301,SENSEX25OCT74800PE,SENSEX,0.0,2025-10-30,74800.0,0.05,20,PE,BFO-OPT,BFO
1939,220499973,861328,SENSEX25OCT74700CE,SENSEX,0.0,2025-10-30,74700.0,0.05,20,CE,BFO-OPT,BFO
1940,220615429,861779,SENSEX25OCT74700PE,SENSEX,0.0,2025-10-30,74700.0,0.05,20,PE,BFO-OPT,BFO
1941,220481029,861254,SENSEX25OCT74600PE,SENSEX,0.0,2025-10-30,74600.0,0.05,20,PE,BFO-OPT,BFO
1942,220622853,861808,SENSEX25OCT74600CE,SENSEX,0.0,2025-10-30,74600.0,0.05,20,CE,BFO-OPT,BFO
1943,220487685,861280,SENSEX25OCT74500CE,SENSEX,0.0,2025-10-30,74500.0,0.05,20,CE,BFO-OPT,BFO
1944,220604677,861737,SENSEX25OCT74500PE,SENSEX,0.0,2025-10-30,74500.0,0.05,20,PE,BFO-OPT,BFO
1945,220468741,861206,SENSEX25OCT74400PE,SENSEX,0.0,2025-10-30,74400.0,0.05,20,PE,BFO-OPT,BFO
1946,220610821,861761,SENSEX25OCT74400CE,SENSEX,0.0,2025-10-30,74400.0,0.05,20,CE,BFO-OPT,BFO
1947,220475653,861233,SENSEX25OCT74300CE,SENSEX,0.0,2025-10-30,74300.0,0.05,20,CE,BFO-OPT,BFO
1948,220515845,861390,SENSEX25OCT74300PE,SENSEX,0.0,2025-10-30,74300.0,0.05,20,PE,BFO-OPT,BFO
1949,220458757,861167,SENSEX25OCT74200PE,SENSEX,0.0,2025-10-30,74200.0,0.05,20,PE,BFO-OPT,BFO
1950,220600325,861720,SENSEX25OCT74200CE,SENSEX,0.0,2025-10-30,74200.0,0.05,20,CE,BFO-OPT,BFO
1951,220464389,861189,SENSEX25OCT74100CE,SENSEX,0.0,2025-10-30,74100.0,0.05,20,CE,BFO-OPT,BFO
1952,220503557,861342,SENSEX25OCT74100PE,SENSEX,0.0,2025-10-30,74100.0,0.05,20,PE,BFO-OPT,BFO
1953,220509445,861365,SENSEX25OCT74000CE,SENSEX,0.0,2025-10-30,74000.0,0.05,20,CE,BFO-OPT,BFO
1954,220626181,861821,SENSEX25OCT74000PE,SENSEX,0.0,2025-10-30,74000.0,0.05,20,PE,BFO-OPT,BFO
1955,220524805,861425,SENSEX25OCT73900PE,SENSEX,0.0,2025-10-30,73900.0,0.05,20,PE,BFO-OPT,BFO
1956,220583941,861656,SENSEX25OCT73900CE,SENSEX,0.0,2025-10-30,73900.0,0.05,20,CE,BFO-OPT,BFO
1957,220531205,861450,SENSEX25OCT73800CE,SENSEX,0.0,2025-10-30,73800.0,0.05,20,CE,BFO-OPT,BFO
1958,220567301,861591,SENSEX25OCT73800PE,SENSEX,0.0,2025-10-30,73800.0,0.05,20,PE,BFO-OPT,BFO
1959,220758533,862338,SENSEX25OCT73700CE,SENSEX,0.0,2025-10-30,73700.0,0.05,20,CE,BFO-OPT,BFO
1960,220788997,862457,SENSEX25OCT73700PE,SENSEX,0.0,2025-10-30,73700.0,0.05,20,PE,BFO-OPT,BFO
1961,220905733,862913,SENSEX25OCT73600CE,SENSEX,0.0,2025-10-30,73600.0,0.05,20,CE,BFO-OPT,BFO
1962,220941829,863054,SENSEX25OCT73600PE,SENSEX,0.0,2025-10-30,73600.0,0.05,20,PE,BFO-OPT,BFO
1963,220948997,863082,SENSEX25OCT73500CE,SENSEX,0.0,2025-10-30,73500.0,0.05,20,CE,BFO-OPT,BFO
1964,220985861,863226,SENSEX25OCT73500PE,SENSEX,0.0,2025-10-30,73500.0,0.05,20,PE,BFO-OPT,BFO
1965,220896261,862876,SENSEX25OCT73400CE,SENSEX,0.0,2025-10-30,73400.0,0.05,20,CE,BFO-OPT,BFO
1966,220933125,863020,SENSEX25OCT73400PE,SENSEX,0.0,2025-10-30,73400.0,0.05,20,PE,BFO-OPT,BFO
1967,220937989,863039,SENSEX25OCT73300CE,SENSEX,0.0,2025-10-30,73300.0,0.05,20,CE,BFO-OPT,BFO
1968,220972805,863175,SENSEX25OCT73300PE,SENSEX,0.0,2025-10-30,73300.0,0.05,20,PE,BFO-OPT,BFO
1969,220921861,862976,SENSEX25OCT73200PE,SENSEX,0.0,2025-10-30,73200.0,0.05,20,PE,BFO-OPT,BFO
1970,220978437,863197,SENSEX25OCT73200CE,SENSEX,0.0,2025-10-30,73200.0,0.05,20,CE,BFO-OPT,BFO
1971,220927237,862997,SENSEX25OCT73100CE,SENSEX,0.0,2025-10-30,73100.0,0.05,20,CE,BFO-OPT,BFO
1972,220962565,863135,SENSEX25OCT73100PE,SENSEX,0.0,2025-10-30,73100.0,0.05,20,PE,BFO-OPT,BFO
1973,221114373,863728,SENSEX25OCT73000CE,SENSEX,0.0,2025-10-30,73000.0,0.05,20,CE,BFO-OPT,BFO
1974,221124869,863769,SENSEX25OCT73000PE,SENSEX,0.0,2025-10-30,73000.0,0.05,20,PE,BFO-OPT,BFO
1975,221188613,864018,SENSEX25OCT72900CE,SENSEX,0.0,2025-10-30,72900.0,0.05,20,CE,BFO-OPT,BFO
1976,221220101,864141,SENSEX25OCT72900PE,SENSEX,0.0,2025-10-30,72900.0,0.05,20,PE,BFO-OPT,BFO
1977,221174277,863962,SENSEX25OCT72800PE,SENSEX,0.0,2025-10-30,72800.0,0.05,20,PE,BFO-OPT,BFO
1978,221284869,864394,SENSEX25OCT72800CE,SENSEX,0.0,2025-10-30,72800.0,0.05,20,CE,BFO-OPT,BFO
1979,221179141,863981,SENSEX25OCT72700CE,SENSEX,0.0,2025-10-30,72700.0,0.05,20,CE,BFO-OPT,BFO
1980,221210629,864104,SENSEX25OCT72700PE,SENSEX,0.0,2025-10-30,72700.0,0.05,20,PE,BFO-OPT,BFO
1981,221275909,864359,SENSEX25OCT72600CE,SENSEX,0.0,2025-10-30,72600.0,0.05,20,CE,BFO-OPT,BFO
1982,221305349,864474,SENSEX25OCT72600PE,SENSEX,0.0,2025-10-30,72600.0,0.05,20,PE,BFO-OPT,BFO
1983,221170949,863949,SENSEX25OCT72500CE,SENSEX,0.0,2025-10-30,72500.0,0.05,20,CE,BFO-OPT,BFO
1984,221201669,864069,SENSEX25OCT72500PE,SENSEX,0.0,2025-10-30,72500.0,0.05,20,PE,BFO-OPT,BFO
1985,221205765,864085,SENSEX25OCT72400CE,SENSEX,0.0,2025-10-30,72400.0,0.05,20,CE,BFO-OPT,BFO
1986,221298693,864448,SENSEX25OCT72400PE,SENSEX,0.0,2025-10-30,72400.0,0.05,20,PE,BFO-OPT,BFO
1987,224395013,876543,SENSEX25OCT72300PE,SENSEX,0.0,2025-10-30,72300.0,0.05,20,PE,BFO-OPT,BFO
1988,224436741,876706,SENSEX25OCT72300CE,SENSEX,0.0,2025-10-30,72300.0,0.05,20,CE,BFO-OPT,BFO
1989,227647237,889247,SENSEX25N0684400CE,SENSEX,0.0,2025-11-06,84400.0,0.05,20,CE,BFO-OPT,BFO
1990,227714053,889508,SENSEX25N0684400PE,SENSEX,0.0,2025-11-06,84400.0,0.05,20,PE,BFO-OPT,BFO
1991,227554565,888885,SENSEX25N0684300CE,SENSEX,0.0,2025-11-06,84300.0,0.05,20,CE,BFO-OPT,BFO
1992,227612677,889112,SENSEX25N0684300PE,SENSEX,0.0,2025-11-06,84300.0,0.05,20,PE,BFO-OPT,BFO
1993,227568645,888940,SENSEX25N0684500CE,SENSEX,0.0,2025-11-06,84500.0,0.05,20,CE,BFO-OPT,BFO
1994,227636997,889207,SENSEX25N0684500PE,SENSEX,0.0,2025-11-06,84500.0,0.05,20,PE,BFO-OPT,BFO
1995,227625733,889163,SENSEX25N0684200CE,SENSEX,0.0,2025-11-06,84200.0,0.05,20,CE,BFO-OPT,BFO
1996,227700485,889455,SENSEX25N0684200PE,SENSEX,0.0,2025-11-06,84200.0,0.05,20,PE,BFO-OPT,BFO
1997,227561477,888912,SENSEX25N0684600PE,SENSEX,0.0,2025-11-06,84600.0,0.05,20,PE,BFO-OPT,BFO
1998,227664389,889314,SENSEX25N0684600CE,SENSEX,0.0,2025-11-06,84600.0,0.05,20,CE,BFO-OPT,BFO
1999,227589125,889020,SENSEX25N0684100PE,SENSEX,0.0,2025-11-06,84100.0,0.05,20,PE,BFO-OPT,BFO
2000,227708421,889486,SENSEX25N0684100CE,SENSEX,0.0,2025-11-06,84100.0,0.05,20,CE,BFO-OPT,BFO
2001,227586309,889009,SENSEX25N0684700CE,SENSEX,0.0,2025-11-06,84700.0,0.05,20,CE,BFO-OPT,BFO
2002,227654149,889274,SENSEX25N0684700PE,SENSEX,0.0,2025-11-06,84700.0,0.05,20,PE,BFO-OPT,BFO
2003,227599621,889061,SENSEX25N0684000CE,SENSEX,0.0,2025-11-06,84000.0,0.05,20,CE,BFO-OPT,BFO
2004,227673605,889350,SENSEX25N0684000PE,SENSEX,0.0,2025-11-06,84000.0,0.05,20,PE,BFO-OPT,BFO
2005,227525125,888770,SENSEX25N0684800CE,SENSEX,0.0,2025-11-06,84800.0,0.05,20,CE,BFO-OPT,BFO
2006,227576837,888972,SENSEX25N0684800PE,SENSEX,0.0,2025-11-06,84800.0,0.05,20,PE,BFO-OPT,BFO
2007,227509765,888710,SENSEX25N0683900PE,SENSEX,0.0,2025-11-06,83900.0,0.05,20,PE,BFO-OPT,BFO
2008,227739653,889608,SENSEX25N0683900CE,SENSEX,0.0,2025-11-06,83900.0,0.05,20,CE,BFO-OPT,BFO
2009,227603205,889075,SENSEX25N0684900CE,SENSEX,0.0,2025-11-06,84900.0,0.05,20,CE,BFO-OPT,BFO
2010,227680517,889377,SENSEX25N0684900PE,SENSEX,0.0,2025-11-06,84900.0,0.05,20,PE,BFO-OPT,BFO
2011,227517701,888741,SENSEX25N0683800CE,SENSEX,0.0,2025-11-06,83800.0,0.05,20,CE,BFO-OPT,BFO
2012,227710213,889493,SENSEX25N0683800PE,SENSEX,0.0,2025-11-06,83800.0,0.05,20,PE,BFO-OPT,BFO
2013,227548677,888862,SENSEX25N0685000PE,SENSEX,0.0,2025-11-06,85000.0,0.05,20,PE,BFO-OPT,BFO
2014,227782405,889775,SENSEX25N0685000CE,SENSEX,0.0,2025-11-06,85000.0,0.05,20,CE,BFO-OPT,BFO
2015,227721477,889537,SENSEX25N0683700CE,SENSEX,0.0,2025-11-06,83700.0,0.05,20,CE,BFO-OPT,BFO
2016,227780869,889769,SENSEX25N0683700PE,SENSEX,0.0,2025-11-06,83700.0,0.05,20,PE,BFO-OPT,BFO
2017,227718149,889524,SENSEX25N0685100CE,SENSEX,0.0,2025-11-06,85100.0,0.05,20,CE,BFO-OPT,BFO
2018,227777541,889756,SENSEX25N0685100PE,SENSEX,0.0,2025-11-06,85100.0,0.05,20,PE,BFO-OPT,BFO
2019,227565829,888929,SENSEX25N0685200PE,SENSEX,0.0,2025-11-06,85200.0,0.05,20,PE,BFO-OPT,BFO
2020,290218757,1133667,SENSEX25N0691900CE,SENSEX,0.0,2025-11-06,91900.0,0.05,20,CE,BFO-OPT,BFO
2021,290302725,1133995,SENSEX25N0691900PE,SENSEX,0.0,2025-11-06,91900.0,0.05,20,PE,BFO-OPT,BFO
2022,290208005,1133625,SENSEX25N0691800PE,SENSEX,0.0,2025-11-06,91800.0,0.05,20,PE,BFO-OPT,BFO
2023,290306821,1134011,SENSEX25N0691800CE,SENSEX,0.0,2025-11-06,91800.0,0.05,20,CE,BFO-OPT,BFO
2024,290211077,1133637,SENSEX25N0691700CE,SENSEX,0.0,2025-11-06,91700.0,0.05,20,CE,BFO-OPT,BFO
2025,290237957,1133742,SENSEX25N0691700PE,SENSEX,0.0,2025-11-06,91700.0,0.05,20,PE,BFO-OPT,BFO
2026,290196741,1133581,SENSEX25N0691600PE,SENSEX,0.0,2025-11-06,91600.0,0.05,20,PE,BFO-OPT,BFO
2027,290298373,1133978,SENSEX25N0691600CE,SENSEX,0.0,2025-11-06,91600.0,0.05,20,CE,BFO-OPT,BFO
2028,290109445,1133240,SENSEX25N0691500CE,SENSEX,0.0,2025-11-06,91500.0,0.05,20,CE,BFO-OPT,BFO
2029,290134021,1133336,SENSEX25N0691500PE,SENSEX,0.0,2025-11-06,91500.0,0.05,20,PE,BFO-OPT,BFO
2030,290169605,1133475,SENSEX25N0691400CE,SENSEX,0.0,2025-11-06,91400.0,0.05,20,CE,BFO-OPT,BFO
2031,290187781,1133546,SENSEX25N0691400PE,SENSEX,0.0,2025-11-06,91400.0,0.05,20,PE,BFO-OPT,BFO
2032,290126085,1133305,SENSEX25N0691300PE,SENSEX,0.0,2025-11-06,91300.0,0.05,20,PE,BFO-OPT,BFO
2033,290190085,1133555,SENSEX25N0691300CE,SENSEX,0.0,2025-11-06,91300.0,0.05,20,CE,BFO-OPT,BFO
2034,290129669,1133319,SENSEX25N0691200CE,SENSEX,0.0,2025-11-06,91200.0,0.05,20,CE,BFO-OPT,BFO
2035,290181893,1133523,SENSEX25N0691200PE,SENSEX,0.0,2025-11-06,91200.0,0.05,20,PE,BFO-OPT,BFO
2036,290120965,1133285,SENSEX25N0691100PE,SENSEX,0.0,2025-11-06,91100.0,0.05,20,PE,BFO-OPT,BFO
2037,290185221,1133536,SENSEX25N0691100CE,SENSEX,0.0,2025-11-06,91100.0,0.05,20,CE,BFO-OPT,BFO
2038,289934853,1132558,SENSEX25N0691000CE,SENSEX,0.0,2025-11-06,91000.0,0.05,20,CE,BFO-OPT,BFO
2039,289975301,1132716,SENSEX25N0691000PE,SENSEX,0.0,2025-11-06,91000.0,0.05,20,PE,BFO-OPT,BFO
2040,290018821,1132886,SENSEX25N0690900CE,SENSEX,0.0,2025-11-06,90900.0,0.05,20,CE,BFO-OPT,BFO
2041,290062085,1133055,SENSEX25N0690900PE,SENSEX,0.0,2025-11-06,90900.0,0.05,20,PE,BFO-OPT,BFO
2042,289955845,1132640,SENSEX25N0690800CE,SENSEX,0.0,2025-11-06,90800.0,0.05,20,CE,BFO-OPT,BFO
2043,289996037,1132797,SENSEX25N0690800PE,SENSEX,0.0,2025-11-06,90800.0,0.05,20,PE,BFO-OPT,BFO
2044,290005509,1132834,SENSEX25N0690700CE,SENSEX,0.0,2025-11-06,90700.0,0.05,20,CE,BFO-OPT,BFO
2045,290049797,1133007,SENSEX25N0690700PE,SENSEX,0.0,2025-11-06,90700.0,0.05,20,PE,BFO-OPT,BFO
2046,289983493,1132748,SENSEX25N0690600PE,SENSEX,0.0,2025-11-06,90600.0,0.05,20,PE,BFO-OPT,BFO
2047,290056453,1133033,SENSEX25N0690600CE,SENSEX,0.0,2025-11-06,90600.0,0.05,20,CE,BFO-OPT,BFO
2048,227632901,889191,SENSEX25N0690500CE,SENSEX,0.0,2025-11-06,90500.0,0.05,20,CE,BFO-OPT,BFO
2049,227706117,889477,SENSEX25N0690500PE,SENSEX,0.0,2025-11-06,90500.0,0.05,20,PE,BFO-OPT,BFO
2050,227595269,889044,SENSEX25N0690400PE,SENSEX,0.0,2025-11-06,90400.0,0.05,20,PE,BFO-OPT,BFO
2051,227711237,889497,SENSEX25N0690400CE,SENSEX,0.0,2025-11-06,90400.0,0.05,20,CE,BFO-OPT,BFO
2052,227606021,889086,SENSEX25N0690300CE,SENSEX,0.0,2025-11-06,90300.0,0.05,20,CE,BFO-OPT,BFO
2053,227683589,889389,SENSEX25N0690300PE,SENSEX,0.0,2025-11-06,90300.0,0.05,20,PE,BFO-OPT,BFO
2054,227695109,889434,SENSEX25N0690200CE,SENSEX,0.0,2025-11-06,90200.0,0.05,20,CE,BFO-OPT,BFO
2055,227758341,889681,SENSEX25N0690200PE,SENSEX,0.0,2025-11-06,90200.0,0.05,20,PE,BFO-OPT,BFO
2056,227587333,889013,SENSEX25N0690100CE,SENSEX,0.0,2025-11-06,90100.0,0.05,20,CE,BFO-OPT,BFO
2057,227655685,889280,SENSEX25N0690100PE,SENSEX,0.0,2025-11-06,90100.0,0.05,20,PE,BFO-OPT,BFO
2058,227667461,889326,SENSEX25N0690000CE,SENSEX,0.0,2025-11-06,90000.0,0.05,20,CE,BFO-OPT,BFO
2059,227738629,889604,SENSEX25N0690000PE,SENSEX,0.0,2025-11-06,90000.0,0.05,20,PE,BFO-OPT,BFO
2060,227505157,888692,SENSEX25N0689900PE,SENSEX,0.0,2025-11-06,89900.0,0.05,20,PE,BFO-OPT,BFO
2061,227738373,889603,SENSEX25N0689900CE,SENSEX,0.0,2025-11-06,89900.0,0.05,20,CE,BFO-OPT,BFO
2062,227640069,889219,SENSEX25N0689800CE,SENSEX,0.0,2025-11-06,89800.0,0.05,20,CE,BFO-OPT,BFO
2063,227709701,889491,SENSEX25N0689800PE,SENSEX,0.0,2025-11-06,89800.0,0.05,20,PE,BFO-OPT,BFO
2064,227718917,889527,SENSEX25N0689700CE,SENSEX,0.0,2025-11-06,89700.0,0.05,20,CE,BFO-OPT,BFO
2065,227779589,889764,SENSEX25N0689700PE,SENSEX,0.0,2025-11-06,89700.0,0.05,20,PE,BFO-OPT,BFO
2066,227689733,889413,SENSEX25N0689600PE,SENSEX,0.0,2025-11-06,89600.0,0.05,20,PE,BFO-OPT,BFO
2067,227784197,889782,SENSEX25N0689600CE,SENSEX,0.0,2025-11-06,89600.0,0.05,20,CE,BFO-OPT,BFO
2068,227704581,889471,SENSEX25N0689500CE,SENSEX,0.0,2025-11-06,89500.0,0.05,20,CE,BFO-OPT,BFO
2069,227765765,889710,SENSEX25N0689500PE,SENSEX,0.0,2025-11-06,89500.0,0.05,20,PE,BFO-OPT,BFO
2070,227533317,888802,SENSEX25N0689400PE,SENSEX,0.0,2025-11-06,89400.0,0.05,20,PE,BFO-OPT,BFO
2071,227772421,889736,SENSEX25N0689400CE,SENSEX,0.0,2025-11-06,89400.0,0.05,20,CE,BFO-OPT,BFO
2072,227681029,889379,SENSEX25N0689300CE,SENSEX,0.0,2025-11-06,89300.0,0.05,20,CE,BFO-OPT,BFO
2073,227746565,889635,SENSEX25N0689300PE,SENSEX,0.0,2025-11-06,89300.0,0.05,20,PE,BFO-OPT,BFO
2074,227520005,888750,SENSEX25N0689200PE,SENSEX,0.0,2025-11-06,89200.0,0.05,20,PE,BFO-OPT,BFO
2075,227755525,889670,SENSEX25N0689200CE,SENSEX,0.0,2025-11-06,89200.0,0.05,20,CE,BFO-OPT,BFO
2076,227527173,888778,SENSEX25N0689100CE,SENSEX,0.0,2025-11-06,89100.0,0.05,20,CE,BFO-OPT,BFO
2077,227726341,889556,SENSEX25N0689100PE,SENSEX,0.0,2025-11-06,89100.0,0.05,20,PE,BFO-OPT,BFO
2078,227502853,888683,SENSEX25N0689000PE,SENSEX,0.0,2025-11-06,89000.0,0.05,20,PE,BFO-OPT,BFO
2079,227735045,889590,SENSEX25N0689000CE,SENSEX,0.0,2025-11-06,89000.0,0.05,20,CE,BFO-OPT,BFO
2080,227555077,888887,SENSEX25N0688900CE,SENSEX,0.0,2025-11-06,88900.0,0.05,20,CE,BFO-OPT,BFO
2081,227613445,889115,SENSEX25N0688900PE,SENSEX,0.0,2025-11-06,88900.0,0.05,20,PE,BFO-OPT,BFO
2082,227528965,888785,SENSEX25N0688800PE,SENSEX,0.0,2025-11-06,88800.0,0.05,20,PE,BFO-OPT,BFO
2083,227627013,889168,SENSEX25N0688800CE,SENSEX,0.0,2025-11-06,88800.0,0.05,20,CE,BFO-OPT,BFO
2084,227536901,888816,SENSEX25N0688700CE,SENSEX,0.0,2025-11-06,88700.0,0.05,20,CE,BFO-OPT,BFO
2085,227590149,889024,SENSEX25N0688700PE,SENSEX,0.0,2025-11-06,88700.0,0.05,20,PE,BFO-OPT,BFO
2086,227601157,889067,SENSEX25N0688600CE,SENSEX,0.0,2025-11-06,88600.0,0.05,20,CE,BFO-OPT,BFO
2087,227674629,889354,SENSEX25N0688600PE,SENSEX,0.0,2025-11-06,88600.0,0.05,20,PE,BFO-OPT,BFO
2088,227524613,888768,SENSEX25N0688500CE,SENSEX,0.0,2025-11-06,88500.0,0.05,20,CE,BFO-OPT,BFO
2089,227575301,888966,SENSEX25N0688500PE,SENSEX,0.0,2025-11-06,88500.0,0.05,20,PE,BFO-OPT,BFO
2090,227583493,888998,SENSEX25N0688400CE,SENSEX,0.0,2025-11-06,88400.0,0.05,20,CE,BFO-OPT,BFO
2091,227652101,889266,SENSEX25N0688400PE,SENSEX,0.0,2025-11-06,88400.0,0.05,20,PE,BFO-OPT,BFO
2092,227560965,888910,SENSEX25N0688300PE,SENSEX,0.0,2025-11-06,88300.0,0.05,20,PE,BFO-OPT,BFO
2093,227661061,889301,SENSEX25N0688300CE,SENSEX,0.0,2025-11-06,88300.0,0.05,20,CE,BFO-OPT,BFO
2094,227567621,888936,SENSEX25N0688200CE,SENSEX,0.0,2025-11-06,88200.0,0.05,20,CE,BFO-OPT,BFO
2095,227634181,889196,SENSEX25N0688200PE,SENSEX,0.0,2025-11-06,88200.0,0.05,20,PE,BFO-OPT,BFO
2096,227646725,889245,SENSEX25N0688100CE,SENSEX,0.0,2025-11-06,88100.0,0.05,20,CE,BFO-OPT,BFO
2097,227712005,889500,SENSEX25N0688100PE,SENSEX,0.0,2025-11-06,88100.0,0.05,20,PE,BFO-OPT,BFO
2098,227553029,888879,SENSEX25N0688000CE,SENSEX,0.0,2025-11-06,88000.0,0.05,20,CE,BFO-OPT,BFO
2099,227610117,889102,SENSEX25N0688000PE,SENSEX,0.0,2025-11-06,88000.0,0.05,20,PE,BFO-OPT,BFO
2100,227683333,889388,SENSEX25N0687900CE,SENSEX,0.0,2025-11-06,87900.0,0.05,20,CE,BFO-OPT,BFO
2101,227749125,889645,SENSEX25N0687900PE,SENSEX,0.0,2025-11-06,87900.0,0.05,20,PE,BFO-OPT,BFO
2102,227524101,888766,SENSEX25N0687800PE,SENSEX,0.0,2025-11-06,87800.0,0.05,20,PE,BFO-OPT,BFO
2103,227758085,889680,SENSEX25N0687800CE,SENSEX,0.0,2025-11-06,87800.0,0.05,20,CE,BFO-OPT,BFO
2104,227655173,889278,SENSEX25N0687700CE,SENSEX,0.0,2025-11-06,87700.0,0.05,20,CE,BFO-OPT,BFO
2105,227728389,889564,SENSEX25N0687700PE,SENSEX,0.0,2025-11-06,87700.0,0.05,20,PE,BFO-OPT,BFO
2106,227504645,888690,SENSEX25N0687600PE,SENSEX,0.0,2025-11-06,87600.0,0.05,20,PE,BFO-OPT,BFO
2107,227736837,889597,SENSEX25N0687600CE,SENSEX,0.0,2025-11-06,87600.0,0.05,20,CE,BFO-OPT,BFO
2108,227513861,888726,SENSEX25N0687500CE,SENSEX,0.0,2025-11-06,87500.0,0.05,20,CE,BFO-OPT,BFO
2109,227708933,889488,SENSEX25N0687500PE,SENSEX,0.0,2025-11-06,87500.0,0.05,20,PE,BFO-OPT,BFO
2110,227718405,889525,SENSEX25N0687400CE,SENSEX,0.0,2025-11-06,87400.0,0.05,20,CE,BFO-OPT,BFO
2111,227779077,889762,SENSEX25N0687400PE,SENSEX,0.0,2025-11-06,87400.0,0.05,20,PE,BFO-OPT,BFO
2112,227549189,888864,SENSEX25N0687300PE,SENSEX,0.0,2025-11-06,87300.0,0.05,20,PE,BFO-OPT,BFO
2113,227783685,889780,SENSEX25N0687300CE,SENSEX,0.0,2025-11-06,87300.0,0.05,20,CE,BFO-OPT,BFO
2114,227704069,889469,SENSEX25N0687200CE,SENSEX,0.0,2025-11-06,87200.0,0.05,20,CE,BFO-OPT,BFO
2115,227765253,889708,SENSEX25N0687200PE,SENSEX,0.0,2025-11-06,87200.0,0.05,20,PE,BFO-OPT,BFO
2116,227533061,888801,SENSEX25N0687100PE,SENSEX,0.0,2025-11-06,87100.0,0.05,20,PE,BFO-OPT,BFO
2117,227771653,889733,SENSEX25N0687100CE,SENSEX,0.0,2025-11-06,87100.0,0.05,20,CE,BFO-OPT,BFO
2118,227543813,888843,SENSEX25N0687000CE,SENSEX,0.0,2025-11-06,87000.0,0.05,20,CE,BFO-OPT,BFO
2119,227745797,889632,SENSEX25N0687000PE,SENSEX,0.0,2025-11-06,87000.0,0.05,20,PE,BFO-OPT,BFO
2120,227511045,888715,SENSEX25N0686900CE,SENSEX,0.0,2025-11-06,86900.0,0.05,20,CE,BFO-OPT,BFO
2121,227562757,888917,SENSEX25N0686900PE,SENSEX,0.0,2025-11-06,86900.0,0.05,20,PE,BFO-OPT,BFO
2122,227568901,888941,SENSEX25N0686800CE,SENSEX,0.0,2025-11-06,86800.0,0.05,20,CE,BFO-OPT,BFO
2123,227637509,889209,SENSEX25N0686800PE,SENSEX,0.0,2025-11-06,86800.0,0.05,20,PE,BFO-OPT,BFO
2124,227545093,888848,SENSEX25N0686700PE,SENSEX,0.0,2025-11-06,86700.0,0.05,20,PE,BFO-OPT,BFO
2125,227647493,889248,SENSEX25N0686700CE,SENSEX,0.0,2025-11-06,86700.0,0.05,20,CE,BFO-OPT,BFO
2126,227554821,888886,SENSEX25N0686600CE,SENSEX,0.0,2025-11-06,86600.0,0.05,20,CE,BFO-OPT,BFO
2127,227613189,889114,SENSEX25N0686600PE,SENSEX,0.0,2025-11-06,86600.0,0.05,20,PE,BFO-OPT,BFO
2128,227626501,889166,SENSEX25N0686500CE,SENSEX,0.0,2025-11-06,86500.0,0.05,20,CE,BFO-OPT,BFO
2129,227701253,889458,SENSEX25N0686500PE,SENSEX,0.0,2025-11-06,86500.0,0.05,20,PE,BFO-OPT,BFO
2130,227536133,888813,SENSEX25N0686400CE,SENSEX,0.0,2025-11-06,86400.0,0.05,20,CE,BFO-OPT,BFO
2131,227589893,889023,SENSEX25N0686400PE,SENSEX,0.0,2025-11-06,86400.0,0.05,20,PE,BFO-OPT,BFO
2132,227599877,889062,SENSEX25N0686300CE,SENSEX,0.0,2025-11-06,86300.0,0.05,20,CE,BFO-OPT,BFO
2133,227673861,889351,SENSEX25N0686300PE,SENSEX,0.0,2025-11-06,86300.0,0.05,20,PE,BFO-OPT,BFO
2134,227575045,888965,SENSEX25N0686200PE,SENSEX,0.0,2025-11-06,86200.0,0.05,20,PE,BFO-OPT,BFO
2135,227688965,889410,SENSEX25N0686200CE,SENSEX,0.0,2025-11-06,86200.0,0.05,20,CE,BFO-OPT,BFO
2136,227582725,888995,SENSEX25N0686100CE,SENSEX,0.0,2025-11-06,86100.0,0.05,20,CE,BFO-OPT,BFO
2137,227651845,889265,SENSEX25N0686100PE,SENSEX,0.0,2025-11-06,86100.0,0.05,20,PE,BFO-OPT,BFO
2138,227660549,889299,SENSEX25N0686000CE,SENSEX,0.0,2025-11-06,86000.0,0.05,20,CE,BFO-OPT,BFO
2139,227732229,889579,SENSEX25N0686000PE,SENSEX,0.0,2025-11-06,86000.0,0.05,20,PE,BFO-OPT,BFO
2140,227692805,889425,SENSEX25N0685900PE,SENSEX,0.0,2025-11-06,85900.0,0.05,20,PE,BFO-OPT,BFO
2141,227785733,889788,SENSEX25N0685900CE,SENSEX,0.0,2025-11-06,85900.0,0.05,20,CE,BFO-OPT,BFO
2142,227705861,889476,SENSEX25N0685800CE,SENSEX,0.0,2025-11-06,85800.0,0.05,20,CE,BFO-OPT,BFO
2143,227768837,889722,SENSEX25N0685800PE,SENSEX,0.0,2025-11-06,85800.0,0.05,20,PE,BFO-OPT,BFO
2144,227535365,888810,SENSEX25N0685700PE,SENSEX,0.0,2025-11-06,85700.0,0.05,20,PE,BFO-OPT,BFO
2145,227774725,889745,SENSEX25N0685700CE,SENSEX,0.0,2025-11-06,85700.0,0.05,20,CE,BFO-OPT,BFO
2146,227682821,889386,SENSEX25N0685600CE,SENSEX,0.0,2025-11-06,85600.0,0.05,20,CE,BFO-OPT,BFO
2147,227747845,889640,SENSEX25N0685600PE,SENSEX,0.0,2025-11-06,85600.0,0.05,20,PE,BFO-OPT,BFO
2148,227522053,888758,SENSEX25N0685500PE,SENSEX,0.0,2025-11-06,85500.0,0.05,20,PE,BFO-OPT,BFO
2149,227757573,889678,SENSEX25N0685500CE,SENSEX,0.0,2025-11-06,85500.0,0.05,20,CE,BFO-OPT,BFO
2150,227528197,888782,SENSEX25N0685400CE,SENSEX,0.0,2025-11-06,85400.0,0.05,20,CE,BFO-OPT,BFO
2151,227727621,889561,SENSEX25N0685400PE,SENSEX,0.0,2025-11-06,85400.0,0.05,20,PE,BFO-OPT,BFO
2152,227504389,888689,SENSEX25N0685300PE,SENSEX,0.0,2025-11-06,85300.0,0.05,20,PE,BFO-OPT,BFO
2153,227736581,889596,SENSEX25N0685300CE,SENSEX,0.0,2025-11-06,85300.0,0.05,20,CE,BFO-OPT,BFO
2154,227513093,888723,SENSEX25N0685200CE,SENSEX,0.0,2025-11-06,85200.0,0.05,20,CE,BFO-OPT,BFO
2155,227552773,888878,SENSEX25N0683600PE,SENSEX,0.0,2025-11-06,83600.0,0.05,20,PE,BFO-OPT,BFO
2156,227785477,889787,SENSEX25N0683600CE,SENSEX,0.0,2025-11-06,83600.0,0.05,20,CE,BFO-OPT,BFO
2157,227705605,889475,SENSEX25N0683500CE,SENSEX,0.0,2025-11-06,83500.0,0.05,20,CE,BFO-OPT,BFO
2158,227768069,889719,SENSEX25N0683500PE,SENSEX,0.0,2025-11-06,83500.0,0.05,20,PE,BFO-OPT,BFO
2159,227535109,888809,SENSEX25N0683400PE,SENSEX,0.0,2025-11-06,83400.0,0.05,20,PE,BFO-OPT,BFO
2160,227774469,889744,SENSEX25N0683400CE,SENSEX,0.0,2025-11-06,83400.0,0.05,20,CE,BFO-OPT,BFO
2161,227544581,888846,SENSEX25N0683300CE,SENSEX,0.0,2025-11-06,83300.0,0.05,20,CE,BFO-OPT,BFO
2162,227747333,889638,SENSEX25N0683300PE,SENSEX,0.0,2025-11-06,83300.0,0.05,20,PE,BFO-OPT,BFO
2163,227521541,888756,SENSEX25N0683200PE,SENSEX,0.0,2025-11-06,83200.0,0.05,20,PE,BFO-OPT,BFO
2164,227756293,889673,SENSEX25N0683200CE,SENSEX,0.0,2025-11-06,83200.0,0.05,20,CE,BFO-OPT,BFO
2165,227527685,888780,SENSEX25N0683100CE,SENSEX,0.0,2025-11-06,83100.0,0.05,20,CE,BFO-OPT,BFO
2166,227582469,888994,SENSEX25N0683100PE,SENSEX,0.0,2025-11-06,83100.0,0.05,20,PE,BFO-OPT,BFO
2167,227504133,888688,SENSEX25N0683000PE,SENSEX,0.0,2025-11-06,83000.0,0.05,20,PE,BFO-OPT,BFO
2168,227735813,889593,SENSEX25N0683000CE,SENSEX,0.0,2025-11-06,83000.0,0.05,20,CE,BFO-OPT,BFO
2169,227558917,888902,SENSEX25N0682900CE,SENSEX,0.0,2025-11-06,82900.0,0.05,20,CE,BFO-OPT,BFO
2170,227621381,889146,SENSEX25N0682900PE,SENSEX,0.0,2025-11-06,82900.0,0.05,20,PE,BFO-OPT,BFO
2171,227630853,889183,SENSEX25N0682800CE,SENSEX,0.0,2025-11-06,82800.0,0.05,20,CE,BFO-OPT,BFO
2172,227703301,889466,SENSEX25N0682800PE,SENSEX,0.0,2025-11-06,82800.0,0.05,20,PE,BFO-OPT,BFO
2173,227538693,888823,SENSEX25N0682700CE,SENSEX,0.0,2025-11-06,82700.0,0.05,20,CE,BFO-OPT,BFO
2174,227592453,889033,SENSEX25N0682700PE,SENSEX,0.0,2025-11-06,82700.0,0.05,20,PE,BFO-OPT,BFO
2175,227602949,889074,SENSEX25N0682600CE,SENSEX,0.0,2025-11-06,82600.0,0.05,20,CE,BFO-OPT,BFO
2176,227679749,889374,SENSEX25N0682600PE,SENSEX,0.0,2025-11-06,82600.0,0.05,20,PE,BFO-OPT,BFO
2177,227576581,888971,SENSEX25N0682500PE,SENSEX,0.0,2025-11-06,82500.0,0.05,20,PE,BFO-OPT,BFO
2178,227691013,889418,SENSEX25N0682500CE,SENSEX,0.0,2025-11-06,82500.0,0.05,20,CE,BFO-OPT,BFO
2179,227585797,889007,SENSEX25N0682400CE,SENSEX,0.0,2025-11-06,82400.0,0.05,20,CE,BFO-OPT,BFO
2180,227653893,889273,SENSEX25N0682400PE,SENSEX,0.0,2025-11-06,82400.0,0.05,20,PE,BFO-OPT,BFO
2181,227662853,889308,SENSEX25N0682300CE,SENSEX,0.0,2025-11-06,82300.0,0.05,20,CE,BFO-OPT,BFO
2182,227734533,889588,SENSEX25N0682300PE,SENSEX,0.0,2025-11-06,82300.0,0.05,20,PE,BFO-OPT,BFO
2183,227568133,888938,SENSEX25N0682200CE,SENSEX,0.0,2025-11-06,82200.0,0.05,20,CE,BFO-OPT,BFO
2184,227636485,889205,SENSEX25N0682200PE,SENSEX,0.0,2025-11-06,82200.0,0.05,20,PE,BFO-OPT,BFO
2185,227646981,889246,SENSEX25N0682100CE,SENSEX,0.0,2025-11-06,82100.0,0.05,20,CE,BFO-OPT,BFO
2186,227713285,889505,SENSEX25N0682100PE,SENSEX,0.0,2025-11-06,82100.0,0.05,20,PE,BFO-OPT,BFO
2187,227553285,888880,SENSEX25N0682000CE,SENSEX,0.0,2025-11-06,82000.0,0.05,20,CE,BFO-OPT,BFO
2188,227611397,889107,SENSEX25N0682000PE,SENSEX,0.0,2025-11-06,82000.0,0.05,20,PE,BFO-OPT,BFO
2189,227686149,889399,SENSEX25N0681900CE,SENSEX,0.0,2025-11-06,81900.0,0.05,20,CE,BFO-OPT,BFO
2190,227749381,889646,SENSEX25N0681900PE,SENSEX,0.0,2025-11-06,81900.0,0.05,20,PE,BFO-OPT,BFO
2191,227524357,888767,SENSEX25N0681800PE,SENSEX,0.0,2025-11-06,81800.0,0.05,20,PE,BFO-OPT,BFO
2192,227759109,889684,SENSEX25N0681800CE,SENSEX,0.0,2025-11-06,81800.0,0.05,20,CE,BFO-OPT,BFO
2193,227529221,888786,SENSEX25N0681700CE,SENSEX,0.0,2025-11-06,81700.0,0.05,20,CE,BFO-OPT,BFO
2194,227729925,889570,SENSEX25N0681700PE,SENSEX,0.0,2025-11-06,81700.0,0.05,20,PE,BFO-OPT,BFO
2195,227509253,888708,SENSEX25N0681600PE,SENSEX,0.0,2025-11-06,81600.0,0.05,20,PE,BFO-OPT,BFO
2196,227739141,889606,SENSEX25N0681600CE,SENSEX,0.0,2025-11-06,81600.0,0.05,20,CE,BFO-OPT,BFO
2197,227516165,888735,SENSEX25N0681500CE,SENSEX,0.0,2025-11-06,81500.0,0.05,20,CE,BFO-OPT,BFO
2198,227567365,888935,SENSEX25N0681500PE,SENSEX,0.0,2025-11-06,81500.0,0.05,20,PE,BFO-OPT,BFO
2199,227719685,889530,SENSEX25N0681400CE,SENSEX,0.0,2025-11-06,81400.0,0.05,20,CE,BFO-OPT,BFO
2200,227780357,889767,SENSEX25N0681400PE,SENSEX,0.0,2025-11-06,81400.0,0.05,20,PE,BFO-OPT,BFO
2201,227552517,888877,SENSEX25N0681300PE,SENSEX,0.0,2025-11-06,81300.0,0.05,20,PE,BFO-OPT,BFO
2202,227784453,889783,SENSEX25N0681300CE,SENSEX,0.0,2025-11-06,81300.0,0.05,20,CE,BFO-OPT,BFO
2203,227561221,888911,SENSEX25N0681200CE,SENSEX,0.0,2025-11-06,81200.0,0.05,20,CE,BFO-OPT,BFO
2204,227767301,889716,SENSEX25N0681200PE,SENSEX,0.0,2025-11-06,81200.0,0.05,20,PE,BFO-OPT,BFO
2205,227534853,888808,SENSEX25N0681100PE,SENSEX,0.0,2025-11-06,81100.0,0.05,20,PE,BFO-OPT,BFO
2206,227773701,889741,SENSEX25N0681100CE,SENSEX,0.0,2025-11-06,81100.0,0.05,20,CE,BFO-OPT,BFO
2207,227544325,888845,SENSEX25N0681000CE,SENSEX,0.0,2025-11-06,81000.0,0.05,20,CE,BFO-OPT,BFO
2208,227747077,889637,SENSEX25N0681000PE,SENSEX,0.0,2025-11-06,81000.0,0.05,20,PE,BFO-OPT,BFO
2209,227563013,888918,SENSEX25N0680900PE,SENSEX,0.0,2025-11-06,80900.0,0.05,20,PE,BFO-OPT,BFO
2210,227666437,889322,SENSEX25N0680900CE,SENSEX,0.0,2025-11-06,80900.0,0.05,20,CE,BFO-OPT,BFO
2211,227569157,888942,SENSEX25N0680800CE,SENSEX,0.0,2025-11-06,80800.0,0.05,20,CE,BFO-OPT,BFO
2212,227639813,889218,SENSEX25N0680800PE,SENSEX,0.0,2025-11-06,80800.0,0.05,20,PE,BFO-OPT,BFO
2213,227648005,889250,SENSEX25N0680700CE,SENSEX,0.0,2025-11-06,80700.0,0.05,20,CE,BFO-OPT,BFO
2214,227717637,889522,SENSEX25N0680700PE,SENSEX,0.0,2025-11-06,80700.0,0.05,20,PE,BFO-OPT,BFO
2215,227558661,888901,SENSEX25N0680600CE,SENSEX,0.0,2025-11-06,80600.0,0.05,20,CE,BFO-OPT,BFO
2216,227620869,889144,SENSEX25N0680600PE,SENSEX,0.0,2025-11-06,80600.0,0.05,20,PE,BFO-OPT,BFO
2217,227630341,889181,SENSEX25N0680500CE,SENSEX,0.0,2025-11-06,80500.0,0.05,20,CE,BFO-OPT,BFO
2218,227702021,889461,SENSEX25N0680500PE,SENSEX,0.0,2025-11-06,80500.0,0.05,20,PE,BFO-OPT,BFO
2219,227592197,889032,SENSEX25N0680400PE,SENSEX,0.0,2025-11-06,80400.0,0.05,20,PE,BFO-OPT,BFO
2220,227709957,889492,SENSEX25N0680400CE,SENSEX,0.0,2025-11-06,80400.0,0.05,20,CE,BFO-OPT,BFO
2221,227602181,889071,SENSEX25N0680300CE,SENSEX,0.0,2025-11-06,80300.0,0.05,20,CE,BFO-OPT,BFO
2222,227679237,889372,SENSEX25N0680300PE,SENSEX,0.0,2025-11-06,80300.0,0.05,20,PE,BFO-OPT,BFO
2223,227690757,889417,SENSEX25N0680200CE,SENSEX,0.0,2025-11-06,80200.0,0.05,20,CE,BFO-OPT,BFO
2224,227754757,889667,SENSEX25N0680200PE,SENSEX,0.0,2025-11-06,80200.0,0.05,20,PE,BFO-OPT,BFO
2225,227585541,889006,SENSEX25N0680100CE,SENSEX,0.0,2025-11-06,80100.0,0.05,20,CE,BFO-OPT,BFO
2226,227653381,889271,SENSEX25N0680100PE,SENSEX,0.0,2025-11-06,80100.0,0.05,20,PE,BFO-OPT,BFO
2227,227662341,889306,SENSEX25N0680000CE,SENSEX,0.0,2025-11-06,80000.0,0.05,20,CE,BFO-OPT,BFO
2228,227734021,889586,SENSEX25N0680000PE,SENSEX,0.0,2025-11-06,80000.0,0.05,20,PE,BFO-OPT,BFO
2229,227502085,888680,SENSEX25N0679900PE,SENSEX,0.0,2025-11-06,79900.0,0.05,20,PE,BFO-OPT,BFO
2230,227733765,889585,SENSEX25N0679900CE,SENSEX,0.0,2025-11-06,79900.0,0.05,20,CE,BFO-OPT,BFO
2231,227635973,889203,SENSEX25N0679800CE,SENSEX,0.0,2025-11-06,79800.0,0.05,20,CE,BFO-OPT,BFO
2232,227707909,889484,SENSEX25N0679800PE,SENSEX,0.0,2025-11-06,79800.0,0.05,20,PE,BFO-OPT,BFO
2233,227713029,889504,SENSEX25N0679700CE,SENSEX,0.0,2025-11-06,79700.0,0.05,20,CE,BFO-OPT,BFO
2234,227776773,889753,SENSEX25N0679700PE,SENSEX,0.0,2025-11-06,79700.0,0.05,20,PE,BFO-OPT,BFO
2235,227610373,889103,SENSEX25N0679600CE,SENSEX,0.0,2025-11-06,79600.0,0.05,20,CE,BFO-OPT,BFO
2236,227688453,889408,SENSEX25N0679600PE,SENSEX,0.0,2025-11-06,79600.0,0.05,20,PE,BFO-OPT,BFO
2237,227700229,889454,SENSEX25N0679500CE,SENSEX,0.0,2025-11-06,79500.0,0.05,20,CE,BFO-OPT,BFO
2238,227764229,889704,SENSEX25N0679500PE,SENSEX,0.0,2025-11-06,79500.0,0.05,20,PE,BFO-OPT,BFO
2239,227657477,889287,SENSEX25N0679400PE,SENSEX,0.0,2025-11-06,79400.0,0.05,20,PE,BFO-OPT,BFO
2240,227770629,889729,SENSEX25N0679400CE,SENSEX,0.0,2025-11-06,79400.0,0.05,20,CE,BFO-OPT,BFO
2241,227671557,889342,SENSEX25N0679300CE,SENSEX,0.0,2025-11-06,79300.0,0.05,20,CE,BFO-OPT,BFO
2242,227741189,889614,SENSEX25N0679300PE,SENSEX,0.0,2025-11-06,79300.0,0.05,20,PE,BFO-OPT,BFO
2243,227517957,888742,SENSEX25N0679200PE,SENSEX,0.0,2025-11-06,79200.0,0.05,20,PE,BFO-OPT,BFO
2244,227753221,889661,SENSEX25N0679200CE,SENSEX,0.0,2025-11-06,79200.0,0.05,20,CE,BFO-OPT,BFO
2245,227651333,889263,SENSEX25N0679100CE,SENSEX,0.0,2025-11-06,79100.0,0.05,20,CE,BFO-OPT,BFO
2246,227723781,889546,SENSEX25N0679100PE,SENSEX,0.0,2025-11-06,79100.0,0.05,20,PE,BFO-OPT,BFO
2247,227731717,889577,SENSEX25N0679000CE,SENSEX,0.0,2025-11-06,79000.0,0.05,20,CE,BFO-OPT,BFO
2248,227786501,889791,SENSEX25N0679000PE,SENSEX,0.0,2025-11-06,79000.0,0.05,20,PE,BFO-OPT,BFO
2249,227552261,888876,SENSEX25N0678900CE,SENSEX,0.0,2025-11-06,78900.0,0.05,20,CE,BFO-OPT,BFO
2250,227608325,889095,SENSEX25N0678900PE,SENSEX,0.0,2025-11-06,78900.0,0.05,20,PE,BFO-OPT,BFO
2251,227526917,888777,SENSEX25N0678800PE,SENSEX,0.0,2025-11-06,78800.0,0.05,20,PE,BFO-OPT,BFO
2252,227624453,889158,SENSEX25N0678800CE,SENSEX,0.0,2025-11-06,78800.0,0.05,20,CE,BFO-OPT,BFO
2253,227533829,888804,SENSEX25N0678700CE,SENSEX,0.0,2025-11-06,78700.0,0.05,20,CE,BFO-OPT,BFO
2254,227588357,889017,SENSEX25N0678700PE,SENSEX,0.0,2025-11-06,78700.0,0.05,20,PE,BFO-OPT,BFO
2255,227512325,888720,SENSEX25N0678600PE,SENSEX,0.0,2025-11-06,78600.0,0.05,20,PE,BFO-OPT,BFO
2256,227598085,889055,SENSEX25N0678600CE,SENSEX,0.0,2025-11-06,78600.0,0.05,20,CE,BFO-OPT,BFO
2257,227520517,888752,SENSEX25N0678500CE,SENSEX,0.0,2025-11-06,78500.0,0.05,20,CE,BFO-OPT,BFO
2258,227571973,888953,SENSEX25N0678500PE,SENSEX,0.0,2025-11-06,78500.0,0.05,20,PE,BFO-OPT,BFO
2259,227581957,888992,SENSEX25N0678400CE,SENSEX,0.0,2025-11-06,78400.0,0.05,20,CE,BFO-OPT,BFO
2260,227650565,889260,SENSEX25N0678400PE,SENSEX,0.0,2025-11-06,78400.0,0.05,20,PE,BFO-OPT,BFO
2261,227503621,888686,SENSEX25N0678300CE,SENSEX,0.0,2025-11-06,78300.0,0.05,20,CE,BFO-OPT,BFO
2262,227560453,888908,SENSEX25N0678300PE,SENSEX,0.0,2025-11-06,78300.0,0.05,20,PE,BFO-OPT,BFO
2263,227565573,888928,SENSEX25N0678200CE,SENSEX,0.0,2025-11-06,78200.0,0.05,20,CE,BFO-OPT,BFO
2264,227632133,889188,SENSEX25N0678200PE,SENSEX,0.0,2025-11-06,78200.0,0.05,20,PE,BFO-OPT,BFO
2265,227540485,888830,SENSEX25N0678100PE,SENSEX,0.0,2025-11-06,78100.0,0.05,20,PE,BFO-OPT,BFO
2266,227641605,889225,SENSEX25N0678100CE,SENSEX,0.0,2025-11-06,78100.0,0.05,20,CE,BFO-OPT,BFO
2267,227546373,888853,SENSEX25N0678000CE,SENSEX,0.0,2025-11-06,78000.0,0.05,20,CE,BFO-OPT,BFO
2268,227605253,889083,SENSEX25N0678000PE,SENSEX,0.0,2025-11-06,78000.0,0.05,20,PE,BFO-OPT,BFO
2269,227678213,889368,SENSEX25N0677900CE,SENSEX,0.0,2025-11-06,77900.0,0.05,20,CE,BFO-OPT,BFO
2270,227744261,889626,SENSEX25N0677900PE,SENSEX,0.0,2025-11-06,77900.0,0.05,20,PE,BFO-OPT,BFO
2271,227519749,888749,SENSEX25N0677800PE,SENSEX,0.0,2025-11-06,77800.0,0.05,20,PE,BFO-OPT,BFO
2272,227754245,889665,SENSEX25N0677800CE,SENSEX,0.0,2025-11-06,77800.0,0.05,20,CE,BFO-OPT,BFO
2273,227652357,889267,SENSEX25N0677700CE,SENSEX,0.0,2025-11-06,77700.0,0.05,20,CE,BFO-OPT,BFO
2274,227725573,889553,SENSEX25N0677700PE,SENSEX,0.0,2025-11-06,77700.0,0.05,20,PE,BFO-OPT,BFO
2275,227500037,888672,SENSEX25N0677600PE,SENSEX,0.0,2025-11-06,77600.0,0.05,20,PE,BFO-OPT,BFO
2276,227733509,889584,SENSEX25N0677600CE,SENSEX,0.0,2025-11-06,77600.0,0.05,20,CE,BFO-OPT,BFO
2277,227635205,889200,SENSEX25N0677500CE,SENSEX,0.0,2025-11-06,77500.0,0.05,20,CE,BFO-OPT,BFO
2278,227707653,889483,SENSEX25N0677500PE,SENSEX,0.0,2025-11-06,77500.0,0.05,20,PE,BFO-OPT,BFO
2279,227712773,889503,SENSEX25N0677400CE,SENSEX,0.0,2025-11-06,77400.0,0.05,20,CE,BFO-OPT,BFO
2280,227776517,889752,SENSEX25N0677400PE,SENSEX,0.0,2025-11-06,77400.0,0.05,20,PE,BFO-OPT,BFO
2281,227687941,889406,SENSEX25N0677300PE,SENSEX,0.0,2025-11-06,77300.0,0.05,20,PE,BFO-OPT,BFO
2282,227781637,889772,SENSEX25N0677300CE,SENSEX,0.0,2025-11-06,77300.0,0.05,20,CE,BFO-OPT,BFO
2283,227699717,889452,SENSEX25N0677200CE,SENSEX,0.0,2025-11-06,77200.0,0.05,20,CE,BFO-OPT,BFO
2284,227762181,889696,SENSEX25N0677200PE,SENSEX,0.0,2025-11-06,77200.0,0.05,20,PE,BFO-OPT,BFO
2285,227530757,888792,SENSEX25N0677100PE,SENSEX,0.0,2025-11-06,77100.0,0.05,20,PE,BFO-OPT,BFO
2286,227770373,889728,SENSEX25N0677100CE,SENSEX,0.0,2025-11-06,77100.0,0.05,20,CE,BFO-OPT,BFO
2287,227670789,889339,SENSEX25N0677000CE,SENSEX,0.0,2025-11-06,77000.0,0.05,20,CE,BFO-OPT,BFO
2288,227740933,889613,SENSEX25N0677000PE,SENSEX,0.0,2025-11-06,77000.0,0.05,20,PE,BFO-OPT,BFO
2289,227507973,888703,SENSEX25N0676900CE,SENSEX,0.0,2025-11-06,76900.0,0.05,20,CE,BFO-OPT,BFO
2290,227560709,888909,SENSEX25N0676900PE,SENSEX,0.0,2025-11-06,76900.0,0.05,20,PE,BFO-OPT,BFO
2291,227566341,888931,SENSEX25N0676800CE,SENSEX,0.0,2025-11-06,76800.0,0.05,20,CE,BFO-OPT,BFO
2292,227633413,889193,SENSEX25N0676800PE,SENSEX,0.0,2025-11-06,76800.0,0.05,20,PE,BFO-OPT,BFO
2293,227543557,888842,SENSEX25N0676700PE,SENSEX,0.0,2025-11-06,76700.0,0.05,20,PE,BFO-OPT,BFO
2294,227779845,889765,SENSEX25N0676700CE,SENSEX,0.0,2025-11-06,76700.0,0.05,20,CE,BFO-OPT,BFO
2295,227552005,888875,SENSEX25N0676600CE,SENSEX,0.0,2025-11-06,76600.0,0.05,20,CE,BFO-OPT,BFO
2296,227607813,889093,SENSEX25N0676600PE,SENSEX,0.0,2025-11-06,76600.0,0.05,20,PE,BFO-OPT,BFO
2297,227526661,888776,SENSEX25N0676500PE,SENSEX,0.0,2025-11-06,76500.0,0.05,20,PE,BFO-OPT,BFO
2298,227623941,889156,SENSEX25N0676500CE,SENSEX,0.0,2025-11-06,76500.0,0.05,20,CE,BFO-OPT,BFO
2299,227533573,888803,SENSEX25N0676400CE,SENSEX,0.0,2025-11-06,76400.0,0.05,20,CE,BFO-OPT,BFO
2300,227588101,889016,SENSEX25N0676400PE,SENSEX,0.0,2025-11-06,76400.0,0.05,20,PE,BFO-OPT,BFO
2301,227597317,889052,SENSEX25N0676300CE,SENSEX,0.0,2025-11-06,76300.0,0.05,20,CE,BFO-OPT,BFO
2302,227670277,889337,SENSEX25N0676300PE,SENSEX,0.0,2025-11-06,76300.0,0.05,20,PE,BFO-OPT,BFO
2303,227520261,888751,SENSEX25N0676200CE,SENSEX,0.0,2025-11-06,76200.0,0.05,20,CE,BFO-OPT,BFO
2304,227570949,888949,SENSEX25N0676200PE,SENSEX,0.0,2025-11-06,76200.0,0.05,20,PE,BFO-OPT,BFO
2305,227580933,888988,SENSEX25N0676100CE,SENSEX,0.0,2025-11-06,76100.0,0.05,20,CE,BFO-OPT,BFO
2306,227649285,889255,SENSEX25N0676100PE,SENSEX,0.0,2025-11-06,76100.0,0.05,20,PE,BFO-OPT,BFO
2307,227560197,888907,SENSEX25N0676000PE,SENSEX,0.0,2025-11-06,76000.0,0.05,20,PE,BFO-OPT,BFO
2308,227656197,889282,SENSEX25N0676000CE,SENSEX,0.0,2025-11-06,76000.0,0.05,20,CE,BFO-OPT,BFO
2309,227616773,889128,SENSEX25N0675900CE,SENSEX,0.0,2025-11-06,75900.0,0.05,20,CE,BFO-OPT,BFO
2310,227688709,889409,SENSEX25N0675900PE,SENSEX,0.0,2025-11-06,75900.0,0.05,20,PE,BFO-OPT,BFO
2311,227701765,889460,SENSEX25N0675800CE,SENSEX,0.0,2025-11-06,75800.0,0.05,20,CE,BFO-OPT,BFO
2312,227764485,889705,SENSEX25N0675800PE,SENSEX,0.0,2025-11-06,75800.0,0.05,20,PE,BFO-OPT,BFO
2313,227659781,889296,SENSEX25N0675700PE,SENSEX,0.0,2025-11-06,75700.0,0.05,20,PE,BFO-OPT,BFO
2314,227771397,889732,SENSEX25N0675700CE,SENSEX,0.0,2025-11-06,75700.0,0.05,20,CE,BFO-OPT,BFO
2315,227676677,889362,SENSEX25N0675600CE,SENSEX,0.0,2025-11-06,75600.0,0.05,20,CE,BFO-OPT,BFO
2316,227743493,889623,SENSEX25N0675600PE,SENSEX,0.0,2025-11-06,75600.0,0.05,20,PE,BFO-OPT,BFO
2317,227518981,888746,SENSEX25N0675500PE,SENSEX,0.0,2025-11-06,75500.0,0.05,20,PE,BFO-OPT,BFO
2318,227753733,889663,SENSEX25N0675500CE,SENSEX,0.0,2025-11-06,75500.0,0.05,20,CE,BFO-OPT,BFO
2319,227834117,889977,SENSEX25N0675400CE,SENSEX,0.0,2025-11-06,75400.0,0.05,20,CE,BFO-OPT,BFO
2320,281611013,1100043,SENSEX25N0675400PE,SENSEX,0.0,2025-11-06,75400.0,0.05,20,PE,BFO-OPT,BFO
2321,227793925,889820,SENSEX25N0675300PE,SENSEX,0.0,2025-11-06,75300.0,0.05,20,PE,BFO-OPT,BFO
2322,281612549,1100049,SENSEX25N0675300CE,SENSEX,0.0,2025-11-06,75300.0,0.05,20,CE,BFO-OPT,BFO
2323,227797253,889833,SENSEX25N0675200CE,SENSEX,0.0,2025-11-06,75200.0,0.05,20,CE,BFO-OPT,BFO
2324,281606917,1100027,SENSEX25N0675200PE,SENSEX,0.0,2025-11-06,75200.0,0.05,20,PE,BFO-OPT,BFO
2325,281608453,1100033,SENSEX25N0675100CE,SENSEX,0.0,2025-11-06,75100.0,0.05,20,CE,BFO-OPT,BFO
2326,281623557,1100092,SENSEX25N0675100PE,SENSEX,0.0,2025-11-06,75100.0,0.05,20,PE,BFO-OPT,BFO
2327,281645573,1100178,SENSEX25N0675000PE,SENSEX,0.0,2025-11-06,75000.0,0.05,20,PE,BFO-OPT,BFO
2328,281714693,1100448,SENSEX25N0675000CE,SENSEX,0.0,2025-11-06,75000.0,0.05,20,CE,BFO-OPT,BFO
2329,281628421,1100111,SENSEX25N0674900PE,SENSEX,0.0,2025-11-06,74900.0,0.05,20,PE,BFO-OPT,BFO
2330,281664773,1100253,SENSEX25N0674900CE,SENSEX,0.0,2025-11-06,74900.0,0.05,20,CE,BFO-OPT,BFO
2331,281632773,1100128,SENSEX25N0674800CE,SENSEX,0.0,2025-11-06,74800.0,0.05,20,CE,BFO-OPT,BFO
2332,281654789,1100214,SENSEX25N0674800PE,SENSEX,0.0,2025-11-06,74800.0,0.05,20,PE,BFO-OPT,BFO
2333,281657093,1100223,SENSEX25N0674700CE,SENSEX,0.0,2025-11-06,74700.0,0.05,20,CE,BFO-OPT,BFO
2334,281675269,1100294,SENSEX25N0674700PE,SENSEX,0.0,2025-11-06,74700.0,0.05,20,PE,BFO-OPT,BFO
2335,281724421,1100486,SENSEX25N0674600CE,SENSEX,0.0,2025-11-06,74600.0,0.05,20,CE,BFO-OPT,BFO
2336,281743877,1100562,SENSEX25N0674600PE,SENSEX,0.0,2025-11-06,74600.0,0.05,20,PE,BFO-OPT,BFO
2337,281959173,1101403,SENSEX25N0674500CE,SENSEX,0.0,2025-11-06,74500.0,0.05,20,CE,BFO-OPT,BFO
2338,281984773,1101503,SENSEX25N0674500PE,SENSEX,0.0,2025-11-06,74500.0,0.05,20,PE,BFO-OPT,BFO
2339,281946885,1101355,SENSEX25N0674400PE,SENSEX,0.0,2025-11-06,74400.0,0.05,20,PE,BFO-OPT,BFO
2340,281986821,1101511,SENSEX25N0674400CE,SENSEX,0.0,2025-11-06,74400.0,0.05,20,CE,BFO-OPT,BFO
2341,281952517,1101377,SENSEX25N0674300CE,SENSEX,0.0,2025-11-06,74300.0,0.05,20,CE,BFO-OPT,BFO
2342,281976581,1101471,SENSEX25N0674300PE,SENSEX,0.0,2025-11-06,74300.0,0.05,20,PE,BFO-OPT,BFO
2343,281981445,1101490,SENSEX25N0674200CE,SENSEX,0.0,2025-11-06,74200.0,0.05,20,CE,BFO-OPT,BFO
2344,281993221,1101536,SENSEX25N0674200PE,SENSEX,0.0,2025-11-06,74200.0,0.05,20,PE,BFO-OPT,BFO
2345,282431237,1103247,SENSEX25N0674100CE,SENSEX,0.0,2025-11-06,74100.0,0.05,20,CE,BFO-OPT,BFO
2346,283175941,1106156,SENSEX25N0674100PE,SENSEX,0.0,2025-11-06,74100.0,0.05,20,PE,BFO-OPT,BFO
2347,283325701,1106741,SENSEX25N0674000CE,SENSEX,0.0,2025-11-06,74000.0,0.05,20,CE,BFO-OPT,BFO
2348,284640005,1111875,SENSEX25N0674000PE,SENSEX,0.0,2025-11-06,74000.0,0.05,20,PE,BFO-OPT,BFO
2349,282037509,1101709,SENSEX25N0673900PE,SENSEX,0.0,2025-11-06,73900.0,0.05,20,PE,BFO-OPT,BFO
2350,285307397,1114482,SENSEX25N0673900CE,SENSEX,0.0,2025-11-06,73900.0,0.05,20,CE,BFO-OPT,BFO
2351,284368645,1110815,SENSEX25N0673800CE,SENSEX,0.0,2025-11-06,73800.0,0.05,20,CE,BFO-OPT,BFO
2352,284991493,1113248,SENSEX25N0673800PE,SENSEX,0.0,2025-11-06,73800.0,0.05,20,PE,BFO-OPT,BFO
2353,285112069,1113719,SENSEX25N0673700CE,SENSEX,0.0,2025-11-06,73700.0,0.05,20,CE,BFO-OPT,BFO
2354,285670149,1115899,SENSEX25N0673700PE,SENSEX,0.0,2025-11-06,73700.0,0.05,20,PE,BFO-OPT,BFO
2355,286208773,1118003,SENSEX25N0673600PE,SENSEX,0.0,2025-11-06,73600.0,0.05,20,PE,BFO-OPT,BFO
2356,286221061,1118051,SENSEX25N0673600CE,SENSEX,0.0,2025-11-06,73600.0,0.05,20,CE,BFO-OPT,BFO
2357,285988869,1117144,SENSEX25N0673500CE,SENSEX,0.0,2025-11-06,73500.0,0.05,20,CE,BFO-OPT,BFO
2358,286125573,1117678,SENSEX25N0673500PE,SENSEX,0.0,2025-11-06,73500.0,0.05,20,PE,BFO-OPT,BFO
2359,286038277,1117337,SENSEX25N0673400PE,SENSEX,0.0,2025-11-06,73400.0,0.05,20,PE,BFO-OPT,BFO
2360,286164229,1117829,SENSEX25N0673400CE,SENSEX,0.0,2025-11-06,73400.0,0.05,20,CE,BFO-OPT,BFO
2361,286070021,1117461,SENSEX25N0673300PE,SENSEX,0.0,2025-11-06,73300.0,0.05,20,PE,BFO-OPT,BFO
2362,286200325,1117970,SENSEX25N0673300CE,SENSEX,0.0,2025-11-06,73300.0,0.05,20,CE,BFO-OPT,BFO
2363,285982725,1117120,SENSEX25N0673200PE,SENSEX,0.0,2025-11-06,73200.0,0.05,20,PE,BFO-OPT,BFO
2364,286115845,1117640,SENSEX25N0673200CE,SENSEX,0.0,2025-11-06,73200.0,0.05,20,CE,BFO-OPT,BFO
2365,286016517,1117252,SENSEX25N0673100PE,SENSEX,0.0,2025-11-06,73100.0,0.05,20,PE,BFO-OPT,BFO
2366,286028037,1117297,SENSEX25N0673100CE,SENSEX,0.0,2025-11-06,73100.0,0.05,20,CE,BFO-OPT,BFO
2367,286061573,1117428,SENSEX25N0673000CE,SENSEX,0.0,2025-11-06,73000.0,0.05,20,CE,BFO-OPT,BFO
2368,286192133,1117938,SENSEX25N0673000PE,SENSEX,0.0,2025-11-06,73000.0,0.05,20,PE,BFO-OPT,BFO
2369,286026757,1117292,SENSEX25N0672900CE,SENSEX,0.0,2025-11-06,72900.0,0.05,20,CE,BFO-OPT,BFO
2370,286156037,1117797,SENSEX25N0672900PE,SENSEX,0.0,2025-11-06,72900.0,0.05,20,PE,BFO-OPT,BFO
2371,288066821,1125261,SENSEX25N0672800PE,SENSEX,0.0,2025-11-06,72800.0,0.05,20,PE,BFO-OPT,BFO
2372,288158213,1125618,SENSEX25N0672800CE,SENSEX,0.0,2025-11-06,72800.0,0.05,20,CE,BFO-OPT,BFO
2373,282718213,1104368,SENSEX25N1384400CE,SENSEX,0.0,2025-11-13,84400.0,0.05,20,CE,BFO-OPT,BFO
2374,285447173,1115028,SENSEX25N1384400PE,SENSEX,0.0,2025-11-13,84400.0,0.05,20,PE,BFO-OPT,BFO
2375,282323205,1102825,SENSEX25N1384300PE,SENSEX,0.0,2025-11-13,84300.0,0.05,20,PE,BFO-OPT,BFO
2376,285526789,1115339,SENSEX25N1384300CE,SENSEX,0.0,2025-11-13,84300.0,0.05,20,CE,BFO-OPT,BFO
2377,282536453,1103658,SENSEX25N1384500PE,SENSEX,0.0,2025-11-13,84500.0,0.05,20,PE,BFO-OPT,BFO
2378,285682181,1115946,SENSEX25N1384500CE,SENSEX,0.0,2025-11-13,84500.0,0.05,20,CE,BFO-OPT,BFO
2379,282424837,1103222,SENSEX25N1384200CE,SENSEX,0.0,2025-11-13,84200.0,0.05,20,CE,BFO-OPT,BFO
2380,283168773,1106128,SENSEX25N1384200PE,SENSEX,0.0,2025-11-13,84200.0,0.05,20,PE,BFO-OPT,BFO
2381,285007365,1113310,SENSEX25N1384600CE,SENSEX,0.0,2025-11-13,84600.0,0.05,20,CE,BFO-OPT,BFO
2382,285602821,1115636,SENSEX25N1384600PE,SENSEX,0.0,2025-11-13,84600.0,0.05,20,PE,BFO-OPT,BFO
2383,282124805,1102050,SENSEX25N1384100PE,SENSEX,0.0,2025-11-13,84100.0,0.05,20,PE,BFO-OPT,BFO
2384,285371653,1114733,SENSEX25N1384100CE,SENSEX,0.0,2025-11-13,84100.0,0.05,20,CE,BFO-OPT,BFO
2385,282050565,1101760,SENSEX25N1384700CE,SENSEX,0.0,2025-11-13,84700.0,0.05,20,CE,BFO-OPT,BFO
2386,282825733,1104788,SENSEX25N1384700PE,SENSEX,0.0,2025-11-13,84700.0,0.05,20,PE,BFO-OPT,BFO
2387,282230277,1102462,SENSEX25N1384000CE,SENSEX,0.0,2025-11-13,84000.0,0.05,20,CE,BFO-OPT,BFO
2388,282985477,1105412,SENSEX25N1384000PE,SENSEX,0.0,2025-11-13,84000.0,0.05,20,PE,BFO-OPT,BFO
2389,285226501,1114166,SENSEX25N1384800CE,SENSEX,0.0,2025-11-13,84800.0,0.05,20,CE,BFO-OPT,BFO
2390,285752837,1116222,SENSEX25N1384800PE,SENSEX,0.0,2025-11-13,84800.0,0.05,20,PE,BFO-OPT,BFO
2391,284364037,1110797,SENSEX25N1383900CE,SENSEX,0.0,2025-11-13,83900.0,0.05,20,CE,BFO-OPT,BFO
2392,284983557,1113217,SENSEX25N1383900PE,SENSEX,0.0,2025-11-13,83900.0,0.05,20,PE,BFO-OPT,BFO
2393,282251269,1102544,SENSEX25N1384900CE,SENSEX,0.0,2025-11-13,84900.0,0.05,20,CE,BFO-OPT,BFO
2394,283004421,1105486,SENSEX25N1384900PE,SENSEX,0.0,2025-11-13,84900.0,0.05,20,PE,BFO-OPT,BFO
2395,282611973,1103953,SENSEX25N1383800CE,SENSEX,0.0,2025-11-13,83800.0,0.05,20,CE,BFO-OPT,BFO
2396,283352581,1106846,SENSEX25N1383800PE,SENSEX,0.0,2025-11-13,83800.0,0.05,20,PE,BFO-OPT,BFO
2397,284851205,1112700,SENSEX25N1385000CE,SENSEX,0.0,2025-11-13,85000.0,0.05,20,CE,BFO-OPT,BFO
2398,285492741,1115206,SENSEX25N1385000PE,SENSEX,0.0,2025-11-13,85000.0,0.05,20,PE,BFO-OPT,BFO
2399,283482629,1107354,SENSEX25N1383700CE,SENSEX,0.0,2025-11-13,83700.0,0.05,20,CE,BFO-OPT,BFO
2400,284766469,1112369,SENSEX25N1383700PE,SENSEX,0.0,2025-11-13,83700.0,0.05,20,PE,BFO-OPT,BFO
2401,283456261,1107251,SENSEX25N1385100CE,SENSEX,0.0,2025-11-13,85100.0,0.05,20,CE,BFO-OPT,BFO
2402,284747269,1112294,SENSEX25N1385100PE,SENSEX,0.0,2025-11-13,85100.0,0.05,20,PE,BFO-OPT,BFO
2403,285075717,1113577,SENSEX25N1385200CE,SENSEX,0.0,2025-11-13,85200.0,0.05,20,CE,BFO-OPT,BFO
2404,290235141,1133731,SENSEX25N1391900CE,SENSEX,0.0,2025-11-13,91900.0,0.05,20,CE,BFO-OPT,BFO
2405,290261253,1133833,SENSEX25N1391900PE,SENSEX,0.0,2025-11-13,91900.0,0.05,20,PE,BFO-OPT,BFO
2406,290265861,1133851,SENSEX25N1391800CE,SENSEX,0.0,2025-11-13,91800.0,0.05,20,CE,BFO-OPT,BFO
2407,290290693,1133948,SENSEX25N1391800PE,SENSEX,0.0,2025-11-13,91800.0,0.05,20,PE,BFO-OPT,BFO
2408,290255365,1133810,SENSEX25N1391700PE,SENSEX,0.0,2025-11-13,91700.0,0.05,20,PE,BFO-OPT,BFO
2409,290295813,1133968,SENSEX25N1391700CE,SENSEX,0.0,2025-11-13,91700.0,0.05,20,CE,BFO-OPT,BFO
2410,290259717,1133827,SENSEX25N1391600CE,SENSEX,0.0,2025-11-13,91600.0,0.05,20,CE,BFO-OPT,BFO
2411,290283525,1133920,SENSEX25N1391600PE,SENSEX,0.0,2025-11-13,91600.0,0.05,20,PE,BFO-OPT,BFO
2412,290167557,1133467,SENSEX25N1391500CE,SENSEX,0.0,2025-11-13,91500.0,0.05,20,CE,BFO-OPT,BFO
2413,290187525,1133545,SENSEX25N1391500PE,SENSEX,0.0,2025-11-13,91500.0,0.05,20,PE,BFO-OPT,BFO
2414,290149125,1133395,SENSEX25N1391400CE,SENSEX,0.0,2025-11-13,91400.0,0.05,20,CE,BFO-OPT,BFO
2415,290163461,1133451,SENSEX25N1391400PE,SENSEX,0.0,2025-11-13,91400.0,0.05,20,PE,BFO-OPT,BFO
2416,290164741,1133456,SENSEX25N1391300CE,SENSEX,0.0,2025-11-13,91300.0,0.05,20,CE,BFO-OPT,BFO
2417,290180101,1133516,SENSEX25N1391300PE,SENSEX,0.0,2025-11-13,91300.0,0.05,20,PE,BFO-OPT,BFO
2418,290159365,1133435,SENSEX25N1391200PE,SENSEX,0.0,2025-11-13,91200.0,0.05,20,PE,BFO-OPT,BFO
2419,290183941,1133531,SENSEX25N1391200CE,SENSEX,0.0,2025-11-13,91200.0,0.05,20,CE,BFO-OPT,BFO
2420,290160901,1133441,SENSEX25N1391100CE,SENSEX,0.0,2025-11-13,91100.0,0.05,20,CE,BFO-OPT,BFO
2421,290174981,1133496,SENSEX25N1391100PE,SENSEX,0.0,2025-11-13,91100.0,0.05,20,PE,BFO-OPT,BFO
2422,289915397,1132482,SENSEX25N1391000PE,SENSEX,0.0,2025-11-13,91000.0,0.05,20,PE,BFO-OPT,BFO
2423,290074885,1133105,SENSEX25N1391000CE,SENSEX,0.0,2025-11-13,91000.0,0.05,20,CE,BFO-OPT,BFO
2424,289954053,1132633,SENSEX25N1390900CE,SENSEX,0.0,2025-11-13,90900.0,0.05,20,CE,BFO-OPT,BFO
2425,290088709,1133159,SENSEX25N1390900PE,SENSEX,0.0,2025-11-13,90900.0,0.05,20,PE,BFO-OPT,BFO
2426,289933829,1132554,SENSEX25N1390800PE,SENSEX,0.0,2025-11-13,90800.0,0.05,20,PE,BFO-OPT,BFO
2427,290093573,1133178,SENSEX25N1390800CE,SENSEX,0.0,2025-11-13,90800.0,0.05,20,CE,BFO-OPT,BFO
2428,289940741,1132581,SENSEX25N1390700CE,SENSEX,0.0,2025-11-13,90700.0,0.05,20,CE,BFO-OPT,BFO
2429,289981701,1132741,SENSEX25N1390700PE,SENSEX,0.0,2025-11-13,90700.0,0.05,20,PE,BFO-OPT,BFO
2430,289924357,1132517,SENSEX25N1390600PE,SENSEX,0.0,2025-11-13,90600.0,0.05,20,PE,BFO-OPT,BFO
2431,290081285,1133130,SENSEX25N1390600CE,SENSEX,0.0,2025-11-13,90600.0,0.05,20,CE,BFO-OPT,BFO
2432,289928965,1132535,SENSEX25N1390500CE,SENSEX,0.0,2025-11-13,90500.0,0.05,20,CE,BFO-OPT,BFO
2433,289969157,1132692,SENSEX25N1390500PE,SENSEX,0.0,2025-11-13,90500.0,0.05,20,PE,BFO-OPT,BFO
2434,289911557,1132467,SENSEX25N1390400PE,SENSEX,0.0,2025-11-13,90400.0,0.05,20,PE,BFO-OPT,BFO
2435,289975813,1132718,SENSEX25N1390400CE,SENSEX,0.0,2025-11-13,90400.0,0.05,20,CE,BFO-OPT,BFO
2436,289917957,1132492,SENSEX25N1390300CE,SENSEX,0.0,2025-11-13,90300.0,0.05,20,CE,BFO-OPT,BFO
2437,289958149,1132649,SENSEX25N1390300PE,SENSEX,0.0,2025-11-13,90300.0,0.05,20,PE,BFO-OPT,BFO
2438,289965317,1132677,SENSEX25N1390200CE,SENSEX,0.0,2025-11-13,90200.0,0.05,20,CE,BFO-OPT,BFO
2439,290009093,1132848,SENSEX25N1390200PE,SENSEX,0.0,2025-11-13,90200.0,0.05,20,PE,BFO-OPT,BFO
2440,289820421,1132111,SENSEX25N1390100CE,SENSEX,0.0,2025-11-13,90100.0,0.05,20,CE,BFO-OPT,BFO
2441,289837061,1132176,SENSEX25N1390100PE,SENSEX,0.0,2025-11-13,90100.0,0.05,20,PE,BFO-OPT,BFO
2442,289445125,1130645,SENSEX25N1390000CE,SENSEX,0.0,2025-11-13,90000.0,0.05,20,CE,BFO-OPT,BFO
2443,289457157,1130692,SENSEX25N1390000PE,SENSEX,0.0,2025-11-13,90000.0,0.05,20,PE,BFO-OPT,BFO
2444,289456901,1130691,SENSEX25N1389900CE,SENSEX,0.0,2025-11-13,89900.0,0.05,20,CE,BFO-OPT,BFO
2445,289472517,1130752,SENSEX25N1389900PE,SENSEX,0.0,2025-11-13,89900.0,0.05,20,PE,BFO-OPT,BFO
2446,289440005,1130625,SENSEX25N1389800CE,SENSEX,0.0,2025-11-13,89800.0,0.05,20,CE,BFO-OPT,BFO
2447,289450501,1130666,SENSEX25N1389800PE,SENSEX,0.0,2025-11-13,89800.0,0.05,20,PE,BFO-OPT,BFO
2448,289384709,1130409,SENSEX25N1389700CE,SENSEX,0.0,2025-11-13,89700.0,0.05,20,CE,BFO-OPT,BFO
2449,289397765,1130460,SENSEX25N1389700PE,SENSEX,0.0,2025-11-13,89700.0,0.05,20,PE,BFO-OPT,BFO
2450,289378309,1130384,SENSEX25N1389600PE,SENSEX,0.0,2025-11-13,89600.0,0.05,20,PE,BFO-OPT,BFO
2451,289400837,1130472,SENSEX25N1389600CE,SENSEX,0.0,2025-11-13,89600.0,0.05,20,CE,BFO-OPT,BFO
2452,289381893,1130398,SENSEX25N1389500CE,SENSEX,0.0,2025-11-13,89500.0,0.05,20,CE,BFO-OPT,BFO
2453,289393925,1130445,SENSEX25N1389500PE,SENSEX,0.0,2025-11-13,89500.0,0.05,20,PE,BFO-OPT,BFO
2454,289276165,1129985,SENSEX25N1389400CE,SENSEX,0.0,2025-11-13,89400.0,0.05,20,CE,BFO-OPT,BFO
2455,289286149,1130024,SENSEX25N1389400PE,SENSEX,0.0,2025-11-13,89400.0,0.05,20,PE,BFO-OPT,BFO
2456,289149957,1129492,SENSEX25N1389300CE,SENSEX,0.0,2025-11-13,89300.0,0.05,20,CE,BFO-OPT,BFO
2457,289174277,1129587,SENSEX25N1389300PE,SENSEX,0.0,2025-11-13,89300.0,0.05,20,PE,BFO-OPT,BFO
2458,289179141,1129606,SENSEX25N1389200CE,SENSEX,0.0,2025-11-13,89200.0,0.05,20,CE,BFO-OPT,BFO
2459,289203205,1129700,SENSEX25N1389200PE,SENSEX,0.0,2025-11-13,89200.0,0.05,20,PE,BFO-OPT,BFO
2460,289143301,1129466,SENSEX25N1389100CE,SENSEX,0.0,2025-11-13,89100.0,0.05,20,CE,BFO-OPT,BFO
2461,289167621,1129561,SENSEX25N1389100PE,SENSEX,0.0,2025-11-13,89100.0,0.05,20,PE,BFO-OPT,BFO
2462,289171205,1129575,SENSEX25N1389000CE,SENSEX,0.0,2025-11-13,89000.0,0.05,20,CE,BFO-OPT,BFO
2463,289196037,1129672,SENSEX25N1389000PE,SENSEX,0.0,2025-11-13,89000.0,0.05,20,PE,BFO-OPT,BFO
2464,289125893,1129398,SENSEX25N1388900PE,SENSEX,0.0,2025-11-13,88900.0,0.05,20,PE,BFO-OPT,BFO
2465,289222149,1129774,SENSEX25N1388900CE,SENSEX,0.0,2025-11-13,88900.0,0.05,20,CE,BFO-OPT,BFO
2466,289132293,1129423,SENSEX25N1388800CE,SENSEX,0.0,2025-11-13,88800.0,0.05,20,CE,BFO-OPT,BFO
2467,289207557,1129717,SENSEX25N1388800PE,SENSEX,0.0,2025-11-13,88800.0,0.05,20,PE,BFO-OPT,BFO
2468,282128389,1102064,SENSEX25N1388700PE,SENSEX,0.0,2025-11-13,88700.0,0.05,20,PE,BFO-OPT,BFO
2469,285374981,1114746,SENSEX25N1388700CE,SENSEX,0.0,2025-11-13,88700.0,0.05,20,CE,BFO-OPT,BFO
2470,282235141,1102481,SENSEX25N1388600CE,SENSEX,0.0,2025-11-13,88600.0,0.05,20,CE,BFO-OPT,BFO
2471,282991877,1105437,SENSEX25N1388600PE,SENSEX,0.0,2025-11-13,88600.0,0.05,20,PE,BFO-OPT,BFO
2472,285204741,1114081,SENSEX25N1388500CE,SENSEX,0.0,2025-11-13,88500.0,0.05,20,CE,BFO-OPT,BFO
2473,285740549,1116174,SENSEX25N1388500PE,SENSEX,0.0,2025-11-13,88500.0,0.05,20,PE,BFO-OPT,BFO
2474,282030597,1101682,SENSEX25N1388400CE,SENSEX,0.0,2025-11-13,88400.0,0.05,20,CE,BFO-OPT,BFO
2475,282805765,1104710,SENSEX25N1388400PE,SENSEX,0.0,2025-11-13,88400.0,0.05,20,PE,BFO-OPT,BFO
2476,284988165,1113235,SENSEX25N1388300CE,SENSEX,0.0,2025-11-13,88300.0,0.05,20,CE,BFO-OPT,BFO
2477,285588741,1115581,SENSEX25N1388300PE,SENSEX,0.0,2025-11-13,88300.0,0.05,20,PE,BFO-OPT,BFO
2478,282509573,1103553,SENSEX25N1388200PE,SENSEX,0.0,2025-11-13,88200.0,0.05,20,PE,BFO-OPT,BFO
2479,285665285,1115880,SENSEX25N1388200CE,SENSEX,0.0,2025-11-13,88200.0,0.05,20,CE,BFO-OPT,BFO
2480,282693381,1104271,SENSEX25N1388100CE,SENSEX,0.0,2025-11-13,88100.0,0.05,20,CE,BFO-OPT,BFO
2481,285429765,1114960,SENSEX25N1388100PE,SENSEX,0.0,2025-11-13,88100.0,0.05,20,PE,BFO-OPT,BFO
2482,282304773,1102753,SENSEX25N1388000PE,SENSEX,0.0,2025-11-13,88000.0,0.05,20,PE,BFO-OPT,BFO
2483,285509893,1115273,SENSEX25N1388000CE,SENSEX,0.0,2025-11-13,88000.0,0.05,20,CE,BFO-OPT,BFO
2484,283026181,1105571,SENSEX25N1387900CE,SENSEX,0.0,2025-11-13,87900.0,0.05,20,CE,BFO-OPT,BFO
2485,284431109,1111059,SENSEX25N1387900PE,SENSEX,0.0,2025-11-13,87900.0,0.05,20,PE,BFO-OPT,BFO
2486,284518661,1111401,SENSEX25N1387800CE,SENSEX,0.0,2025-11-13,87800.0,0.05,20,CE,BFO-OPT,BFO
2487,285185541,1114006,SENSEX25N1387800PE,SENSEX,0.0,2025-11-13,87800.0,0.05,20,PE,BFO-OPT,BFO
2488,282855173,1104903,SENSEX25N1387700CE,SENSEX,0.0,2025-11-13,87700.0,0.05,20,CE,BFO-OPT,BFO
2489,283565317,1107677,SENSEX25N1387700PE,SENSEX,0.0,2025-11-13,87700.0,0.05,20,PE,BFO-OPT,BFO
2490,284346885,1110730,SENSEX25N1387600CE,SENSEX,0.0,2025-11-13,87600.0,0.05,20,CE,BFO-OPT,BFO
2491,284963589,1113139,SENSEX25N1387600PE,SENSEX,0.0,2025-11-13,87600.0,0.05,20,PE,BFO-OPT,BFO
2492,282573573,1103803,SENSEX25N1387500CE,SENSEX,0.0,2025-11-13,87500.0,0.05,20,CE,BFO-OPT,BFO
2493,283329797,1106757,SENSEX25N1387500PE,SENSEX,0.0,2025-11-13,87500.0,0.05,20,PE,BFO-OPT,BFO
2494,283458053,1107258,SENSEX25N1387400CE,SENSEX,0.0,2025-11-13,87400.0,0.05,20,CE,BFO-OPT,BFO
2495,284749829,1112304,SENSEX25N1387400PE,SENSEX,0.0,2025-11-13,87400.0,0.05,20,PE,BFO-OPT,BFO
2496,283096837,1105847,SENSEX25N1387300PE,SENSEX,0.0,2025-11-13,87300.0,0.05,20,PE,BFO-OPT,BFO
2497,284853765,1112710,SENSEX25N1387300CE,SENSEX,0.0,2025-11-13,87300.0,0.05,20,CE,BFO-OPT,BFO
2498,283200517,1106252,SENSEX25N1387200CE,SENSEX,0.0,2025-11-13,87200.0,0.05,20,CE,BFO-OPT,BFO
2499,284574213,1111618,SENSEX25N1387200PE,SENSEX,0.0,2025-11-13,87200.0,0.05,20,PE,BFO-OPT,BFO
2500,284654085,1111930,SENSEX25N1387100CE,SENSEX,0.0,2025-11-13,87100.0,0.05,20,CE,BFO-OPT,BFO
2501,285339909,1114609,SENSEX25N1387100PE,SENSEX,0.0,2025-11-13,87100.0,0.05,20,PE,BFO-OPT,BFO
2502,283005445,1105490,SENSEX25N1387000CE,SENSEX,0.0,2025-11-13,87000.0,0.05,20,CE,BFO-OPT,BFO
2503,284407301,1110966,SENSEX25N1387000PE,SENSEX,0.0,2025-11-13,87000.0,0.05,20,PE,BFO-OPT,BFO
2504,285008133,1113313,SENSEX25N1386900CE,SENSEX,0.0,2025-11-13,86900.0,0.05,20,CE,BFO-OPT,BFO
2505,285603845,1115640,SENSEX25N1386900PE,SENSEX,0.0,2025-11-13,86900.0,0.05,20,PE,BFO-OPT,BFO
2506,282538245,1103665,SENSEX25N1386800PE,SENSEX,0.0,2025-11-13,86800.0,0.05,20,PE,BFO-OPT,BFO
2507,285683461,1115951,SENSEX25N1386800CE,SENSEX,0.0,2025-11-13,86800.0,0.05,20,CE,BFO-OPT,BFO
2508,284790789,1112464,SENSEX25N1386700CE,SENSEX,0.0,2025-11-13,86700.0,0.05,20,CE,BFO-OPT,BFO
2509,285447941,1115031,SENSEX25N1386700PE,SENSEX,0.0,2025-11-13,86700.0,0.05,20,PE,BFO-OPT,BFO
2510,282323973,1102828,SENSEX25N1386600PE,SENSEX,0.0,2025-11-13,86600.0,0.05,20,PE,BFO-OPT,BFO
2511,285528581,1115346,SENSEX25N1386600CE,SENSEX,0.0,2025-11-13,86600.0,0.05,20,CE,BFO-OPT,BFO
2512,282426885,1103230,SENSEX25N1386500CE,SENSEX,0.0,2025-11-13,86500.0,0.05,20,CE,BFO-OPT,BFO
2513,285289221,1114411,SENSEX25N1386500PE,SENSEX,0.0,2025-11-13,86500.0,0.05,20,PE,BFO-OPT,BFO
2514,282127109,1102059,SENSEX25N1386400PE,SENSEX,0.0,2025-11-13,86400.0,0.05,20,PE,BFO-OPT,BFO
2515,285373957,1114742,SENSEX25N1386400CE,SENSEX,0.0,2025-11-13,86400.0,0.05,20,CE,BFO-OPT,BFO
2516,282233861,1102476,SENSEX25N1386300CE,SENSEX,0.0,2025-11-13,86300.0,0.05,20,CE,BFO-OPT,BFO
2517,282988805,1105425,SENSEX25N1386300PE,SENSEX,0.0,2025-11-13,86300.0,0.05,20,PE,BFO-OPT,BFO
2518,285203205,1114075,SENSEX25N1386200CE,SENSEX,0.0,2025-11-13,86200.0,0.05,20,CE,BFO-OPT,BFO
2519,285737989,1116164,SENSEX25N1386200PE,SENSEX,0.0,2025-11-13,86200.0,0.05,20,PE,BFO-OPT,BFO
2520,282029061,1101676,SENSEX25N1386100CE,SENSEX,0.0,2025-11-13,86100.0,0.05,20,CE,BFO-OPT,BFO
2521,282801925,1104695,SENSEX25N1386100PE,SENSEX,0.0,2025-11-13,86100.0,0.05,20,PE,BFO-OPT,BFO
2522,282908165,1105110,SENSEX25N1386000CE,SENSEX,0.0,2025-11-13,86000.0,0.05,20,CE,BFO-OPT,BFO
2523,285587717,1115577,SENSEX25N1386000PE,SENSEX,0.0,2025-11-13,86000.0,0.05,20,PE,BFO-OPT,BFO
2524,283117317,1105927,SENSEX25N1385900PE,SENSEX,0.0,2025-11-13,85900.0,0.05,20,PE,BFO-OPT,BFO
2525,284877573,1112803,SENSEX25N1385900CE,SENSEX,0.0,2025-11-13,85900.0,0.05,20,CE,BFO-OPT,BFO
2526,283233541,1106381,SENSEX25N1385800CE,SENSEX,0.0,2025-11-13,85800.0,0.05,20,CE,BFO-OPT,BFO
2527,284594437,1111697,SENSEX25N1385800PE,SENSEX,0.0,2025-11-13,85800.0,0.05,20,PE,BFO-OPT,BFO
2528,282939397,1105232,SENSEX25N1385700PE,SENSEX,0.0,2025-11-13,85700.0,0.05,20,PE,BFO-OPT,BFO
2529,284671749,1111999,SENSEX25N1385700CE,SENSEX,0.0,2025-11-13,85700.0,0.05,20,CE,BFO-OPT,BFO
2530,283024389,1105564,SENSEX25N1385600CE,SENSEX,0.0,2025-11-13,85600.0,0.05,20,CE,BFO-OPT,BFO
2531,284428805,1111050,SENSEX25N1385600PE,SENSEX,0.0,2025-11-13,85600.0,0.05,20,PE,BFO-OPT,BFO
2532,284516101,1111391,SENSEX25N1385500CE,SENSEX,0.0,2025-11-13,85500.0,0.05,20,CE,BFO-OPT,BFO
2533,285182981,1113996,SENSEX25N1385500PE,SENSEX,0.0,2025-11-13,85500.0,0.05,20,PE,BFO-OPT,BFO
2534,282852101,1104891,SENSEX25N1385400CE,SENSEX,0.0,2025-11-13,85400.0,0.05,20,CE,BFO-OPT,BFO
2535,283564293,1107673,SENSEX25N1385400PE,SENSEX,0.0,2025-11-13,85400.0,0.05,20,PE,BFO-OPT,BFO
2536,284345605,1110725,SENSEX25N1385300CE,SENSEX,0.0,2025-11-13,85300.0,0.05,20,CE,BFO-OPT,BFO
2537,284959493,1113123,SENSEX25N1385300PE,SENSEX,0.0,2025-11-13,85300.0,0.05,20,PE,BFO-OPT,BFO
2538,283328517,1106752,SENSEX25N1385200PE,SENSEX,0.0,2025-11-13,85200.0,0.05,20,PE,BFO-OPT,BFO
2539,283113989,1105914,SENSEX25N1383600PE,SENSEX,0.0,2025-11-13,83600.0,0.05,20,PE,BFO-OPT,BFO
2540,284873989,1112789,SENSEX25N1383600CE,SENSEX,0.0,2025-11-13,83600.0,0.05,20,CE,BFO-OPT,BFO
2541,283230981,1106371,SENSEX25N1383500CE,SENSEX,0.0,2025-11-13,83500.0,0.05,20,CE,BFO-OPT,BFO
2542,284592133,1111688,SENSEX25N1383500PE,SENSEX,0.0,2025-11-13,83500.0,0.05,20,PE,BFO-OPT,BFO
2543,284670213,1111993,SENSEX25N1383400CE,SENSEX,0.0,2025-11-13,83400.0,0.05,20,CE,BFO-OPT,BFO
2544,285353221,1114661,SENSEX25N1383400PE,SENSEX,0.0,2025-11-13,83400.0,0.05,20,PE,BFO-OPT,BFO
2545,283023109,1105559,SENSEX25N1383300CE,SENSEX,0.0,2025-11-13,83300.0,0.05,20,CE,BFO-OPT,BFO
2546,284427269,1111044,SENSEX25N1383300PE,SENSEX,0.0,2025-11-13,83300.0,0.05,20,PE,BFO-OPT,BFO
2547,284513797,1111382,SENSEX25N1383200CE,SENSEX,0.0,2025-11-13,83200.0,0.05,20,CE,BFO-OPT,BFO
2548,285182469,1113994,SENSEX25N1383200PE,SENSEX,0.0,2025-11-13,83200.0,0.05,20,PE,BFO-OPT,BFO
2549,283563269,1107669,SENSEX25N1383100PE,SENSEX,0.0,2025-11-13,83100.0,0.05,20,PE,BFO-OPT,BFO
2550,285282565,1114385,SENSEX25N1383100CE,SENSEX,0.0,2025-11-13,83100.0,0.05,20,CE,BFO-OPT,BFO
2551,284344581,1110721,SENSEX25N1383000CE,SENSEX,0.0,2025-11-13,83000.0,0.05,20,CE,BFO-OPT,BFO
2552,284956677,1113112,SENSEX25N1383000PE,SENSEX,0.0,2025-11-13,83000.0,0.05,20,PE,BFO-OPT,BFO
2553,282341125,1102895,SENSEX25N1382900PE,SENSEX,0.0,2025-11-13,82900.0,0.05,20,PE,BFO-OPT,BFO
2554,285540613,1115393,SENSEX25N1382900CE,SENSEX,0.0,2025-11-13,82900.0,0.05,20,CE,BFO-OPT,BFO
2555,282450693,1103323,SENSEX25N1382800CE,SENSEX,0.0,2025-11-13,82800.0,0.05,20,CE,BFO-OPT,BFO
2556,285308421,1114486,SENSEX25N1382800PE,SENSEX,0.0,2025-11-13,82800.0,0.05,20,PE,BFO-OPT,BFO
2557,282143237,1102122,SENSEX25N1382700PE,SENSEX,0.0,2025-11-13,82700.0,0.05,20,PE,BFO-OPT,BFO
2558,285385477,1114787,SENSEX25N1382700CE,SENSEX,0.0,2025-11-13,82700.0,0.05,20,CE,BFO-OPT,BFO
2559,282250757,1102542,SENSEX25N1382600CE,SENSEX,0.0,2025-11-13,82600.0,0.05,20,CE,BFO-OPT,BFO
2560,283002373,1105478,SENSEX25N1382600PE,SENSEX,0.0,2025-11-13,82600.0,0.05,20,PE,BFO-OPT,BFO
2561,285225477,1114162,SENSEX25N1382500CE,SENSEX,0.0,2025-11-13,82500.0,0.05,20,CE,BFO-OPT,BFO
2562,285751045,1116215,SENSEX25N1382500PE,SENSEX,0.0,2025-11-13,82500.0,0.05,20,PE,BFO-OPT,BFO
2563,282049541,1101756,SENSEX25N1382400CE,SENSEX,0.0,2025-11-13,82400.0,0.05,20,CE,BFO-OPT,BFO
2564,282823429,1104779,SENSEX25N1382400PE,SENSEX,0.0,2025-11-13,82400.0,0.05,20,PE,BFO-OPT,BFO
2565,282928645,1105190,SENSEX25N1382300CE,SENSEX,0.0,2025-11-13,82300.0,0.05,20,CE,BFO-OPT,BFO
2566,285601029,1115629,SENSEX25N1382300PE,SENSEX,0.0,2025-11-13,82300.0,0.05,20,PE,BFO-OPT,BFO
2567,282532869,1103644,SENSEX25N1382200PE,SENSEX,0.0,2025-11-13,82200.0,0.05,20,PE,BFO-OPT,BFO
2568,285679621,1115936,SENSEX25N1382200CE,SENSEX,0.0,2025-11-13,82200.0,0.05,20,CE,BFO-OPT,BFO
2569,282716165,1104360,SENSEX25N1382100CE,SENSEX,0.0,2025-11-13,82100.0,0.05,20,CE,BFO-OPT,BFO
2570,283431941,1107156,SENSEX25N1382100PE,SENSEX,0.0,2025-11-13,82100.0,0.05,20,PE,BFO-OPT,BFO
2571,282321413,1102818,SENSEX25N1382000PE,SENSEX,0.0,2025-11-13,82000.0,0.05,20,PE,BFO-OPT,BFO
2572,285524997,1115332,SENSEX25N1382000CE,SENSEX,0.0,2025-11-13,82000.0,0.05,20,CE,BFO-OPT,BFO
2573,283042053,1105633,SENSEX25N1381900CE,SENSEX,0.0,2025-11-13,81900.0,0.05,20,CE,BFO-OPT,BFO
2574,284441605,1111100,SENSEX25N1381900PE,SENSEX,0.0,2025-11-13,81900.0,0.05,20,PE,BFO-OPT,BFO
2575,284535813,1111468,SENSEX25N1381800CE,SENSEX,0.0,2025-11-13,81800.0,0.05,20,CE,BFO-OPT,BFO
2576,285199877,1114062,SENSEX25N1381800PE,SENSEX,0.0,2025-11-13,81800.0,0.05,20,PE,BFO-OPT,BFO
2577,282871813,1104968,SENSEX25N1381700CE,SENSEX,0.0,2025-11-13,81700.0,0.05,20,CE,BFO-OPT,BFO
2578,283585797,1107757,SENSEX25N1381700PE,SENSEX,0.0,2025-11-13,81700.0,0.05,20,PE,BFO-OPT,BFO
2579,284363525,1110795,SENSEX25N1381600CE,SENSEX,0.0,2025-11-13,81600.0,0.05,20,CE,BFO-OPT,BFO
2580,284981509,1113209,SENSEX25N1381600PE,SENSEX,0.0,2025-11-13,81600.0,0.05,20,PE,BFO-OPT,BFO
2581,283349765,1106835,SENSEX25N1381500PE,SENSEX,0.0,2025-11-13,81500.0,0.05,20,PE,BFO-OPT,BFO
2582,285101317,1113677,SENSEX25N1381500CE,SENSEX,0.0,2025-11-13,81500.0,0.05,20,CE,BFO-OPT,BFO
2583,283481093,1107348,SENSEX25N1381400CE,SENSEX,0.0,2025-11-13,81400.0,0.05,20,CE,BFO-OPT,BFO
2584,284764933,1112363,SENSEX25N1381400PE,SENSEX,0.0,2025-11-13,81400.0,0.05,20,PE,BFO-OPT,BFO
2585,284872709,1112784,SENSEX25N1381300CE,SENSEX,0.0,2025-11-13,81300.0,0.05,20,CE,BFO-OPT,BFO
2586,285507333,1115263,SENSEX25N1381300PE,SENSEX,0.0,2025-11-13,81300.0,0.05,20,PE,BFO-OPT,BFO
2587,283229445,1106365,SENSEX25N1381200CE,SENSEX,0.0,2025-11-13,81200.0,0.05,20,CE,BFO-OPT,BFO
2588,284589573,1111678,SENSEX25N1381200PE,SENSEX,0.0,2025-11-13,81200.0,0.05,20,PE,BFO-OPT,BFO
2589,284666885,1111980,SENSEX25N1381100CE,SENSEX,0.0,2025-11-13,81100.0,0.05,20,CE,BFO-OPT,BFO
2590,285352197,1114657,SENSEX25N1381100PE,SENSEX,0.0,2025-11-13,81100.0,0.05,20,PE,BFO-OPT,BFO
2591,284426501,1111041,SENSEX25N1381000PE,SENSEX,0.0,2025-11-13,81000.0,0.05,20,PE,BFO-OPT,BFO
2592,285439749,1114999,SENSEX25N1381000CE,SENSEX,0.0,2025-11-13,81000.0,0.05,20,CE,BFO-OPT,BFO
2593,285023237,1113372,SENSEX25N1380900CE,SENSEX,0.0,2025-11-13,80900.0,0.05,20,CE,BFO-OPT,BFO
2594,285615365,1115685,SENSEX25N1380900PE,SENSEX,0.0,2025-11-13,80900.0,0.05,20,PE,BFO-OPT,BFO
2595,282568197,1103782,SENSEX25N1380800PE,SENSEX,0.0,2025-11-13,80800.0,0.05,20,PE,BFO-OPT,BFO
2596,285698821,1116011,SENSEX25N1380800CE,SENSEX,0.0,2025-11-13,80800.0,0.05,20,CE,BFO-OPT,BFO
2597,282741253,1104458,SENSEX25N1380700CE,SENSEX,0.0,2025-11-13,80700.0,0.05,20,CE,BFO-OPT,BFO
2598,285461509,1115084,SENSEX25N1380700PE,SENSEX,0.0,2025-11-13,80700.0,0.05,20,PE,BFO-OPT,BFO
2599,282340357,1102892,SENSEX25N1380600PE,SENSEX,0.0,2025-11-13,80600.0,0.05,20,PE,BFO-OPT,BFO
2600,285539333,1115388,SENSEX25N1380600CE,SENSEX,0.0,2025-11-13,80600.0,0.05,20,CE,BFO-OPT,BFO
2601,282449157,1103317,SENSEX25N1380500CE,SENSEX,0.0,2025-11-13,80500.0,0.05,20,CE,BFO-OPT,BFO
2602,283196421,1106236,SENSEX25N1380500PE,SENSEX,0.0,2025-11-13,80500.0,0.05,20,PE,BFO-OPT,BFO
2603,282142213,1102118,SENSEX25N1380400PE,SENSEX,0.0,2025-11-13,80400.0,0.05,20,PE,BFO-OPT,BFO
2604,285383941,1114781,SENSEX25N1380400CE,SENSEX,0.0,2025-11-13,80400.0,0.05,20,CE,BFO-OPT,BFO
2605,282250501,1102541,SENSEX25N1380300CE,SENSEX,0.0,2025-11-13,80300.0,0.05,20,CE,BFO-OPT,BFO
2606,283000837,1105472,SENSEX25N1380300PE,SENSEX,0.0,2025-11-13,80300.0,0.05,20,PE,BFO-OPT,BFO
2607,283105029,1105879,SENSEX25N1380200CE,SENSEX,0.0,2025-11-13,80200.0,0.05,20,CE,BFO-OPT,BFO
2608,285749253,1116208,SENSEX25N1380200PE,SENSEX,0.0,2025-11-13,80200.0,0.05,20,PE,BFO-OPT,BFO
2609,282047493,1101748,SENSEX25N1380100CE,SENSEX,0.0,2025-11-13,80100.0,0.05,20,CE,BFO-OPT,BFO
2610,282821893,1104773,SENSEX25N1380100PE,SENSEX,0.0,2025-11-13,80100.0,0.05,20,PE,BFO-OPT,BFO
2611,282926597,1105182,SENSEX25N1380000CE,SENSEX,0.0,2025-11-13,80000.0,0.05,20,CE,BFO-OPT,BFO
2612,283652101,1108016,SENSEX25N1380000PE,SENSEX,0.0,2025-11-13,80000.0,0.05,20,PE,BFO-OPT,BFO
2613,282407685,1103155,SENSEX25N1379900PE,SENSEX,0.0,2025-11-13,79900.0,0.05,20,PE,BFO-OPT,BFO
2614,283649285,1108005,SENSEX25N1379900CE,SENSEX,0.0,2025-11-13,79900.0,0.05,20,CE,BFO-OPT,BFO
2615,282525701,1103616,SENSEX25N1379800CE,SENSEX,0.0,2025-11-13,79800.0,0.05,20,CE,BFO-OPT,BFO
2616,283290117,1106602,SENSEX25N1379800PE,SENSEX,0.0,2025-11-13,79800.0,0.05,20,PE,BFO-OPT,BFO
2617,283428869,1107144,SENSEX25N1379700CE,SENSEX,0.0,2025-11-13,79700.0,0.05,20,CE,BFO-OPT,BFO
2618,284718085,1112180,SENSEX25N1379700PE,SENSEX,0.0,2025-11-13,79700.0,0.05,20,PE,BFO-OPT,BFO
2619,282318341,1102806,SENSEX25N1379600CE,SENSEX,0.0,2025-11-13,79600.0,0.05,20,CE,BFO-OPT,BFO
2620,283067653,1105733,SENSEX25N1379600PE,SENSEX,0.0,2025-11-13,79600.0,0.05,20,PE,BFO-OPT,BFO
2621,283164677,1106112,SENSEX25N1379500CE,SENSEX,0.0,2025-11-13,79500.0,0.05,20,CE,BFO-OPT,BFO
2622,284554501,1111541,SENSEX25N1379500PE,SENSEX,0.0,2025-11-13,79500.0,0.05,20,PE,BFO-OPT,BFO
2623,282892293,1105048,SENSEX25N1379400PE,SENSEX,0.0,2025-11-13,79400.0,0.05,20,PE,BFO-OPT,BFO
2624,284629765,1111835,SENSEX25N1379400CE,SENSEX,0.0,2025-11-13,79400.0,0.05,20,CE,BFO-OPT,BFO
2625,282979333,1105388,SENSEX25N1379300CE,SENSEX,0.0,2025-11-13,79300.0,0.05,20,CE,BFO-OPT,BFO
2626,284388357,1110892,SENSEX25N1379300PE,SENSEX,0.0,2025-11-13,79300.0,0.05,20,PE,BFO-OPT,BFO
2627,284471557,1111217,SENSEX25N1379200CE,SENSEX,0.0,2025-11-13,79200.0,0.05,20,CE,BFO-OPT,BFO
2628,285131269,1113794,SENSEX25N1379200PE,SENSEX,0.0,2025-11-13,79200.0,0.05,20,PE,BFO-OPT,BFO
2629,282790405,1104650,SENSEX25N1379100CE,SENSEX,0.0,2025-11-13,79100.0,0.05,20,CE,BFO-OPT,BFO
2630,283513349,1107474,SENSEX25N1379100PE,SENSEX,0.0,2025-11-13,79100.0,0.05,20,PE,BFO-OPT,BFO
2631,283621893,1107898,SENSEX25N1379000CE,SENSEX,0.0,2025-11-13,79000.0,0.05,20,CE,BFO-OPT,BFO
2632,284900357,1112892,SENSEX25N1379000PE,SENSEX,0.0,2025-11-13,79000.0,0.05,20,PE,BFO-OPT,BFO
2633,282297605,1102725,SENSEX25N1378900PE,SENSEX,0.0,2025-11-13,78900.0,0.05,20,PE,BFO-OPT,BFO
2634,285504517,1115252,SENSEX25N1378900CE,SENSEX,0.0,2025-11-13,78900.0,0.05,20,CE,BFO-OPT,BFO
2635,284587013,1111668,SENSEX25N1378800CE,SENSEX,0.0,2025-11-13,78800.0,0.05,20,CE,BFO-OPT,BFO
2636,285274117,1114352,SENSEX25N1378800PE,SENSEX,0.0,2025-11-13,78800.0,0.05,20,PE,BFO-OPT,BFO
2637,282101509,1101959,SENSEX25N1378700PE,SENSEX,0.0,2025-11-13,78700.0,0.05,20,PE,BFO-OPT,BFO
2638,285349893,1114648,SENSEX25N1378700CE,SENSEX,0.0,2025-11-13,78700.0,0.05,20,CE,BFO-OPT,BFO
2639,282201861,1102351,SENSEX25N1378600CE,SENSEX,0.0,2025-11-13,78600.0,0.05,20,CE,BFO-OPT,BFO
2640,285053957,1113492,SENSEX25N1378600PE,SENSEX,0.0,2025-11-13,78600.0,0.05,20,PE,BFO-OPT,BFO
2641,285177349,1113974,SENSEX25N1378500CE,SENSEX,0.0,2025-11-13,78500.0,0.05,20,CE,BFO-OPT,BFO
2642,285718021,1116086,SENSEX25N1378500PE,SENSEX,0.0,2025-11-13,78500.0,0.05,20,PE,BFO-OPT,BFO
2643,282769413,1104568,SENSEX25N1378400PE,SENSEX,0.0,2025-11-13,78400.0,0.05,20,PE,BFO-OPT,BFO
2644,285796613,1116393,SENSEX25N1378400CE,SENSEX,0.0,2025-11-13,78400.0,0.05,20,CE,BFO-OPT,BFO
2645,284947973,1113078,SENSEX25N1378300CE,SENSEX,0.0,2025-11-13,78300.0,0.05,20,CE,BFO-OPT,BFO
2646,285565701,1115491,SENSEX25N1378300PE,SENSEX,0.0,2025-11-13,78300.0,0.05,20,PE,BFO-OPT,BFO
2647,282481413,1103443,SENSEX25N1378200PE,SENSEX,0.0,2025-11-13,78200.0,0.05,20,PE,BFO-OPT,BFO
2648,285646597,1115807,SENSEX25N1378200CE,SENSEX,0.0,2025-11-13,78200.0,0.05,20,CE,BFO-OPT,BFO
2649,284736517,1112252,SENSEX25N1378100CE,SENSEX,0.0,2025-11-13,78100.0,0.05,20,CE,BFO-OPT,BFO
2650,285404421,1114861,SENSEX25N1378100PE,SENSEX,0.0,2025-11-13,78100.0,0.05,20,PE,BFO-OPT,BFO
2651,282279429,1102654,SENSEX25N1378000PE,SENSEX,0.0,2025-11-13,78000.0,0.05,20,PE,BFO-OPT,BFO
2652,285487877,1115187,SENSEX25N1378000CE,SENSEX,0.0,2025-11-13,78000.0,0.05,20,CE,BFO-OPT,BFO
2653,282997765,1105460,SENSEX25N1377900CE,SENSEX,0.0,2025-11-13,77900.0,0.05,20,CE,BFO-OPT,BFO
2654,284401925,1110945,SENSEX25N1377900PE,SENSEX,0.0,2025-11-13,77900.0,0.05,20,PE,BFO-OPT,BFO
2655,282691845,1104265,SENSEX25N1377800PE,SENSEX,0.0,2025-11-13,77800.0,0.05,20,PE,BFO-OPT,BFO
2656,284493829,1111304,SENSEX25N1377800CE,SENSEX,0.0,2025-11-13,77800.0,0.05,20,CE,BFO-OPT,BFO
2657,282819077,1104762,SENSEX25N1377700CE,SENSEX,0.0,2025-11-13,77700.0,0.05,20,CE,BFO-OPT,BFO
2658,283529733,1107538,SENSEX25N1377700PE,SENSEX,0.0,2025-11-13,77700.0,0.05,20,PE,BFO-OPT,BFO
2659,283648517,1108002,SENSEX25N1377600CE,SENSEX,0.0,2025-11-13,77600.0,0.05,20,CE,BFO-OPT,BFO
2660,284922885,1112980,SENSEX25N1377600PE,SENSEX,0.0,2025-11-13,77600.0,0.05,20,PE,BFO-OPT,BFO
2661,282521605,1103600,SENSEX25N1377500CE,SENSEX,0.0,2025-11-13,77500.0,0.05,20,CE,BFO-OPT,BFO
2662,283288069,1106594,SENSEX25N1377500PE,SENSEX,0.0,2025-11-13,77500.0,0.05,20,PE,BFO-OPT,BFO
2663,283426821,1107136,SENSEX25N1377400CE,SENSEX,0.0,2025-11-13,77400.0,0.05,20,CE,BFO-OPT,BFO
2664,284717317,1112177,SENSEX25N1377400PE,SENSEX,0.0,2025-11-13,77400.0,0.05,20,PE,BFO-OPT,BFO
2665,282315269,1102794,SENSEX25N1377300CE,SENSEX,0.0,2025-11-13,77300.0,0.05,20,CE,BFO-OPT,BFO
2666,283066629,1105729,SENSEX25N1377300PE,SENSEX,0.0,2025-11-13,77300.0,0.05,20,PE,BFO-OPT,BFO
2667,283157765,1106085,SENSEX25N1377200CE,SENSEX,0.0,2025-11-13,77200.0,0.05,20,CE,BFO-OPT,BFO
2668,284554245,1111540,SENSEX25N1377200PE,SENSEX,0.0,2025-11-13,77200.0,0.05,20,PE,BFO-OPT,BFO
2669,282891525,1105045,SENSEX25N1377100PE,SENSEX,0.0,2025-11-13,77100.0,0.05,20,PE,BFO-OPT,BFO
2670,284629509,1111834,SENSEX25N1377100CE,SENSEX,0.0,2025-11-13,77100.0,0.05,20,CE,BFO-OPT,BFO
2671,282977797,1105382,SENSEX25N1377000CE,SENSEX,0.0,2025-11-13,77000.0,0.05,20,CE,BFO-OPT,BFO
2672,284387589,1110889,SENSEX25N1377000PE,SENSEX,0.0,2025-11-13,77000.0,0.05,20,PE,BFO-OPT,BFO
2673,284977157,1113192,SENSEX25N1376900CE,SENSEX,0.0,2025-11-13,76900.0,0.05,20,CE,BFO-OPT,BFO
2674,285581317,1115552,SENSEX25N1376900PE,SENSEX,0.0,2025-11-13,76900.0,0.05,20,PE,BFO-OPT,BFO
2675,282501893,1103523,SENSEX25N1376800PE,SENSEX,0.0,2025-11-13,76800.0,0.05,20,PE,BFO-OPT,BFO
2676,285657861,1115851,SENSEX25N1376800CE,SENSEX,0.0,2025-11-13,76800.0,0.05,20,CE,BFO-OPT,BFO
2677,284761861,1112351,SENSEX25N1376700CE,SENSEX,0.0,2025-11-13,76700.0,0.05,20,CE,BFO-OPT,BFO
2678,285423877,1114937,SENSEX25N1376700PE,SENSEX,0.0,2025-11-13,76700.0,0.05,20,PE,BFO-OPT,BFO
2679,282295557,1102717,SENSEX25N1376600PE,SENSEX,0.0,2025-11-13,76600.0,0.05,20,PE,BFO-OPT,BFO
2680,285502725,1115245,SENSEX25N1376600CE,SENSEX,0.0,2025-11-13,76600.0,0.05,20,CE,BFO-OPT,BFO
2681,282398981,1103121,SENSEX25N1376500CE,SENSEX,0.0,2025-11-13,76500.0,0.05,20,CE,BFO-OPT,BFO
2682,285273349,1114349,SENSEX25N1376500PE,SENSEX,0.0,2025-11-13,76500.0,0.05,20,PE,BFO-OPT,BFO
2683,282098181,1101946,SENSEX25N1376400PE,SENSEX,0.0,2025-11-13,76400.0,0.05,20,PE,BFO-OPT,BFO
2684,285347589,1114639,SENSEX25N1376400CE,SENSEX,0.0,2025-11-13,76400.0,0.05,20,CE,BFO-OPT,BFO
2685,282198277,1102337,SENSEX25N1376300CE,SENSEX,0.0,2025-11-13,76300.0,0.05,20,CE,BFO-OPT,BFO
2686,285051653,1113483,SENSEX25N1376300PE,SENSEX,0.0,2025-11-13,76300.0,0.05,20,PE,BFO-OPT,BFO
2687,285174789,1113964,SENSEX25N1376200CE,SENSEX,0.0,2025-11-13,76200.0,0.05,20,CE,BFO-OPT,BFO
2688,285717765,1116085,SENSEX25N1376200PE,SENSEX,0.0,2025-11-13,76200.0,0.05,20,PE,BFO-OPT,BFO
2689,282767109,1104559,SENSEX25N1376100PE,SENSEX,0.0,2025-11-13,76100.0,0.05,20,PE,BFO-OPT,BFO
2690,285795333,1116388,SENSEX25N1376100CE,SENSEX,0.0,2025-11-13,76100.0,0.05,20,CE,BFO-OPT,BFO
2691,284946693,1113073,SENSEX25N1376000CE,SENSEX,0.0,2025-11-13,76000.0,0.05,20,CE,BFO-OPT,BFO
2692,285564421,1115486,SENSEX25N1376000PE,SENSEX,0.0,2025-11-13,76000.0,0.05,20,PE,BFO-OPT,BFO
2693,282336773,1102878,SENSEX25N1375900CE,SENSEX,0.0,2025-11-13,75900.0,0.05,20,CE,BFO-OPT,BFO
2694,283083781,1105796,SENSEX25N1375900PE,SENSEX,0.0,2025-11-13,75900.0,0.05,20,PE,BFO-OPT,BFO
2695,283187205,1106200,SENSEX25N1375800CE,SENSEX,0.0,2025-11-13,75800.0,0.05,20,CE,BFO-OPT,BFO
2696,284567813,1111593,SENSEX25N1375800PE,SENSEX,0.0,2025-11-13,75800.0,0.05,20,PE,BFO-OPT,BFO
2697,282907909,1105109,SENSEX25N1375700PE,SENSEX,0.0,2025-11-13,75700.0,0.05,20,PE,BFO-OPT,BFO
2698,284646405,1111900,SENSEX25N1375700CE,SENSEX,0.0,2025-11-13,75700.0,0.05,20,CE,BFO-OPT,BFO
2699,282996485,1105455,SENSEX25N1375600CE,SENSEX,0.0,2025-11-13,75600.0,0.05,20,CE,BFO-OPT,BFO
2700,284400901,1110941,SENSEX25N1375600PE,SENSEX,0.0,2025-11-13,75600.0,0.05,20,PE,BFO-OPT,BFO
2701,284490245,1111290,SENSEX25N1375500CE,SENSEX,0.0,2025-11-13,75500.0,0.05,20,CE,BFO-OPT,BFO
2702,285152005,1113875,SENSEX25N1375500PE,SENSEX,0.0,2025-11-13,75500.0,0.05,20,PE,BFO-OPT,BFO
2703,282817285,1104755,SENSEX25N1375400CE,SENSEX,0.0,2025-11-13,75400.0,0.05,20,CE,BFO-OPT,BFO
2704,283529221,1107536,SENSEX25N1375400PE,SENSEX,0.0,2025-11-13,75400.0,0.05,20,PE,BFO-OPT,BFO
2705,283646213,1107993,SENSEX25N1375300CE,SENSEX,0.0,2025-11-13,75300.0,0.05,20,CE,BFO-OPT,BFO
2706,284920581,1112971,SENSEX25N1375300PE,SENSEX,0.0,2025-11-13,75300.0,0.05,20,PE,BFO-OPT,BFO
2707,282520069,1103594,SENSEX25N1375200CE,SENSEX,0.0,2025-11-13,75200.0,0.05,20,CE,BFO-OPT,BFO
2708,283286277,1106587,SENSEX25N1375200PE,SENSEX,0.0,2025-11-13,75200.0,0.05,20,PE,BFO-OPT,BFO
2709,283424517,1107127,SENSEX25N1375100CE,SENSEX,0.0,2025-11-13,75100.0,0.05,20,CE,BFO-OPT,BFO
2710,284715781,1112171,SENSEX25N1375100PE,SENSEX,0.0,2025-11-13,75100.0,0.05,20,PE,BFO-OPT,BFO
2711,283066117,1105727,SENSEX25N1375000PE,SENSEX,0.0,2025-11-13,75000.0,0.05,20,PE,BFO-OPT,BFO
2712,284827653,1112608,SENSEX25N1375000CE,SENSEX,0.0,2025-11-13,75000.0,0.05,20,CE,BFO-OPT,BFO
2713,282223365,1102435,SENSEX25N1374900CE,SENSEX,0.0,2025-11-13,74900.0,0.05,20,CE,BFO-OPT,BFO
2714,285075461,1113576,SENSEX25N1374900PE,SENSEX,0.0,2025-11-13,74900.0,0.05,20,PE,BFO-OPT,BFO
2715,285196549,1114049,SENSEX25N1374800CE,SENSEX,0.0,2025-11-13,74800.0,0.05,20,CE,BFO-OPT,BFO
2716,285729029,1116129,SENSEX25N1374800PE,SENSEX,0.0,2025-11-13,74800.0,0.05,20,PE,BFO-OPT,BFO
2717,282022149,1101649,SENSEX25N1374700CE,SENSEX,0.0,2025-11-13,74700.0,0.05,20,CE,BFO-OPT,BFO
2718,282788869,1104644,SENSEX25N1374700PE,SENSEX,0.0,2025-11-13,74700.0,0.05,20,PE,BFO-OPT,BFO
2719,284973573,1113178,SENSEX25N1374600CE,SENSEX,0.0,2025-11-13,74600.0,0.05,20,CE,BFO-OPT,BFO
2720,285579781,1115546,SENSEX25N1374600PE,SENSEX,0.0,2025-11-13,74600.0,0.05,20,PE,BFO-OPT,BFO
2721,282499333,1103513,SENSEX25N1374500PE,SENSEX,0.0,2025-11-13,74500.0,0.05,20,PE,BFO-OPT,BFO
2722,285656581,1115846,SENSEX25N1374500CE,SENSEX,0.0,2025-11-13,74500.0,0.05,20,CE,BFO-OPT,BFO
2723,284760325,1112345,SENSEX25N1374400CE,SENSEX,0.0,2025-11-13,74400.0,0.05,20,CE,BFO-OPT,BFO
2724,285422597,1114932,SENSEX25N1374400PE,SENSEX,0.0,2025-11-13,74400.0,0.05,20,PE,BFO-OPT,BFO
2725,282295045,1102715,SENSEX25N1374300PE,SENSEX,0.0,2025-11-13,74300.0,0.05,20,PE,BFO-OPT,BFO
2726,285502469,1115244,SENSEX25N1374300CE,SENSEX,0.0,2025-11-13,74300.0,0.05,20,CE,BFO-OPT,BFO
2727,282396421,1103111,SENSEX25N1374200CE,SENSEX,0.0,2025-11-13,74200.0,0.05,20,CE,BFO-OPT,BFO
2728,285270789,1114339,SENSEX25N1374200PE,SENSEX,0.0,2025-11-13,74200.0,0.05,20,PE,BFO-OPT,BFO
2729,282096133,1101938,SENSEX25N1374100PE,SENSEX,0.0,2025-11-13,74100.0,0.05,20,PE,BFO-OPT,BFO
2730,285345541,1114631,SENSEX25N1374100CE,SENSEX,0.0,2025-11-13,74100.0,0.05,20,CE,BFO-OPT,BFO
2731,282194949,1102324,SENSEX25N1374000CE,SENSEX,0.0,2025-11-13,74000.0,0.05,20,CE,BFO-OPT,BFO
2732,282963205,1105325,SENSEX25N1374000PE,SENSEX,0.0,2025-11-13,74000.0,0.05,20,PE,BFO-OPT,BFO
2733,284248581,1110346,SENSEX25N1373900CE,SENSEX,0.0,2025-11-13,73900.0,0.05,20,CE,BFO-OPT,BFO
2734,284946181,1113071,SENSEX25N1373900PE,SENSEX,0.0,2025-11-13,73900.0,0.05,20,PE,BFO-OPT,BFO
2735,282552837,1103722,SENSEX25N1373800CE,SENSEX,0.0,2025-11-13,73800.0,0.05,20,CE,BFO-OPT,BFO
2736,283317765,1106710,SENSEX25N1373800PE,SENSEX,0.0,2025-11-13,73800.0,0.05,20,PE,BFO-OPT,BFO
2737,283447301,1107216,SENSEX25N1373700CE,SENSEX,0.0,2025-11-13,73700.0,0.05,20,CE,BFO-OPT,BFO
2738,284732421,1112236,SENSEX25N1373700PE,SENSEX,0.0,2025-11-13,73700.0,0.05,20,PE,BFO-OPT,BFO
2739,286058757,1117417,SENSEX25N1373600PE,SENSEX,0.0,2025-11-13,73600.0,0.05,20,PE,BFO-OPT,BFO
2740,286183429,1117904,SENSEX25N1373600CE,SENSEX,0.0,2025-11-13,73600.0,0.05,20,CE,BFO-OPT,BFO
2741,286098437,1117572,SENSEX25N1373500CE,SENSEX,0.0,2025-11-13,73500.0,0.05,20,CE,BFO-OPT,BFO
2742,286236421,1118111,SENSEX25N1373500PE,SENSEX,0.0,2025-11-13,73500.0,0.05,20,PE,BFO-OPT,BFO
2743,286004485,1117205,SENSEX25N1373400PE,SENSEX,0.0,2025-11-13,73400.0,0.05,20,PE,BFO-OPT,BFO
2744,286014981,1117246,SENSEX25N1373400CE,SENSEX,0.0,2025-11-13,73400.0,0.05,20,CE,BFO-OPT,BFO
2745,286048261,1117376,SENSEX25N1373300CE,SENSEX,0.0,2025-11-13,73300.0,0.05,20,CE,BFO-OPT,BFO
2746,286178821,1117886,SENSEX25N1373300PE,SENSEX,0.0,2025-11-13,73300.0,0.05,20,PE,BFO-OPT,BFO
2747,286093317,1117552,SENSEX25N1373200PE,SENSEX,0.0,2025-11-13,73200.0,0.05,20,PE,BFO-OPT,BFO
2748,286225669,1118069,SENSEX25N1373200CE,SENSEX,0.0,2025-11-13,73200.0,0.05,20,CE,BFO-OPT,BFO
2749,285991941,1117156,SENSEX25N1373100CE,SENSEX,0.0,2025-11-13,73100.0,0.05,20,CE,BFO-OPT,BFO
2750,286129157,1117692,SENSEX25N1373100PE,SENSEX,0.0,2025-11-13,73100.0,0.05,20,PE,BFO-OPT,BFO
2751,286041605,1117350,SENSEX25N1373000PE,SENSEX,0.0,2025-11-13,73000.0,0.05,20,PE,BFO-OPT,BFO
2752,286169093,1117848,SENSEX25N1373000CE,SENSEX,0.0,2025-11-13,73000.0,0.05,20,CE,BFO-OPT,BFO
2753,286009093,1117223,SENSEX25N1372900PE,SENSEX,0.0,2025-11-13,72900.0,0.05,20,PE,BFO-OPT,BFO
2754,286136069,1117719,SENSEX25N1372900CE,SENSEX,0.0,2025-11-13,72900.0,0.05,20,CE,BFO-OPT,BFO
2755,286839813,1120468,SENSEX25N1372800PE,SENSEX,0.0,2025-11-13,72800.0,0.05,20,PE,BFO-OPT,BFO
2756,286919941,1120781,SENSEX25N1372800CE,SENSEX,0.0,2025-11-13,72800.0,0.05,20,CE,BFO-OPT,BFO
2757,288718853,1127808,SENSEX25N2084400CE,SENSEX,0.0,2025-11-20,84400.0,0.05,20,CE,BFO-OPT,BFO
2758,288794373,1128103,SENSEX25N2084400PE,SENSEX,0.0,2025-11-20,84400.0,0.05,20,PE,BFO-OPT,BFO
2759,288811013,1128168,SENSEX25N2084300CE,SENSEX,0.0,2025-11-20,84300.0,0.05,20,CE,BFO-OPT,BFO
2760,288899333,1128513,SENSEX25N2084300PE,SENSEX,0.0,2025-11-20,84300.0,0.05,20,PE,BFO-OPT,BFO
2761,288834565,1128260,SENSEX25N2084500CE,SENSEX,0.0,2025-11-20,84500.0,0.05,20,CE,BFO-OPT,BFO
2762,288917509,1128584,SENSEX25N2084500PE,SENSEX,0.0,2025-11-20,84500.0,0.05,20,PE,BFO-OPT,BFO
2763,288771077,1128012,SENSEX25N2084200PE,SENSEX,0.0,2025-11-20,84200.0,0.05,20,PE,BFO-OPT,BFO
2764,288909061,1128551,SENSEX25N2084200CE,SENSEX,0.0,2025-11-20,84200.0,0.05,20,CE,BFO-OPT,BFO
2765,288740101,1127891,SENSEX25N2084600CE,SENSEX,0.0,2025-11-20,84600.0,0.05,20,CE,BFO-OPT,BFO
2766,288825093,1128223,SENSEX25N2084600PE,SENSEX,0.0,2025-11-20,84600.0,0.05,20,PE,BFO-OPT,BFO
2767,288784901,1128066,SENSEX25N2084100CE,SENSEX,0.0,2025-11-20,84100.0,0.05,20,CE,BFO-OPT,BFO
2768,288871941,1128406,SENSEX25N2084100PE,SENSEX,0.0,2025-11-20,84100.0,0.05,20,PE,BFO-OPT,BFO
2769,288864517,1128377,SENSEX25N2084700CE,SENSEX,0.0,2025-11-20,84700.0,0.05,20,CE,BFO-OPT,BFO
2770,288936453,1128658,SENSEX25N2084700PE,SENSEX,0.0,2025-11-20,84700.0,0.05,20,PE,BFO-OPT,BFO
2771,288886021,1128461,SENSEX25N2084000CE,SENSEX,0.0,2025-11-20,84000.0,0.05,20,CE,BFO-OPT,BFO
2772,288957189,1128739,SENSEX25N2084000PE,SENSEX,0.0,2025-11-20,84000.0,0.05,20,PE,BFO-OPT,BFO
2773,288764677,1127987,SENSEX25N2084800CE,SENSEX,0.0,2025-11-20,84800.0,0.05,20,CE,BFO-OPT,BFO
2774,288850437,1128322,SENSEX25N2084800PE,SENSEX,0.0,2025-11-20,84800.0,0.05,20,PE,BFO-OPT,BFO
2775,288670213,1127618,SENSEX25N2083900CE,SENSEX,0.0,2025-11-20,83900.0,0.05,20,CE,BFO-OPT,BFO
2776,288737541,1127881,SENSEX25N2083900PE,SENSEX,0.0,2025-11-20,83900.0,0.05,20,PE,BFO-OPT,BFO
2777,288749573,1127928,SENSEX25N2084900PE,SENSEX,0.0,2025-11-20,84900.0,0.05,20,PE,BFO-OPT,BFO
2778,288888837,1128472,SENSEX25N2084900CE,SENSEX,0.0,2025-11-20,84900.0,0.05,20,CE,BFO-OPT,BFO
2779,288643845,1127515,SENSEX25N2083800PE,SENSEX,0.0,2025-11-20,83800.0,0.05,20,PE,BFO-OPT,BFO
2780,288920581,1128596,SENSEX25N2083800CE,SENSEX,0.0,2025-11-20,83800.0,0.05,20,CE,BFO-OPT,BFO
2781,288724485,1127830,SENSEX25N2085000CE,SENSEX,0.0,2025-11-20,85000.0,0.05,20,CE,BFO-OPT,BFO
2782,288970757,1128792,SENSEX25N2085000PE,SENSEX,0.0,2025-11-20,85000.0,0.05,20,PE,BFO-OPT,BFO
2783,288653061,1127551,SENSEX25N2083700CE,SENSEX,0.0,2025-11-20,83700.0,0.05,20,CE,BFO-OPT,BFO
2784,288716293,1127798,SENSEX25N2083700PE,SENSEX,0.0,2025-11-20,83700.0,0.05,20,PE,BFO-OPT,BFO
2785,288651781,1127546,SENSEX25N2085100CE,SENSEX,0.0,2025-11-20,85100.0,0.05,20,CE,BFO-OPT,BFO
2786,288711429,1127779,SENSEX25N2085100PE,SENSEX,0.0,2025-11-20,85100.0,0.05,20,PE,BFO-OPT,BFO
2787,288919045,1128590,SENSEX25N2085200CE,SENSEX,0.0,2025-11-20,85200.0,0.05,20,CE,BFO-OPT,BFO
2788,290220805,1133675,SENSEX25N2091900PE,SENSEX,0.0,2025-11-20,91900.0,0.05,20,PE,BFO-OPT,BFO
2789,290319877,1134062,SENSEX25N2091900CE,SENSEX,0.0,2025-11-20,91900.0,0.05,20,CE,BFO-OPT,BFO
2790,290224901,1133691,SENSEX25N2091800CE,SENSEX,0.0,2025-11-20,91800.0,0.05,20,CE,BFO-OPT,BFO
2791,290253829,1133804,SENSEX25N2091800PE,SENSEX,0.0,2025-11-20,91800.0,0.05,20,PE,BFO-OPT,BFO
2792,290213381,1133646,SENSEX25N2091700PE,SENSEX,0.0,2025-11-20,91700.0,0.05,20,PE,BFO-OPT,BFO
2793,290311429,1134029,SENSEX25N2091700CE,SENSEX,0.0,2025-11-20,91700.0,0.05,20,CE,BFO-OPT,BFO
2794,290217221,1133661,SENSEX25N2091600CE,SENSEX,0.0,2025-11-20,91600.0,0.05,20,CE,BFO-OPT,BFO
2795,290243589,1133764,SENSEX25N2091600PE,SENSEX,0.0,2025-11-20,91600.0,0.05,20,PE,BFO-OPT,BFO
2796,290112261,1133251,SENSEX25N2091500PE,SENSEX,0.0,2025-11-20,91500.0,0.05,20,PE,BFO-OPT,BFO
2797,290147077,1133387,SENSEX25N2091500CE,SENSEX,0.0,2025-11-20,91500.0,0.05,20,CE,BFO-OPT,BFO
2798,290115845,1133265,SENSEX25N2091400CE,SENSEX,0.0,2025-11-20,91400.0,0.05,20,CE,BFO-OPT,BFO
2799,290139909,1133359,SENSEX25N2091400PE,SENSEX,0.0,2025-11-20,91400.0,0.05,20,PE,BFO-OPT,BFO
2800,290142213,1133368,SENSEX25N2091300CE,SENSEX,0.0,2025-11-20,91300.0,0.05,20,CE,BFO-OPT,BFO
2801,290158085,1133430,SENSEX25N2091300PE,SENSEX,0.0,2025-11-20,91300.0,0.05,20,PE,BFO-OPT,BFO
2802,290107909,1133234,SENSEX25N2091200CE,SENSEX,0.0,2025-11-20,91200.0,0.05,20,CE,BFO-OPT,BFO
2803,290132229,1133329,SENSEX25N2091200PE,SENSEX,0.0,2025-11-20,91200.0,0.05,20,PE,BFO-OPT,BFO
2804,290135557,1133342,SENSEX25N2091100CE,SENSEX,0.0,2025-11-20,91100.0,0.05,20,CE,BFO-OPT,BFO
2805,290153733,1133413,SENSEX25N2091100PE,SENSEX,0.0,2025-11-20,91100.0,0.05,20,PE,BFO-OPT,BFO
2806,289938437,1132572,SENSEX25N2091000PE,SENSEX,0.0,2025-11-20,91000.0,0.05,20,PE,BFO-OPT,BFO
2807,290008325,1132845,SENSEX25N2091000CE,SENSEX,0.0,2025-11-20,91000.0,0.05,20,CE,BFO-OPT,BFO
2808,289976069,1132719,SENSEX25N2090900CE,SENSEX,0.0,2025-11-20,90900.0,0.05,20,CE,BFO-OPT,BFO
2809,290021381,1132896,SENSEX25N2090900PE,SENSEX,0.0,2025-11-20,90900.0,0.05,20,PE,BFO-OPT,BFO
2810,290028805,1132925,SENSEX25N2090800CE,SENSEX,0.0,2025-11-20,90800.0,0.05,20,CE,BFO-OPT,BFO
2811,290074117,1133102,SENSEX25N2090800PE,SENSEX,0.0,2025-11-20,90800.0,0.05,20,PE,BFO-OPT,BFO
2812,290010117,1132852,SENSEX25N2090700PE,SENSEX,0.0,2025-11-20,90700.0,0.05,20,PE,BFO-OPT,BFO
2813,290080005,1133125,SENSEX25N2090700CE,SENSEX,0.0,2025-11-20,90700.0,0.05,20,CE,BFO-OPT,BFO
2814,290016517,1132877,SENSEX25N2090600CE,SENSEX,0.0,2025-11-20,90600.0,0.05,20,CE,BFO-OPT,BFO
2815,290060037,1133047,SENSEX25N2090600PE,SENSEX,0.0,2025-11-20,90600.0,0.05,20,PE,BFO-OPT,BFO
2816,289908997,1132457,SENSEX25N2090500PE,SENSEX,0.0,2025-11-20,90500.0,0.05,20,PE,BFO-OPT,BFO
2817,290065925,1133070,SENSEX25N2090500CE,SENSEX,0.0,2025-11-20,90500.0,0.05,20,CE,BFO-OPT,BFO
2818,290002181,1132821,SENSEX25N2090400CE,SENSEX,0.0,2025-11-20,90400.0,0.05,20,CE,BFO-OPT,BFO
2819,290046981,1132996,SENSEX25N2090400PE,SENSEX,0.0,2025-11-20,90400.0,0.05,20,PE,BFO-OPT,BFO
2820,290054149,1133024,SENSEX25N2090300CE,SENSEX,0.0,2025-11-20,90300.0,0.05,20,CE,BFO-OPT,BFO
2821,290096133,1133188,SENSEX25N2090300PE,SENSEX,0.0,2025-11-20,90300.0,0.05,20,PE,BFO-OPT,BFO
2822,289903365,1132435,SENSEX25N2090200CE,SENSEX,0.0,2025-11-20,90200.0,0.05,20,CE,BFO-OPT,BFO
2823,290035717,1132952,SENSEX25N2090200PE,SENSEX,0.0,2025-11-20,90200.0,0.05,20,PE,BFO-OPT,BFO
2824,289873669,1132319,SENSEX25N2090100CE,SENSEX,0.0,2025-11-20,90100.0,0.05,20,CE,BFO-OPT,BFO
2825,289889029,1132379,SENSEX25N2090100PE,SENSEX,0.0,2025-11-20,90100.0,0.05,20,PE,BFO-OPT,BFO
2826,289438981,1130621,SENSEX25N2090000PE,SENSEX,0.0,2025-11-20,90000.0,0.05,20,PE,BFO-OPT,BFO
2827,289490693,1130823,SENSEX25N2090000CE,SENSEX,0.0,2025-11-20,90000.0,0.05,20,CE,BFO-OPT,BFO
2828,289438725,1130620,SENSEX25N2089900CE,SENSEX,0.0,2025-11-20,89900.0,0.05,20,CE,BFO-OPT,BFO
2829,289479941,1130781,SENSEX25N2089900PE,SENSEX,0.0,2025-11-20,89900.0,0.05,20,PE,BFO-OPT,BFO
2830,289431045,1130590,SENSEX25N2089800PE,SENSEX,0.0,2025-11-20,89800.0,0.05,20,PE,BFO-OPT,BFO
2831,289483013,1130793,SENSEX25N2089800CE,SENSEX,0.0,2025-11-20,89800.0,0.05,20,CE,BFO-OPT,BFO
2832,289363717,1130327,SENSEX25N2089700CE,SENSEX,0.0,2025-11-20,89700.0,0.05,20,CE,BFO-OPT,BFO
2833,289377797,1130382,SENSEX25N2089700PE,SENSEX,0.0,2025-11-20,89700.0,0.05,20,PE,BFO-OPT,BFO
2834,289407749,1130499,SENSEX25N2089600CE,SENSEX,0.0,2025-11-20,89600.0,0.05,20,CE,BFO-OPT,BFO
2835,289423109,1130559,SENSEX25N2089600PE,SENSEX,0.0,2025-11-20,89600.0,0.05,20,PE,BFO-OPT,BFO
2836,289359621,1130311,SENSEX25N2089500CE,SENSEX,0.0,2025-11-20,89500.0,0.05,20,CE,BFO-OPT,BFO
2837,289373189,1130364,SENSEX25N2089500PE,SENSEX,0.0,2025-11-20,89500.0,0.05,20,PE,BFO-OPT,BFO
2838,289260805,1129925,SENSEX25N2089400CE,SENSEX,0.0,2025-11-20,89400.0,0.05,20,CE,BFO-OPT,BFO
2839,289295621,1130061,SENSEX25N2089400PE,SENSEX,0.0,2025-11-20,89400.0,0.05,20,PE,BFO-OPT,BFO
2840,289138181,1129446,SENSEX25N2089300PE,SENSEX,0.0,2025-11-20,89300.0,0.05,20,PE,BFO-OPT,BFO
2841,289237509,1129834,SENSEX25N2089300CE,SENSEX,0.0,2025-11-20,89300.0,0.05,20,CE,BFO-OPT,BFO
2842,289142277,1129462,SENSEX25N2089200CE,SENSEX,0.0,2025-11-20,89200.0,0.05,20,CE,BFO-OPT,BFO
2843,289166341,1129556,SENSEX25N2089200PE,SENSEX,0.0,2025-11-20,89200.0,0.05,20,PE,BFO-OPT,BFO
2844,289129477,1129412,SENSEX25N2089100PE,SENSEX,0.0,2025-11-20,89100.0,0.05,20,PE,BFO-OPT,BFO
2845,289225733,1129788,SENSEX25N2089100CE,SENSEX,0.0,2025-11-20,89100.0,0.05,20,CE,BFO-OPT,BFO
2846,289133829,1129429,SENSEX25N2089000CE,SENSEX,0.0,2025-11-20,89000.0,0.05,20,CE,BFO-OPT,BFO
2847,289159429,1129529,SENSEX25N2089000PE,SENSEX,0.0,2025-11-20,89000.0,0.05,20,PE,BFO-OPT,BFO
2848,289181701,1129616,SENSEX25N2088900CE,SENSEX,0.0,2025-11-20,88900.0,0.05,20,CE,BFO-OPT,BFO
2849,289206021,1129711,SENSEX25N2088900PE,SENSEX,0.0,2025-11-20,88900.0,0.05,20,PE,BFO-OPT,BFO
2850,289145861,1129476,SENSEX25N2088800CE,SENSEX,0.0,2025-11-20,88800.0,0.05,20,CE,BFO-OPT,BFO
2851,289169925,1129570,SENSEX25N2088800PE,SENSEX,0.0,2025-11-20,88800.0,0.05,20,PE,BFO-OPT,BFO
2852,289043973,1129078,SENSEX25N2088700CE,SENSEX,0.0,2025-11-20,88700.0,0.05,20,CE,BFO-OPT,BFO
2853,289072389,1129189,SENSEX25N2088700PE,SENSEX,0.0,2025-11-20,88700.0,0.05,20,PE,BFO-OPT,BFO
2854,289032197,1129032,SENSEX25N2088600PE,SENSEX,0.0,2025-11-20,88600.0,0.05,20,PE,BFO-OPT,BFO
2855,289076997,1129207,SENSEX25N2088600CE,SENSEX,0.0,2025-11-20,88600.0,0.05,20,CE,BFO-OPT,BFO
2856,288762629,1127979,SENSEX25N2088500CE,SENSEX,0.0,2025-11-20,88500.0,0.05,20,CE,BFO-OPT,BFO
2857,288846853,1128308,SENSEX25N2088500PE,SENSEX,0.0,2025-11-20,88500.0,0.05,20,PE,BFO-OPT,BFO
2858,288861701,1128366,SENSEX25N2088400CE,SENSEX,0.0,2025-11-20,88400.0,0.05,20,CE,BFO-OPT,BFO
2859,288934405,1128650,SENSEX25N2088400PE,SENSEX,0.0,2025-11-20,88400.0,0.05,20,PE,BFO-OPT,BFO
2860,288738565,1127885,SENSEX25N2088300CE,SENSEX,0.0,2025-11-20,88300.0,0.05,20,CE,BFO-OPT,BFO
2861,288821253,1128208,SENSEX25N2088300PE,SENSEX,0.0,2025-11-20,88300.0,0.05,20,PE,BFO-OPT,BFO
2862,288832517,1128252,SENSEX25N2088200CE,SENSEX,0.0,2025-11-20,88200.0,0.05,20,CE,BFO-OPT,BFO
2863,288914949,1128574,SENSEX25N2088200PE,SENSEX,0.0,2025-11-20,88200.0,0.05,20,PE,BFO-OPT,BFO
2864,288793093,1128098,SENSEX25N2088100PE,SENSEX,0.0,2025-11-20,88100.0,0.05,20,PE,BFO-OPT,BFO
2865,288926981,1128621,SENSEX25N2088100CE,SENSEX,0.0,2025-11-20,88100.0,0.05,20,CE,BFO-OPT,BFO
2866,288808709,1128159,SENSEX25N2088000CE,SENSEX,0.0,2025-11-20,88000.0,0.05,20,CE,BFO-OPT,BFO
2867,288895749,1128499,SENSEX25N2088000PE,SENSEX,0.0,2025-11-20,88000.0,0.05,20,PE,BFO-OPT,BFO
2868,288682501,1127666,SENSEX25N2087900PE,SENSEX,0.0,2025-11-20,87900.0,0.05,20,PE,BFO-OPT,BFO
2869,288963077,1128762,SENSEX25N2087900CE,SENSEX,0.0,2025-11-20,87900.0,0.05,20,CE,BFO-OPT,BFO
2870,288690693,1127698,SENSEX25N2087800CE,SENSEX,0.0,2025-11-20,87800.0,0.05,20,CE,BFO-OPT,BFO
2871,288929029,1128629,SENSEX25N2087800PE,SENSEX,0.0,2025-11-20,87800.0,0.05,20,PE,BFO-OPT,BFO
2872,288659973,1127578,SENSEX25N2087700PE,SENSEX,0.0,2025-11-20,87700.0,0.05,20,PE,BFO-OPT,BFO
2873,288941061,1128676,SENSEX25N2087700CE,SENSEX,0.0,2025-11-20,87700.0,0.05,20,CE,BFO-OPT,BFO
2874,288668165,1127610,SENSEX25N2087600CE,SENSEX,0.0,2025-11-20,87600.0,0.05,20,CE,BFO-OPT,BFO
2875,288735493,1127873,SENSEX25N2087600PE,SENSEX,0.0,2025-11-20,87600.0,0.05,20,PE,BFO-OPT,BFO
2876,288642309,1127509,SENSEX25N2087500PE,SENSEX,0.0,2025-11-20,87500.0,0.05,20,PE,BFO-OPT,BFO
2877,288919301,1128591,SENSEX25N2087500CE,SENSEX,0.0,2025-11-20,87500.0,0.05,20,CE,BFO-OPT,BFO
2878,288652037,1127547,SENSEX25N2087400CE,SENSEX,0.0,2025-11-20,87400.0,0.05,20,CE,BFO-OPT,BFO
2879,288711685,1127780,SENSEX25N2087400PE,SENSEX,0.0,2025-11-20,87400.0,0.05,20,PE,BFO-OPT,BFO
2880,288724997,1127832,SENSEX25N2087300CE,SENSEX,0.0,2025-11-20,87300.0,0.05,20,CE,BFO-OPT,BFO
2881,288971013,1128793,SENSEX25N2087300PE,SENSEX,0.0,2025-11-20,87300.0,0.05,20,PE,BFO-OPT,BFO
2882,288633349,1127474,SENSEX25N2087200CE,SENSEX,0.0,2025-11-20,87200.0,0.05,20,CE,BFO-OPT,BFO
2883,288696581,1127721,SENSEX25N2087200PE,SENSEX,0.0,2025-11-20,87200.0,0.05,20,PE,BFO-OPT,BFO
2884,288705029,1127754,SENSEX25N2087100CE,SENSEX,0.0,2025-11-20,87100.0,0.05,20,CE,BFO-OPT,BFO
2885,288779781,1128046,SENSEX25N2087100PE,SENSEX,0.0,2025-11-20,87100.0,0.05,20,PE,BFO-OPT,BFO
2886,288678405,1127650,SENSEX25N2087000PE,SENSEX,0.0,2025-11-20,87000.0,0.05,20,PE,BFO-OPT,BFO
2887,288960517,1128752,SENSEX25N2087000CE,SENSEX,0.0,2025-11-20,87000.0,0.05,20,CE,BFO-OPT,BFO
2888,288740357,1127892,SENSEX25N2086900CE,SENSEX,0.0,2025-11-20,86900.0,0.05,20,CE,BFO-OPT,BFO
2889,288825605,1128225,SENSEX25N2086900PE,SENSEX,0.0,2025-11-20,86900.0,0.05,20,PE,BFO-OPT,BFO
2890,288835333,1128263,SENSEX25N2086800CE,SENSEX,0.0,2025-11-20,86800.0,0.05,20,CE,BFO-OPT,BFO
2891,288918021,1128586,SENSEX25N2086800PE,SENSEX,0.0,2025-11-20,86800.0,0.05,20,PE,BFO-OPT,BFO
2892,288719365,1127810,SENSEX25N2086700CE,SENSEX,0.0,2025-11-20,86700.0,0.05,20,CE,BFO-OPT,BFO
2893,288795141,1128106,SENSEX25N2086700PE,SENSEX,0.0,2025-11-20,86700.0,0.05,20,PE,BFO-OPT,BFO
2894,288811525,1128170,SENSEX25N2086600CE,SENSEX,0.0,2025-11-20,86600.0,0.05,20,CE,BFO-OPT,BFO
2895,288899589,1128514,SENSEX25N2086600PE,SENSEX,0.0,2025-11-20,86600.0,0.05,20,PE,BFO-OPT,BFO
2896,288771589,1128014,SENSEX25N2086500PE,SENSEX,0.0,2025-11-20,86500.0,0.05,20,PE,BFO-OPT,BFO
2897,288909317,1128552,SENSEX25N2086500CE,SENSEX,0.0,2025-11-20,86500.0,0.05,20,CE,BFO-OPT,BFO
2898,288785157,1128067,SENSEX25N2086400CE,SENSEX,0.0,2025-11-20,86400.0,0.05,20,CE,BFO-OPT,BFO
2899,288872453,1128408,SENSEX25N2086400PE,SENSEX,0.0,2025-11-20,86400.0,0.05,20,PE,BFO-OPT,BFO
2900,288886789,1128464,SENSEX25N2086300CE,SENSEX,0.0,2025-11-20,86300.0,0.05,20,CE,BFO-OPT,BFO
2901,288957445,1128740,SENSEX25N2086300PE,SENSEX,0.0,2025-11-20,86300.0,0.05,20,PE,BFO-OPT,BFO
2902,288761605,1127975,SENSEX25N2086200CE,SENSEX,0.0,2025-11-20,86200.0,0.05,20,CE,BFO-OPT,BFO
2903,288846597,1128307,SENSEX25N2086200PE,SENSEX,0.0,2025-11-20,86200.0,0.05,20,PE,BFO-OPT,BFO
2904,288861189,1128364,SENSEX25N2086100CE,SENSEX,0.0,2025-11-20,86100.0,0.05,20,CE,BFO-OPT,BFO
2905,288934149,1128649,SENSEX25N2086100PE,SENSEX,0.0,2025-11-20,86100.0,0.05,20,PE,BFO-OPT,BFO
2906,288738309,1127884,SENSEX25N2086000CE,SENSEX,0.0,2025-11-20,86000.0,0.05,20,CE,BFO-OPT,BFO
2907,288820997,1128207,SENSEX25N2086000PE,SENSEX,0.0,2025-11-20,86000.0,0.05,20,PE,BFO-OPT,BFO
2908,288624901,1127441,SENSEX25N2085900PE,SENSEX,0.0,2025-11-20,85900.0,0.05,20,PE,BFO-OPT,BFO
2909,288904453,1128533,SENSEX25N2085900CE,SENSEX,0.0,2025-11-20,85900.0,0.05,20,CE,BFO-OPT,BFO
2910,288635397,1127482,SENSEX25N2085800CE,SENSEX,0.0,2025-11-20,85800.0,0.05,20,CE,BFO-OPT,BFO
2911,288699141,1127731,SENSEX25N2085800PE,SENSEX,0.0,2025-11-20,85800.0,0.05,20,PE,BFO-OPT,BFO
2912,288707589,1127764,SENSEX25N2085700CE,SENSEX,0.0,2025-11-20,85700.0,0.05,20,CE,BFO-OPT,BFO
2913,288949509,1128709,SENSEX25N2085700PE,SENSEX,0.0,2025-11-20,85700.0,0.05,20,PE,BFO-OPT,BFO
2914,288681733,1127663,SENSEX25N2085600PE,SENSEX,0.0,2025-11-20,85600.0,0.05,20,PE,BFO-OPT,BFO
2915,288962053,1128758,SENSEX25N2085600CE,SENSEX,0.0,2025-11-20,85600.0,0.05,20,CE,BFO-OPT,BFO
2916,288689925,1127695,SENSEX25N2085500CE,SENSEX,0.0,2025-11-20,85500.0,0.05,20,CE,BFO-OPT,BFO
2917,288758533,1127963,SENSEX25N2085500PE,SENSEX,0.0,2025-11-20,85500.0,0.05,20,PE,BFO-OPT,BFO
2918,288659461,1127576,SENSEX25N2085400PE,SENSEX,0.0,2025-11-20,85400.0,0.05,20,PE,BFO-OPT,BFO
2919,288940293,1128673,SENSEX25N2085400CE,SENSEX,0.0,2025-11-20,85400.0,0.05,20,CE,BFO-OPT,BFO
2920,288667909,1127609,SENSEX25N2085300CE,SENSEX,0.0,2025-11-20,85300.0,0.05,20,CE,BFO-OPT,BFO
2921,288734469,1127869,SENSEX25N2085300PE,SENSEX,0.0,2025-11-20,85300.0,0.05,20,PE,BFO-OPT,BFO
2922,288642053,1127508,SENSEX25N2085200PE,SENSEX,0.0,2025-11-20,85200.0,0.05,20,PE,BFO-OPT,BFO
2923,288623365,1127435,SENSEX25N2083600PE,SENSEX,0.0,2025-11-20,83600.0,0.05,20,PE,BFO-OPT,BFO
2924,288727813,1127843,SENSEX25N2083600CE,SENSEX,0.0,2025-11-20,83600.0,0.05,20,CE,BFO-OPT,BFO
2925,288634885,1127480,SENSEX25N2083500CE,SENSEX,0.0,2025-11-20,83500.0,0.05,20,CE,BFO-OPT,BFO
2926,288698373,1127728,SENSEX25N2083500PE,SENSEX,0.0,2025-11-20,83500.0,0.05,20,PE,BFO-OPT,BFO
2927,288706821,1127761,SENSEX25N2083400CE,SENSEX,0.0,2025-11-20,83400.0,0.05,20,CE,BFO-OPT,BFO
2928,288948741,1128706,SENSEX25N2083400PE,SENSEX,0.0,2025-11-20,83400.0,0.05,20,PE,BFO-OPT,BFO
2929,288680965,1127660,SENSEX25N2083300PE,SENSEX,0.0,2025-11-20,83300.0,0.05,20,PE,BFO-OPT,BFO
2930,288961797,1128757,SENSEX25N2083300CE,SENSEX,0.0,2025-11-20,83300.0,0.05,20,CE,BFO-OPT,BFO
2931,288689669,1127694,SENSEX25N2083200CE,SENSEX,0.0,2025-11-20,83200.0,0.05,20,CE,BFO-OPT,BFO
2932,288756997,1127957,SENSEX25N2083200PE,SENSEX,0.0,2025-11-20,83200.0,0.05,20,PE,BFO-OPT,BFO
2933,288658949,1127574,SENSEX25N2083100PE,SENSEX,0.0,2025-11-20,83100.0,0.05,20,PE,BFO-OPT,BFO
2934,288939781,1128671,SENSEX25N2083100CE,SENSEX,0.0,2025-11-20,83100.0,0.05,20,CE,BFO-OPT,BFO
2935,288667653,1127608,SENSEX25N2083000CE,SENSEX,0.0,2025-11-20,83000.0,0.05,20,CE,BFO-OPT,BFO
2936,288732933,1127863,SENSEX25N2083000PE,SENSEX,0.0,2025-11-20,83000.0,0.05,20,PE,BFO-OPT,BFO
2937,288813317,1128177,SENSEX25N2082900CE,SENSEX,0.0,2025-11-20,82900.0,0.05,20,CE,BFO-OPT,BFO
2938,288901893,1128523,SENSEX25N2082900PE,SENSEX,0.0,2025-11-20,82900.0,0.05,20,PE,BFO-OPT,BFO
2939,288772869,1128019,SENSEX25N2082800PE,SENSEX,0.0,2025-11-20,82800.0,0.05,20,PE,BFO-OPT,BFO
2940,288911877,1128562,SENSEX25N2082800CE,SENSEX,0.0,2025-11-20,82800.0,0.05,20,CE,BFO-OPT,BFO
2941,288787973,1128078,SENSEX25N2082700CE,SENSEX,0.0,2025-11-20,82700.0,0.05,20,CE,BFO-OPT,BFO
2942,288878341,1128431,SENSEX25N2082700PE,SENSEX,0.0,2025-11-20,82700.0,0.05,20,PE,BFO-OPT,BFO
2943,288888581,1128471,SENSEX25N2082600CE,SENSEX,0.0,2025-11-20,82600.0,0.05,20,CE,BFO-OPT,BFO
2944,288960005,1128750,SENSEX25N2082600PE,SENSEX,0.0,2025-11-20,82600.0,0.05,20,PE,BFO-OPT,BFO
2945,288764421,1127986,SENSEX25N2082500CE,SENSEX,0.0,2025-11-20,82500.0,0.05,20,CE,BFO-OPT,BFO
2946,288849669,1128319,SENSEX25N2082500PE,SENSEX,0.0,2025-11-20,82500.0,0.05,20,PE,BFO-OPT,BFO
2947,288864005,1128375,SENSEX25N2082400CE,SENSEX,0.0,2025-11-20,82400.0,0.05,20,CE,BFO-OPT,BFO
2948,288935941,1128656,SENSEX25N2082400PE,SENSEX,0.0,2025-11-20,82400.0,0.05,20,PE,BFO-OPT,BFO
2949,288739589,1127889,SENSEX25N2082300CE,SENSEX,0.0,2025-11-20,82300.0,0.05,20,CE,BFO-OPT,BFO
2950,288824069,1128219,SENSEX25N2082300PE,SENSEX,0.0,2025-11-20,82300.0,0.05,20,PE,BFO-OPT,BFO
2951,288833797,1128257,SENSEX25N2082200CE,SENSEX,0.0,2025-11-20,82200.0,0.05,20,CE,BFO-OPT,BFO
2952,288916997,1128582,SENSEX25N2082200PE,SENSEX,0.0,2025-11-20,82200.0,0.05,20,PE,BFO-OPT,BFO
2953,288794117,1128102,SENSEX25N2082100PE,SENSEX,0.0,2025-11-20,82100.0,0.05,20,PE,BFO-OPT,BFO
2954,288927749,1128624,SENSEX25N2082100CE,SENSEX,0.0,2025-11-20,82100.0,0.05,20,CE,BFO-OPT,BFO
2955,288810757,1128167,SENSEX25N2082000CE,SENSEX,0.0,2025-11-20,82000.0,0.05,20,CE,BFO-OPT,BFO
2956,288898565,1128510,SENSEX25N2082000PE,SENSEX,0.0,2025-11-20,82000.0,0.05,20,PE,BFO-OPT,BFO
2957,288683781,1127671,SENSEX25N2081900PE,SENSEX,0.0,2025-11-20,81900.0,0.05,20,PE,BFO-OPT,BFO
2958,288964357,1128767,SENSEX25N2081900CE,SENSEX,0.0,2025-11-20,81900.0,0.05,20,CE,BFO-OPT,BFO
2959,288691205,1127700,SENSEX25N2081800CE,SENSEX,0.0,2025-11-20,81800.0,0.05,20,CE,BFO-OPT,BFO
2960,288761349,1127974,SENSEX25N2081800PE,SENSEX,0.0,2025-11-20,81800.0,0.05,20,PE,BFO-OPT,BFO
2961,288660741,1127581,SENSEX25N2081700PE,SENSEX,0.0,2025-11-20,81700.0,0.05,20,PE,BFO-OPT,BFO
2962,288942853,1128683,SENSEX25N2081700CE,SENSEX,0.0,2025-11-20,81700.0,0.05,20,CE,BFO-OPT,BFO
2963,288669957,1127617,SENSEX25N2081600CE,SENSEX,0.0,2025-11-20,81600.0,0.05,20,CE,BFO-OPT,BFO
2964,288737285,1127880,SENSEX25N2081600PE,SENSEX,0.0,2025-11-20,81600.0,0.05,20,PE,BFO-OPT,BFO
2965,288643077,1127512,SENSEX25N2081500PE,SENSEX,0.0,2025-11-20,81500.0,0.05,20,PE,BFO-OPT,BFO
2966,288920069,1128594,SENSEX25N2081500CE,SENSEX,0.0,2025-11-20,81500.0,0.05,20,CE,BFO-OPT,BFO
2967,288652805,1127550,SENSEX25N2081400CE,SENSEX,0.0,2025-11-20,81400.0,0.05,20,CE,BFO-OPT,BFO
2968,288714501,1127791,SENSEX25N2081400PE,SENSEX,0.0,2025-11-20,81400.0,0.05,20,PE,BFO-OPT,BFO
2969,288622853,1127433,SENSEX25N2081300PE,SENSEX,0.0,2025-11-20,81300.0,0.05,20,PE,BFO-OPT,BFO
2970,288726789,1127839,SENSEX25N2081300CE,SENSEX,0.0,2025-11-20,81300.0,0.05,20,CE,BFO-OPT,BFO
2971,288634373,1127478,SENSEX25N2081200CE,SENSEX,0.0,2025-11-20,81200.0,0.05,20,CE,BFO-OPT,BFO
2972,288697861,1127726,SENSEX25N2081200PE,SENSEX,0.0,2025-11-20,81200.0,0.05,20,PE,BFO-OPT,BFO
2973,288706309,1127759,SENSEX25N2081100CE,SENSEX,0.0,2025-11-20,81100.0,0.05,20,CE,BFO-OPT,BFO
2974,288784389,1128064,SENSEX25N2081100PE,SENSEX,0.0,2025-11-20,81100.0,0.05,20,PE,BFO-OPT,BFO
2975,288680709,1127659,SENSEX25N2081000PE,SENSEX,0.0,2025-11-20,81000.0,0.05,20,PE,BFO-OPT,BFO
2976,288961029,1128754,SENSEX25N2081000CE,SENSEX,0.0,2025-11-20,81000.0,0.05,20,CE,BFO-OPT,BFO
2977,288741381,1127896,SENSEX25N2080900CE,SENSEX,0.0,2025-11-20,80900.0,0.05,20,CE,BFO-OPT,BFO
2978,288827141,1128231,SENSEX25N2080900PE,SENSEX,0.0,2025-11-20,80900.0,0.05,20,PE,BFO-OPT,BFO
2979,288839941,1128281,SENSEX25N2080800CE,SENSEX,0.0,2025-11-20,80800.0,0.05,20,CE,BFO-OPT,BFO
2980,288918789,1128589,SENSEX25N2080800PE,SENSEX,0.0,2025-11-20,80800.0,0.05,20,PE,BFO-OPT,BFO
2981,288719877,1127812,SENSEX25N2080700CE,SENSEX,0.0,2025-11-20,80700.0,0.05,20,CE,BFO-OPT,BFO
2982,288798469,1128119,SENSEX25N2080700PE,SENSEX,0.0,2025-11-20,80700.0,0.05,20,PE,BFO-OPT,BFO
2983,288813061,1128176,SENSEX25N2080600CE,SENSEX,0.0,2025-11-20,80600.0,0.05,20,CE,BFO-OPT,BFO
2984,288901637,1128522,SENSEX25N2080600PE,SENSEX,0.0,2025-11-20,80600.0,0.05,20,PE,BFO-OPT,BFO
2985,288772613,1128018,SENSEX25N2080500PE,SENSEX,0.0,2025-11-20,80500.0,0.05,20,PE,BFO-OPT,BFO
2986,288911365,1128560,SENSEX25N2080500CE,SENSEX,0.0,2025-11-20,80500.0,0.05,20,CE,BFO-OPT,BFO
2987,288787717,1128077,SENSEX25N2080400CE,SENSEX,0.0,2025-11-20,80400.0,0.05,20,CE,BFO-OPT,BFO
2988,288877061,1128426,SENSEX25N2080400PE,SENSEX,0.0,2025-11-20,80400.0,0.05,20,PE,BFO-OPT,BFO
2989,288888069,1128469,SENSEX25N2080300CE,SENSEX,0.0,2025-11-20,80300.0,0.05,20,CE,BFO-OPT,BFO
2990,288958981,1128746,SENSEX25N2080300PE,SENSEX,0.0,2025-11-20,80300.0,0.05,20,PE,BFO-OPT,BFO
2991,288763397,1127982,SENSEX25N2080200CE,SENSEX,0.0,2025-11-20,80200.0,0.05,20,CE,BFO-OPT,BFO
2992,288849157,1128317,SENSEX25N2080200PE,SENSEX,0.0,2025-11-20,80200.0,0.05,20,PE,BFO-OPT,BFO
2993,288863749,1128374,SENSEX25N2080100CE,SENSEX,0.0,2025-11-20,80100.0,0.05,20,CE,BFO-OPT,BFO
2994,288935685,1128655,SENSEX25N2080100PE,SENSEX,0.0,2025-11-20,80100.0,0.05,20,PE,BFO-OPT,BFO
2995,288823813,1128218,SENSEX25N2080000PE,SENSEX,0.0,2025-11-20,80000.0,0.05,20,PE,BFO-OPT,BFO
2996,288947973,1128703,SENSEX25N2080000CE,SENSEX,0.0,2025-11-20,80000.0,0.05,20,CE,BFO-OPT,BFO
2997,288823557,1128217,SENSEX25N2079900CE,SENSEX,0.0,2025-11-20,79900.0,0.05,20,CE,BFO-OPT,BFO
2998,288907269,1128544,SENSEX25N2079900PE,SENSEX,0.0,2025-11-20,79900.0,0.05,20,PE,BFO-OPT,BFO
2999,288638981,1127496,SENSEX25N2079800PE,SENSEX,0.0,2025-11-20,79800.0,0.05,20,PE,BFO-OPT,BFO
3000,288916741,1128581,SENSEX25N2079800CE,SENSEX,0.0,2025-11-20,79800.0,0.05,20,CE,BFO-OPT,BFO
3001,288649221,1127536,SENSEX25N2079700CE,SENSEX,0.0,2025-11-20,79700.0,0.05,20,CE,BFO-OPT,BFO
3002,288884997,1128457,SENSEX25N2079700PE,SENSEX,0.0,2025-11-20,79700.0,0.05,20,PE,BFO-OPT,BFO
3003,288898053,1128508,SENSEX25N2079600CE,SENSEX,0.0,2025-11-20,79600.0,0.05,20,CE,BFO-OPT,BFO
3004,288966405,1128775,SENSEX25N2079600PE,SENSEX,0.0,2025-11-20,79600.0,0.05,20,PE,BFO-OPT,BFO
3005,288631813,1127468,SENSEX25N2079500CE,SENSEX,0.0,2025-11-20,79500.0,0.05,20,CE,BFO-OPT,BFO
3006,288693765,1127710,SENSEX25N2079500PE,SENSEX,0.0,2025-11-20,79500.0,0.05,20,PE,BFO-OPT,BFO
3007,288870661,1128401,SENSEX25N2079400CE,SENSEX,0.0,2025-11-20,79400.0,0.05,20,CE,BFO-OPT,BFO
3008,288945413,1128693,SENSEX25N2079400PE,SENSEX,0.0,2025-11-20,79400.0,0.05,20,PE,BFO-OPT,BFO
3009,288672517,1127627,SENSEX25N2079300PE,SENSEX,0.0,2025-11-20,79300.0,0.05,20,PE,BFO-OPT,BFO
3010,288954629,1128729,SENSEX25N2079300CE,SENSEX,0.0,2025-11-20,79300.0,0.05,20,CE,BFO-OPT,BFO
3011,288687621,1127686,SENSEX25N2079200CE,SENSEX,0.0,2025-11-20,79200.0,0.05,20,CE,BFO-OPT,BFO
3012,288923909,1128609,SENSEX25N2079200PE,SENSEX,0.0,2025-11-20,79200.0,0.05,20,PE,BFO-OPT,BFO
3013,288654085,1127555,SENSEX25N2079100PE,SENSEX,0.0,2025-11-20,79100.0,0.05,20,PE,BFO-OPT,BFO
3014,288933381,1128646,SENSEX25N2079100CE,SENSEX,0.0,2025-11-20,79100.0,0.05,20,CE,BFO-OPT,BFO
3015,288663813,1127593,SENSEX25N2079000CE,SENSEX,0.0,2025-11-20,79000.0,0.05,20,CE,BFO-OPT,BFO
3016,288728069,1127844,SENSEX25N2079000PE,SENSEX,0.0,2025-11-20,79000.0,0.05,20,PE,BFO-OPT,BFO
3017,288689413,1127693,SENSEX25N2078900PE,SENSEX,0.0,2025-11-20,78900.0,0.05,20,PE,BFO-OPT,BFO
3018,288807685,1128155,SENSEX25N2078900CE,SENSEX,0.0,2025-11-20,78900.0,0.05,20,CE,BFO-OPT,BFO
3019,288697605,1127725,SENSEX25N2078800CE,SENSEX,0.0,2025-11-20,78800.0,0.05,20,CE,BFO-OPT,BFO
3020,288769797,1128007,SENSEX25N2078800PE,SENSEX,0.0,2025-11-20,78800.0,0.05,20,PE,BFO-OPT,BFO
3021,288782853,1128058,SENSEX25N2078700CE,SENSEX,0.0,2025-11-20,78700.0,0.05,20,CE,BFO-OPT,BFO
3022,288869381,1128396,SENSEX25N2078700PE,SENSEX,0.0,2025-11-20,78700.0,0.05,20,PE,BFO-OPT,BFO
3023,288679429,1127654,SENSEX25N2078600CE,SENSEX,0.0,2025-11-20,78600.0,0.05,20,CE,BFO-OPT,BFO
3024,288745477,1127912,SENSEX25N2078600PE,SENSEX,0.0,2025-11-20,78600.0,0.05,20,PE,BFO-OPT,BFO
3025,288756485,1127955,SENSEX25N2078500CE,SENSEX,0.0,2025-11-20,78500.0,0.05,20,CE,BFO-OPT,BFO
3026,288843013,1128293,SENSEX25N2078500PE,SENSEX,0.0,2025-11-20,78500.0,0.05,20,PE,BFO-OPT,BFO
3027,288721157,1127817,SENSEX25N2078400PE,SENSEX,0.0,2025-11-20,78400.0,0.05,20,PE,BFO-OPT,BFO
3028,288857605,1128350,SENSEX25N2078400CE,SENSEX,0.0,2025-11-20,78400.0,0.05,20,CE,BFO-OPT,BFO
3029,288731653,1127858,SENSEX25N2078300CE,SENSEX,0.0,2025-11-20,78300.0,0.05,20,CE,BFO-OPT,BFO
3030,288818181,1128196,SENSEX25N2078300PE,SENSEX,0.0,2025-11-20,78300.0,0.05,20,PE,BFO-OPT,BFO
3031,288829957,1128242,SENSEX25N2078200CE,SENSEX,0.0,2025-11-20,78200.0,0.05,20,CE,BFO-OPT,BFO
3032,288913669,1128569,SENSEX25N2078200PE,SENSEX,0.0,2025-11-20,78200.0,0.05,20,PE,BFO-OPT,BFO
3033,288710405,1127775,SENSEX25N2078100CE,SENSEX,0.0,2025-11-20,78100.0,0.05,20,CE,BFO-OPT,BFO
3034,288790277,1128087,SENSEX25N2078100PE,SENSEX,0.0,2025-11-20,78100.0,0.05,20,PE,BFO-OPT,BFO
3035,288803333,1128138,SENSEX25N2078000CE,SENSEX,0.0,2025-11-20,78000.0,0.05,20,CE,BFO-OPT,BFO
3036,288891909,1128484,SENSEX25N2078000PE,SENSEX,0.0,2025-11-20,78000.0,0.05,20,PE,BFO-OPT,BFO
3037,288677381,1127646,SENSEX25N2077900PE,SENSEX,0.0,2025-11-20,77900.0,0.05,20,PE,BFO-OPT,BFO
3038,288958725,1128745,SENSEX25N2077900CE,SENSEX,0.0,2025-11-20,77900.0,0.05,20,CE,BFO-OPT,BFO
3039,288848389,1128314,SENSEX25N2077800CE,SENSEX,0.0,2025-11-20,77800.0,0.05,20,CE,BFO-OPT,BFO
3040,288925957,1128617,SENSEX25N2077800PE,SENSEX,0.0,2025-11-20,77800.0,0.05,20,PE,BFO-OPT,BFO
3041,288656389,1127564,SENSEX25N2077700PE,SENSEX,0.0,2025-11-20,77700.0,0.05,20,PE,BFO-OPT,BFO
3042,288935173,1128653,SENSEX25N2077700CE,SENSEX,0.0,2025-11-20,77700.0,0.05,20,CE,BFO-OPT,BFO
3043,288666629,1127604,SENSEX25N2077600CE,SENSEX,0.0,2025-11-20,77600.0,0.05,20,CE,BFO-OPT,BFO
3044,288906757,1128542,SENSEX25N2077600PE,SENSEX,0.0,2025-11-20,77600.0,0.05,20,PE,BFO-OPT,BFO
3045,288638469,1127494,SENSEX25N2077500PE,SENSEX,0.0,2025-11-20,77500.0,0.05,20,PE,BFO-OPT,BFO
3046,288916229,1128579,SENSEX25N2077500CE,SENSEX,0.0,2025-11-20,77500.0,0.05,20,CE,BFO-OPT,BFO
3047,288648965,1127535,SENSEX25N2077400CE,SENSEX,0.0,2025-11-20,77400.0,0.05,20,CE,BFO-OPT,BFO
3048,288708869,1127769,SENSEX25N2077400PE,SENSEX,0.0,2025-11-20,77400.0,0.05,20,PE,BFO-OPT,BFO
3049,288897797,1128507,SENSEX25N2077300CE,SENSEX,0.0,2025-11-20,77300.0,0.05,20,CE,BFO-OPT,BFO
3050,288966149,1128774,SENSEX25N2077300PE,SENSEX,0.0,2025-11-20,77300.0,0.05,20,PE,BFO-OPT,BFO
3051,288630533,1127463,SENSEX25N2077200CE,SENSEX,0.0,2025-11-20,77200.0,0.05,20,CE,BFO-OPT,BFO
3052,288692997,1127707,SENSEX25N2077200PE,SENSEX,0.0,2025-11-20,77200.0,0.05,20,PE,BFO-OPT,BFO
3053,288702725,1127745,SENSEX25N2077100CE,SENSEX,0.0,2025-11-20,77100.0,0.05,20,CE,BFO-OPT,BFO
3054,288945157,1128692,SENSEX25N2077100PE,SENSEX,0.0,2025-11-20,77100.0,0.05,20,PE,BFO-OPT,BFO
3055,288671749,1127624,SENSEX25N2077000PE,SENSEX,0.0,2025-11-20,77000.0,0.05,20,PE,BFO-OPT,BFO
3056,288954117,1128727,SENSEX25N2077000CE,SENSEX,0.0,2025-11-20,77000.0,0.05,20,CE,BFO-OPT,BFO
3057,288737029,1127879,SENSEX25N2076900CE,SENSEX,0.0,2025-11-20,76900.0,0.05,20,CE,BFO-OPT,BFO
3058,288820485,1128205,SENSEX25N2076900PE,SENSEX,0.0,2025-11-20,76900.0,0.05,20,PE,BFO-OPT,BFO
3059,288704005,1127750,SENSEX25N2076800PE,SENSEX,0.0,2025-11-20,76800.0,0.05,20,PE,BFO-OPT,BFO
3060,288832005,1128250,SENSEX25N2076800CE,SENSEX,0.0,2025-11-20,76800.0,0.05,20,CE,BFO-OPT,BFO
3061,288713477,1127787,SENSEX25N2076700CE,SENSEX,0.0,2025-11-20,76700.0,0.05,20,CE,BFO-OPT,BFO
3062,288792325,1128095,SENSEX25N2076700PE,SENSEX,0.0,2025-11-20,76700.0,0.05,20,PE,BFO-OPT,BFO
3063,288806917,1128152,SENSEX25N2076600CE,SENSEX,0.0,2025-11-20,76600.0,0.05,20,CE,BFO-OPT,BFO
3064,288894469,1128494,SENSEX25N2076600PE,SENSEX,0.0,2025-11-20,76600.0,0.05,20,PE,BFO-OPT,BFO
3065,288696837,1127722,SENSEX25N2076500CE,SENSEX,0.0,2025-11-20,76500.0,0.05,20,CE,BFO-OPT,BFO
3066,288769541,1128006,SENSEX25N2076500PE,SENSEX,0.0,2025-11-20,76500.0,0.05,20,PE,BFO-OPT,BFO
3067,288782597,1128057,SENSEX25N2076400CE,SENSEX,0.0,2025-11-20,76400.0,0.05,20,CE,BFO-OPT,BFO
3068,288869125,1128395,SENSEX25N2076400PE,SENSEX,0.0,2025-11-20,76400.0,0.05,20,PE,BFO-OPT,BFO
3069,288745221,1127911,SENSEX25N2076300PE,SENSEX,0.0,2025-11-20,76300.0,0.05,20,PE,BFO-OPT,BFO
3070,288882437,1128447,SENSEX25N2076300CE,SENSEX,0.0,2025-11-20,76300.0,0.05,20,CE,BFO-OPT,BFO
3071,288756229,1127954,SENSEX25N2076200CE,SENSEX,0.0,2025-11-20,76200.0,0.05,20,CE,BFO-OPT,BFO
3072,288842245,1128290,SENSEX25N2076200PE,SENSEX,0.0,2025-11-20,76200.0,0.05,20,PE,BFO-OPT,BFO
3073,288857349,1128349,SENSEX25N2076100CE,SENSEX,0.0,2025-11-20,76100.0,0.05,20,CE,BFO-OPT,BFO
3074,288931845,1128640,SENSEX25N2076100PE,SENSEX,0.0,2025-11-20,76100.0,0.05,20,PE,BFO-OPT,BFO
3075,288731397,1127857,SENSEX25N2076000CE,SENSEX,0.0,2025-11-20,76000.0,0.05,20,CE,BFO-OPT,BFO
3076,288816901,1128191,SENSEX25N2076000PE,SENSEX,0.0,2025-11-20,76000.0,0.05,20,PE,BFO-OPT,BFO
3077,288901125,1128520,SENSEX25N2075900CE,SENSEX,0.0,2025-11-20,75900.0,0.05,20,CE,BFO-OPT,BFO
3078,288970501,1128791,SENSEX25N2075900PE,SENSEX,0.0,2025-11-20,75900.0,0.05,20,PE,BFO-OPT,BFO
3079,288632837,1127472,SENSEX25N2075800CE,SENSEX,0.0,2025-11-20,75800.0,0.05,20,CE,BFO-OPT,BFO
3080,288695813,1127718,SENSEX25N2075800PE,SENSEX,0.0,2025-11-20,75800.0,0.05,20,PE,BFO-OPT,BFO
3081,288873733,1128413,SENSEX25N2075700CE,SENSEX,0.0,2025-11-20,75700.0,0.05,20,CE,BFO-OPT,BFO
3082,288946181,1128696,SENSEX25N2075700PE,SENSEX,0.0,2025-11-20,75700.0,0.05,20,PE,BFO-OPT,BFO
3083,288676613,1127643,SENSEX25N2075600PE,SENSEX,0.0,2025-11-20,75600.0,0.05,20,PE,BFO-OPT,BFO
3084,288958469,1128744,SENSEX25N2075600CE,SENSEX,0.0,2025-11-20,75600.0,0.05,20,CE,BFO-OPT,BFO
3085,288689157,1127692,SENSEX25N2075500CE,SENSEX,0.0,2025-11-20,75500.0,0.05,20,CE,BFO-OPT,BFO
3086,288925445,1128615,SENSEX25N2075500PE,SENSEX,0.0,2025-11-20,75500.0,0.05,20,PE,BFO-OPT,BFO
3087,288656133,1127563,SENSEX25N2075400PE,SENSEX,0.0,2025-11-20,75400.0,0.05,20,PE,BFO-OPT,BFO
3088,288934917,1128652,SENSEX25N2075400CE,SENSEX,0.0,2025-11-20,75400.0,0.05,20,CE,BFO-OPT,BFO
3089,288666117,1127602,SENSEX25N2075300CE,SENSEX,0.0,2025-11-20,75300.0,0.05,20,CE,BFO-OPT,BFO
3090,288729349,1127849,SENSEX25N2075300PE,SENSEX,0.0,2025-11-20,75300.0,0.05,20,PE,BFO-OPT,BFO
3091,288638213,1127493,SENSEX25N2075200PE,SENSEX,0.0,2025-11-20,75200.0,0.05,20,PE,BFO-OPT,BFO
3092,288915717,1128577,SENSEX25N2075200CE,SENSEX,0.0,2025-11-20,75200.0,0.05,20,CE,BFO-OPT,BFO
3093,288647941,1127531,SENSEX25N2075100CE,SENSEX,0.0,2025-11-20,75100.0,0.05,20,CE,BFO-OPT,BFO
3094,288708613,1127768,SENSEX25N2075100PE,SENSEX,0.0,2025-11-20,75100.0,0.05,20,PE,BFO-OPT,BFO
3095,288897541,1128506,SENSEX25N2075000CE,SENSEX,0.0,2025-11-20,75000.0,0.05,20,CE,BFO-OPT,BFO
3096,288965893,1128773,SENSEX25N2075000PE,SENSEX,0.0,2025-11-20,75000.0,0.05,20,PE,BFO-OPT,BFO
3097,288682757,1127667,SENSEX25N2074900CE,SENSEX,0.0,2025-11-20,74900.0,0.05,20,CE,BFO-OPT,BFO
3098,288746757,1127917,SENSEX25N2074900PE,SENSEX,0.0,2025-11-20,74900.0,0.05,20,PE,BFO-OPT,BFO
3099,288760581,1127971,SENSEX25N2074800CE,SENSEX,0.0,2025-11-20,74800.0,0.05,20,CE,BFO-OPT,BFO
3100,288845317,1128302,SENSEX25N2074800PE,SENSEX,0.0,2025-11-20,74800.0,0.05,20,PE,BFO-OPT,BFO
3101,288724229,1127829,SENSEX25N2074700PE,SENSEX,0.0,2025-11-20,74700.0,0.05,20,PE,BFO-OPT,BFO
3102,288860421,1128361,SENSEX25N2074700CE,SENSEX,0.0,2025-11-20,74700.0,0.05,20,CE,BFO-OPT,BFO
3103,288736517,1127877,SENSEX25N2074600CE,SENSEX,0.0,2025-11-20,74600.0,0.05,20,CE,BFO-OPT,BFO
3104,288819973,1128203,SENSEX25N2074600PE,SENSEX,0.0,2025-11-20,74600.0,0.05,20,PE,BFO-OPT,BFO
3105,288831493,1128248,SENSEX25N2074500CE,SENSEX,0.0,2025-11-20,74500.0,0.05,20,CE,BFO-OPT,BFO
3106,288914437,1128572,SENSEX25N2074500PE,SENSEX,0.0,2025-11-20,74500.0,0.05,20,PE,BFO-OPT,BFO
3107,288712453,1127783,SENSEX25N2074400CE,SENSEX,0.0,2025-11-20,74400.0,0.05,20,CE,BFO-OPT,BFO
3108,288791301,1128091,SENSEX25N2074400PE,SENSEX,0.0,2025-11-20,74400.0,0.05,20,PE,BFO-OPT,BFO
3109,288806405,1128150,SENSEX25N2074300CE,SENSEX,0.0,2025-11-20,74300.0,0.05,20,CE,BFO-OPT,BFO
3110,288893957,1128492,SENSEX25N2074300PE,SENSEX,0.0,2025-11-20,74300.0,0.05,20,PE,BFO-OPT,BFO
3111,288769285,1128005,SENSEX25N2074200PE,SENSEX,0.0,2025-11-20,74200.0,0.05,20,PE,BFO-OPT,BFO
3112,288906245,1128540,SENSEX25N2074200CE,SENSEX,0.0,2025-11-20,74200.0,0.05,20,CE,BFO-OPT,BFO
3113,288781829,1128054,SENSEX25N2074100CE,SENSEX,0.0,2025-11-20,74100.0,0.05,20,CE,BFO-OPT,BFO
3114,288867589,1128389,SENSEX25N2074100PE,SENSEX,0.0,2025-11-20,74100.0,0.05,20,PE,BFO-OPT,BFO
3115,288743429,1127904,SENSEX25N2074000PE,SENSEX,0.0,2025-11-20,74000.0,0.05,20,PE,BFO-OPT,BFO
3116,288882181,1128446,SENSEX25N2074000CE,SENSEX,0.0,2025-11-20,74000.0,0.05,20,CE,BFO-OPT,BFO
3117,288666885,1127605,SENSEX25N2073900CE,SENSEX,0.0,2025-11-20,73900.0,0.05,20,CE,BFO-OPT,BFO
3118,288908805,1128550,SENSEX25N2073900PE,SENSEX,0.0,2025-11-20,73900.0,0.05,20,PE,BFO-OPT,BFO
3119,288641797,1127507,SENSEX25N2073800PE,SENSEX,0.0,2025-11-20,73800.0,0.05,20,PE,BFO-OPT,BFO
3120,288918533,1128588,SENSEX25N2073800CE,SENSEX,0.0,2025-11-20,73800.0,0.05,20,CE,BFO-OPT,BFO
3121,288651269,1127544,SENSEX25N2073700CE,SENSEX,0.0,2025-11-20,73700.0,0.05,20,CE,BFO-OPT,BFO
3122,288709893,1127773,SENSEX25N2073700PE,SENSEX,0.0,2025-11-20,73700.0,0.05,20,PE,BFO-OPT,BFO
3123,288900357,1128517,SENSEX25N2073600CE,SENSEX,0.0,2025-11-20,73600.0,0.05,20,CE,BFO-OPT,BFO
3124,288968709,1128784,SENSEX25N2073600PE,SENSEX,0.0,2025-11-20,73600.0,0.05,20,PE,BFO-OPT,BFO
3125,288632581,1127471,SENSEX25N2073500CE,SENSEX,0.0,2025-11-20,73500.0,0.05,20,CE,BFO-OPT,BFO
3126,288695557,1127717,SENSEX25N2073500PE,SENSEX,0.0,2025-11-20,73500.0,0.05,20,PE,BFO-OPT,BFO
3127,223733509,873959,SENSEX25NOV84400PE,SENSEX,0.0,2025-11-27,84400.0,0.05,20,PE,BFO-OPT,BFO
3128,224129285,875505,SENSEX25NOV84400CE,SENSEX,0.0,2025-11-27,84400.0,0.05,20,CE,BFO-OPT,BFO
3129,223832069,874344,SENSEX25NOV84300CE,SENSEX,0.0,2025-11-27,84300.0,0.05,20,CE,BFO-OPT,BFO
3130,224228101,875891,SENSEX25NOV84300PE,SENSEX,0.0,2025-11-27,84300.0,0.05,20,PE,BFO-OPT,BFO
3131,223665669,873694,SENSEX25NOV84500PE,SENSEX,0.0,2025-11-27,84500.0,0.05,20,PE,BFO-OPT,BFO
3132,224011525,875045,SENSEX25NOV84500CE,SENSEX,0.0,2025-11-27,84500.0,0.05,20,CE,BFO-OPT,BFO
3133,224292613,876143,SENSEX25NOV84200PE,SENSEX,0.0,2025-11-27,84200.0,0.05,20,PE,BFO-OPT,BFO
3134,224319749,876249,SENSEX25NOV84200CE,SENSEX,0.0,2025-11-27,84200.0,0.05,20,CE,BFO-OPT,BFO
3135,223859205,874450,SENSEX25NOV84600PE,SENSEX,0.0,2025-11-27,84600.0,0.05,20,PE,BFO-OPT,BFO
3136,224237317,875927,SENSEX25NOV84600CE,SENSEX,0.0,2025-11-27,84600.0,0.05,20,CE,BFO-OPT,BFO
3137,223710725,873870,SENSEX25NOV84100CE,SENSEX,0.0,2025-11-27,84100.0,0.05,20,CE,BFO-OPT,BFO
3138,224119813,875468,SENSEX25NOV84100PE,SENSEX,0.0,2025-11-27,84100.0,0.05,20,PE,BFO-OPT,BFO
3139,224148997,875582,SENSEX25NOV84700PE,SENSEX,0.0,2025-11-27,84700.0,0.05,20,PE,BFO-OPT,BFO
3140,224172293,875673,SENSEX25NOV84700CE,SENSEX,0.0,2025-11-27,84700.0,0.05,20,CE,BFO-OPT,BFO
3141,223822341,874306,SENSEX25NOV84000PE,SENSEX,0.0,2025-11-27,84000.0,0.05,20,PE,BFO-OPT,BFO
3142,224205829,875804,SENSEX25NOV84000CE,SENSEX,0.0,2025-11-27,84000.0,0.05,20,CE,BFO-OPT,BFO
3143,223675397,873732,SENSEX25NOV84800CE,SENSEX,0.0,2025-11-27,84800.0,0.05,20,CE,BFO-OPT,BFO
3144,224053253,875208,SENSEX25NOV84800PE,SENSEX,0.0,2025-11-27,84800.0,0.05,20,PE,BFO-OPT,BFO
3145,224115973,875453,SENSEX25NOV83900PE,SENSEX,0.0,2025-11-27,83900.0,0.05,20,PE,BFO-OPT,BFO
3146,224140293,875548,SENSEX25NOV83900CE,SENSEX,0.0,2025-11-27,83900.0,0.05,20,CE,BFO-OPT,BFO
3147,223866885,874480,SENSEX25NOV84900CE,SENSEX,0.0,2025-11-27,84900.0,0.05,20,CE,BFO-OPT,BFO
3148,224255749,875999,SENSEX25NOV84900PE,SENSEX,0.0,2025-11-27,84900.0,0.05,20,PE,BFO-OPT,BFO
3149,223818245,874290,SENSEX25NOV83800PE,SENSEX,0.0,2025-11-27,83800.0,0.05,20,PE,BFO-OPT,BFO
3150,224203013,875793,SENSEX25NOV83800CE,SENSEX,0.0,2025-11-27,83800.0,0.05,20,CE,BFO-OPT,BFO
3151,223679493,873748,SENSEX25NOV85000CE,SENSEX,0.0,2025-11-27,85000.0,0.05,20,CE,BFO-OPT,BFO
3152,224327685,876280,SENSEX25NOV85000PE,SENSEX,0.0,2025-11-27,85000.0,0.05,20,PE,BFO-OPT,BFO
3153,223940101,874766,SENSEX25NOV83700CE,SENSEX,0.0,2025-11-27,83700.0,0.05,20,CE,BFO-OPT,BFO
3154,224303621,876186,SENSEX25NOV83700PE,SENSEX,0.0,2025-11-27,83700.0,0.05,20,PE,BFO-OPT,BFO
3155,223872005,874500,SENSEX25NOV85100CE,SENSEX,0.0,2025-11-27,85100.0,0.05,20,CE,BFO-OPT,BFO
3156,224259333,876013,SENSEX25NOV85100PE,SENSEX,0.0,2025-11-27,85100.0,0.05,20,PE,BFO-OPT,BFO
3157,224163077,875637,SENSEX25NOV85200CE,SENSEX,0.0,2025-11-27,85200.0,0.05,20,CE,BFO-OPT,BFO
3158,290280197,1133907,SENSEX25NOV91900CE,SENSEX,0.0,2025-11-27,91900.0,0.05,20,CE,BFO-OPT,BFO
3159,290307333,1134013,SENSEX25NOV91900PE,SENSEX,0.0,2025-11-27,91900.0,0.05,20,PE,BFO-OPT,BFO
3160,290212101,1133641,SENSEX25NOV91800PE,SENSEX,0.0,2025-11-27,91800.0,0.05,20,PE,BFO-OPT,BFO
3161,290310661,1134026,SENSEX25NOV91800CE,SENSEX,0.0,2025-11-27,91800.0,0.05,20,CE,BFO-OPT,BFO
3162,290272005,1133875,SENSEX25NOV91700CE,SENSEX,0.0,2025-11-27,91700.0,0.05,20,CE,BFO-OPT,BFO
3163,290299397,1133982,SENSEX25NOV91700PE,SENSEX,0.0,2025-11-27,91700.0,0.05,20,PE,BFO-OPT,BFO
3164,290203909,1133609,SENSEX25NOV91600PE,SENSEX,0.0,2025-11-27,91600.0,0.05,20,PE,BFO-OPT,BFO
3165,290304261,1134001,SENSEX25NOV91600CE,SENSEX,0.0,2025-11-27,91600.0,0.05,20,CE,BFO-OPT,BFO
3166,290156549,1133424,SENSEX25NOV91500CE,SENSEX,0.0,2025-11-27,91500.0,0.05,20,CE,BFO-OPT,BFO
3167,290169861,1133476,SENSEX25NOV91500PE,SENSEX,0.0,2025-11-27,91500.0,0.05,20,PE,BFO-OPT,BFO
3168,290104325,1133220,SENSEX25NOV91400PE,SENSEX,0.0,2025-11-27,91400.0,0.05,20,PE,BFO-OPT,BFO
3169,290173957,1133492,SENSEX25NOV91400CE,SENSEX,0.0,2025-11-27,91400.0,0.05,20,CE,BFO-OPT,BFO
3170,290107653,1133233,SENSEX25NOV91300CE,SENSEX,0.0,2025-11-27,91300.0,0.05,20,CE,BFO-OPT,BFO
3171,290165253,1133458,SENSEX25NOV91300PE,SENSEX,0.0,2025-11-27,91300.0,0.05,20,PE,BFO-OPT,BFO
3172,290167045,1133465,SENSEX25NOV91200CE,SENSEX,0.0,2025-11-27,91200.0,0.05,20,CE,BFO-OPT,BFO
3173,290185989,1133539,SENSEX25NOV91200PE,SENSEX,0.0,2025-11-27,91200.0,0.05,20,PE,BFO-OPT,BFO
3174,290124293,1133298,SENSEX25NOV91100PE,SENSEX,0.0,2025-11-27,91100.0,0.05,20,PE,BFO-OPT,BFO
3175,290188293,1133548,SENSEX25NOV91100CE,SENSEX,0.0,2025-11-27,91100.0,0.05,20,CE,BFO-OPT,BFO
3176,290034181,1132946,SENSEX25NOV91000CE,SENSEX,0.0,2025-11-27,91000.0,0.05,20,CE,BFO-OPT,BFO
3177,290077957,1133117,SENSEX25NOV91000PE,SENSEX,0.0,2025-11-27,91000.0,0.05,20,PE,BFO-OPT,BFO
3178,289917189,1132489,SENSEX25NOV90900CE,SENSEX,0.0,2025-11-27,90900.0,0.05,20,CE,BFO-OPT,BFO
3179,289957381,1132646,SENSEX25NOV90900PE,SENSEX,0.0,2025-11-27,90900.0,0.05,20,PE,BFO-OPT,BFO
3180,289963269,1132669,SENSEX25NOV90800CE,SENSEX,0.0,2025-11-27,90800.0,0.05,20,CE,BFO-OPT,BFO
3181,290007301,1132841,SENSEX25NOV90800PE,SENSEX,0.0,2025-11-27,90800.0,0.05,20,PE,BFO-OPT,BFO
3182,289943813,1132593,SENSEX25NOV90700PE,SENSEX,0.0,2025-11-27,90700.0,0.05,20,PE,BFO-OPT,BFO
3183,290014213,1132868,SENSEX25NOV90700CE,SENSEX,0.0,2025-11-27,90700.0,0.05,20,CE,BFO-OPT,BFO
3184,289950981,1132621,SENSEX25NOV90600CE,SENSEX,0.0,2025-11-27,90600.0,0.05,20,CE,BFO-OPT,BFO
3185,289991941,1132781,SENSEX25NOV90600PE,SENSEX,0.0,2025-11-27,90600.0,0.05,20,PE,BFO-OPT,BFO
3186,227543301,888841,SENSEX25NOV90500PE,SENSEX,0.0,2025-11-27,90500.0,0.05,20,PE,BFO-OPT,BFO
3187,227644933,889238,SENSEX25NOV90500CE,SENSEX,0.0,2025-11-27,90500.0,0.05,20,CE,BFO-OPT,BFO
3188,227551493,888873,SENSEX25NOV90400CE,SENSEX,0.0,2025-11-27,90400.0,0.05,20,CE,BFO-OPT,BFO
3189,227607301,889091,SENSEX25NOV90400PE,SENSEX,0.0,2025-11-27,90400.0,0.05,20,PE,BFO-OPT,BFO
3190,227623429,889154,SENSEX25NOV90300CE,SENSEX,0.0,2025-11-27,90300.0,0.05,20,CE,BFO-OPT,BFO
3191,227696645,889440,SENSEX25NOV90300PE,SENSEX,0.0,2025-11-27,90300.0,0.05,20,PE,BFO-OPT,BFO
3192,227336709,888034,SENSEX25NOV90200CE,SENSEX,0.0,2025-11-27,90200.0,0.05,20,CE,BFO-OPT,BFO
3193,227380229,888204,SENSEX25NOV90200PE,SENSEX,0.0,2025-11-27,90200.0,0.05,20,PE,BFO-OPT,BFO
3194,227386117,888227,SENSEX25NOV90100CE,SENSEX,0.0,2025-11-27,90100.0,0.05,20,CE,BFO-OPT,BFO
3195,227436805,888425,SENSEX25NOV90100PE,SENSEX,0.0,2025-11-27,90100.0,0.05,20,PE,BFO-OPT,BFO
3196,227366405,888150,SENSEX25NOV90000PE,SENSEX,0.0,2025-11-27,90000.0,0.05,20,PE,BFO-OPT,BFO
3197,227444741,888456,SENSEX25NOV90000CE,SENSEX,0.0,2025-11-27,90000.0,0.05,20,CE,BFO-OPT,BFO
3198,227185669,887444,SENSEX25NOV89900CE,SENSEX,0.0,2025-11-27,89900.0,0.05,20,CE,BFO-OPT,BFO
3199,227225349,887599,SENSEX25NOV89900PE,SENSEX,0.0,2025-11-27,89900.0,0.05,20,PE,BFO-OPT,BFO
3200,227235077,887637,SENSEX25NOV89800CE,SENSEX,0.0,2025-11-27,89800.0,0.05,20,CE,BFO-OPT,BFO
3201,227262469,887744,SENSEX25NOV89800PE,SENSEX,0.0,2025-11-27,89800.0,0.05,20,PE,BFO-OPT,BFO
3202,227211781,887546,SENSEX25NOV89700PE,SENSEX,0.0,2025-11-27,89700.0,0.05,20,PE,BFO-OPT,BFO
3203,227265029,887754,SENSEX25NOV89700CE,SENSEX,0.0,2025-11-27,89700.0,0.05,20,CE,BFO-OPT,BFO
3204,227220485,887580,SENSEX25NOV89600CE,SENSEX,0.0,2025-11-27,89600.0,0.05,20,CE,BFO-OPT,BFO
3205,227256837,887722,SENSEX25NOV89600PE,SENSEX,0.0,2025-11-27,89600.0,0.05,20,PE,BFO-OPT,BFO
3206,227260677,887737,SENSEX25NOV89500CE,SENSEX,0.0,2025-11-27,89500.0,0.05,20,CE,BFO-OPT,BFO
3207,227300357,887892,SENSEX25NOV89500PE,SENSEX,0.0,2025-11-27,89500.0,0.05,20,PE,BFO-OPT,BFO
3208,226749701,885741,SENSEX25NOV89400CE,SENSEX,0.0,2025-11-27,89400.0,0.05,20,CE,BFO-OPT,BFO
3209,226756869,885769,SENSEX25NOV89400PE,SENSEX,0.0,2025-11-27,89400.0,0.05,20,PE,BFO-OPT,BFO
3210,226758661,885776,SENSEX25NOV89300CE,SENSEX,0.0,2025-11-27,89300.0,0.05,20,CE,BFO-OPT,BFO
3211,226769413,885818,SENSEX25NOV89300PE,SENSEX,0.0,2025-11-27,89300.0,0.05,20,PE,BFO-OPT,BFO
3212,226754053,885758,SENSEX25NOV89200PE,SENSEX,0.0,2025-11-27,89200.0,0.05,20,PE,BFO-OPT,BFO
3213,226771205,885825,SENSEX25NOV89200CE,SENSEX,0.0,2025-11-27,89200.0,0.05,20,CE,BFO-OPT,BFO
3214,226755333,885763,SENSEX25NOV89100CE,SENSEX,0.0,2025-11-27,89100.0,0.05,20,CE,BFO-OPT,BFO
3215,226765829,885804,SENSEX25NOV89100PE,SENSEX,0.0,2025-11-27,89100.0,0.05,20,PE,BFO-OPT,BFO
3216,226625285,885255,SENSEX25NOV89000PE,SENSEX,0.0,2025-11-27,89000.0,0.05,20,PE,BFO-OPT,BFO
3217,226731013,885668,SENSEX25NOV89000CE,SENSEX,0.0,2025-11-27,89000.0,0.05,20,CE,BFO-OPT,BFO
3218,225907973,882453,SENSEX25NOV88900CE,SENSEX,0.0,2025-11-27,88900.0,0.05,20,CE,BFO-OPT,BFO
3219,226497797,884757,SENSEX25NOV88900PE,SENSEX,0.0,2025-11-27,88900.0,0.05,20,PE,BFO-OPT,BFO
3220,225773829,881929,SENSEX25NOV88800PE,SENSEX,0.0,2025-11-27,88800.0,0.05,20,PE,BFO-OPT,BFO
3221,226519301,884841,SENSEX25NOV88800CE,SENSEX,0.0,2025-11-27,88800.0,0.05,20,CE,BFO-OPT,BFO
3222,225813765,882085,SENSEX25NOV88700CE,SENSEX,0.0,2025-11-27,88700.0,0.05,20,CE,BFO-OPT,BFO
3223,226070021,883086,SENSEX25NOV88700PE,SENSEX,0.0,2025-11-27,88700.0,0.05,20,PE,BFO-OPT,BFO
3224,225153285,879505,SENSEX25NOV88600CE,SENSEX,0.0,2025-11-27,88600.0,0.05,20,CE,BFO-OPT,BFO
3225,225426181,880571,SENSEX25NOV88600PE,SENSEX,0.0,2025-11-27,88600.0,0.05,20,PE,BFO-OPT,BFO
3226,224960261,878751,SENSEX25NOV88500CE,SENSEX,0.0,2025-11-27,88500.0,0.05,20,CE,BFO-OPT,BFO
3227,225250565,879885,SENSEX25NOV88500PE,SENSEX,0.0,2025-11-27,88500.0,0.05,20,PE,BFO-OPT,BFO
3228,225327365,880185,SENSEX25NOV88400PE,SENSEX,0.0,2025-11-27,88400.0,0.05,20,PE,BFO-OPT,BFO
3229,225339653,880233,SENSEX25NOV88400CE,SENSEX,0.0,2025-11-27,88400.0,0.05,20,CE,BFO-OPT,BFO
3230,224888325,878470,SENSEX25NOV88300PE,SENSEX,0.0,2025-11-27,88300.0,0.05,20,PE,BFO-OPT,BFO
3231,224923653,878608,SENSEX25NOV88300CE,SENSEX,0.0,2025-11-27,88300.0,0.05,20,CE,BFO-OPT,BFO
3232,224757253,877958,SENSEX25NOV88200CE,SENSEX,0.0,2025-11-27,88200.0,0.05,20,CE,BFO-OPT,BFO
3233,224821765,878210,SENSEX25NOV88200PE,SENSEX,0.0,2025-11-27,88200.0,0.05,20,PE,BFO-OPT,BFO
3234,224643077,877512,SENSEX25NOV88100PE,SENSEX,0.0,2025-11-27,88100.0,0.05,20,PE,BFO-OPT,BFO
3235,224671237,877622,SENSEX25NOV88100CE,SENSEX,0.0,2025-11-27,88100.0,0.05,20,CE,BFO-OPT,BFO
3236,224653317,877552,SENSEX25NOV88000CE,SENSEX,0.0,2025-11-27,88000.0,0.05,20,CE,BFO-OPT,BFO
3237,224682245,877665,SENSEX25NOV88000PE,SENSEX,0.0,2025-11-27,88000.0,0.05,20,PE,BFO-OPT,BFO
3238,224494597,876932,SENSEX25NOV87900CE,SENSEX,0.0,2025-11-27,87900.0,0.05,20,CE,BFO-OPT,BFO
3239,224539141,877106,SENSEX25NOV87900PE,SENSEX,0.0,2025-11-27,87900.0,0.05,20,PE,BFO-OPT,BFO
3240,224506885,876980,SENSEX25NOV87800CE,SENSEX,0.0,2025-11-27,87800.0,0.05,20,CE,BFO-OPT,BFO
3241,224551941,877156,SENSEX25NOV87800PE,SENSEX,0.0,2025-11-27,87800.0,0.05,20,PE,BFO-OPT,BFO
3242,224520453,877033,SENSEX25NOV87700PE,SENSEX,0.0,2025-11-27,87700.0,0.05,20,PE,BFO-OPT,BFO
3243,224566789,877214,SENSEX25NOV87700CE,SENSEX,0.0,2025-11-27,87700.0,0.05,20,CE,BFO-OPT,BFO
3244,224101637,875397,SENSEX25NOV87600PE,SENSEX,0.0,2025-11-27,87600.0,0.05,20,PE,BFO-OPT,BFO
3245,224132869,875519,SENSEX25NOV87600CE,SENSEX,0.0,2025-11-27,87600.0,0.05,20,CE,BFO-OPT,BFO
3246,223806469,874244,SENSEX25NOV87500PE,SENSEX,0.0,2025-11-27,87500.0,0.05,20,PE,BFO-OPT,BFO
3247,224196101,875766,SENSEX25NOV87500CE,SENSEX,0.0,2025-11-27,87500.0,0.05,20,CE,BFO-OPT,BFO
3248,223918853,874683,SENSEX25NOV87400CE,SENSEX,0.0,2025-11-27,87400.0,0.05,20,CE,BFO-OPT,BFO
3249,224295173,876153,SENSEX25NOV87400PE,SENSEX,0.0,2025-11-27,87400.0,0.05,20,PE,BFO-OPT,BFO
3250,223686149,873774,SENSEX25NOV87300PE,SENSEX,0.0,2025-11-27,87300.0,0.05,20,PE,BFO-OPT,BFO
3251,224059653,875233,SENSEX25NOV87300CE,SENSEX,0.0,2025-11-27,87300.0,0.05,20,CE,BFO-OPT,BFO
3252,223789829,874179,SENSEX25NOV87200CE,SENSEX,0.0,2025-11-27,87200.0,0.05,20,CE,BFO-OPT,BFO
3253,224182789,875714,SENSEX25NOV87200PE,SENSEX,0.0,2025-11-27,87200.0,0.05,20,PE,BFO-OPT,BFO
3254,224248069,875969,SENSEX25NOV87100PE,SENSEX,0.0,2025-11-27,87100.0,0.05,20,PE,BFO-OPT,BFO
3255,224271365,876060,SENSEX25NOV87100CE,SENSEX,0.0,2025-11-27,87100.0,0.05,20,CE,BFO-OPT,BFO
3256,223669509,873709,SENSEX25NOV87000CE,SENSEX,0.0,2025-11-27,87000.0,0.05,20,CE,BFO-OPT,BFO
3257,224038405,875150,SENSEX25NOV87000PE,SENSEX,0.0,2025-11-27,87000.0,0.05,20,PE,BFO-OPT,BFO
3258,223896325,874595,SENSEX25NOV86900PE,SENSEX,0.0,2025-11-27,86900.0,0.05,20,PE,BFO-OPT,BFO
3259,224268549,876049,SENSEX25NOV86900CE,SENSEX,0.0,2025-11-27,86900.0,0.05,20,CE,BFO-OPT,BFO
3260,224030725,875120,SENSEX25NOV86800PE,SENSEX,0.0,2025-11-27,86800.0,0.05,20,PE,BFO-OPT,BFO
3261,224081669,875319,SENSEX25NOV86800CE,SENSEX,0.0,2025-11-27,86800.0,0.05,20,CE,BFO-OPT,BFO
3262,223773445,874115,SENSEX25NOV86700PE,SENSEX,0.0,2025-11-27,86700.0,0.05,20,PE,BFO-OPT,BFO
3263,224162309,875634,SENSEX25NOV86700CE,SENSEX,0.0,2025-11-27,86700.0,0.05,20,CE,BFO-OPT,BFO
3264,223869957,874492,SENSEX25NOV86600CE,SENSEX,0.0,2025-11-27,86600.0,0.05,20,CE,BFO-OPT,BFO
3265,224258821,876011,SENSEX25NOV86600PE,SENSEX,0.0,2025-11-27,86600.0,0.05,20,PE,BFO-OPT,BFO
3266,223988485,874955,SENSEX25NOV86500CE,SENSEX,0.0,2025-11-27,86500.0,0.05,20,CE,BFO-OPT,BFO
3267,224326405,876275,SENSEX25NOV86500PE,SENSEX,0.0,2025-11-27,86500.0,0.05,20,PE,BFO-OPT,BFO
3268,223748613,874018,SENSEX25NOV86400CE,SENSEX,0.0,2025-11-27,86400.0,0.05,20,CE,BFO-OPT,BFO
3269,224151045,875590,SENSEX25NOV86400PE,SENSEX,0.0,2025-11-27,86400.0,0.05,20,PE,BFO-OPT,BFO
3270,224212997,875832,SENSEX25NOV86300PE,SENSEX,0.0,2025-11-27,86300.0,0.05,20,PE,BFO-OPT,BFO
3271,224240133,875938,SENSEX25NOV86300CE,SENSEX,0.0,2025-11-27,86300.0,0.05,20,CE,BFO-OPT,BFO
3272,223965445,874865,SENSEX25NOV86200PE,SENSEX,0.0,2025-11-27,86200.0,0.05,20,PE,BFO-OPT,BFO
3273,224309253,876208,SENSEX25NOV86200CE,SENSEX,0.0,2025-11-27,86200.0,0.05,20,CE,BFO-OPT,BFO
3274,223737349,873974,SENSEX25NOV86100PE,SENSEX,0.0,2025-11-27,86100.0,0.05,20,PE,BFO-OPT,BFO
3275,224134149,875524,SENSEX25NOV86100CE,SENSEX,0.0,2025-11-27,86100.0,0.05,20,CE,BFO-OPT,BFO
3276,223807237,874247,SENSEX25NOV86000PE,SENSEX,0.0,2025-11-27,86000.0,0.05,20,PE,BFO-OPT,BFO
3277,224197125,875770,SENSEX25NOV86000CE,SENSEX,0.0,2025-11-27,86000.0,0.05,20,CE,BFO-OPT,BFO
3278,223731973,873953,SENSEX25NOV85900PE,SENSEX,0.0,2025-11-27,85900.0,0.05,20,PE,BFO-OPT,BFO
3279,224128261,875501,SENSEX25NOV85900CE,SENSEX,0.0,2025-11-27,85900.0,0.05,20,CE,BFO-OPT,BFO
3280,223831557,874342,SENSEX25NOV85800CE,SENSEX,0.0,2025-11-27,85800.0,0.05,20,CE,BFO-OPT,BFO
3281,224227077,875887,SENSEX25NOV85800PE,SENSEX,0.0,2025-11-27,85800.0,0.05,20,PE,BFO-OPT,BFO
3282,223910405,874650,SENSEX25NOV85700CE,SENSEX,0.0,2025-11-27,85700.0,0.05,20,CE,BFO-OPT,BFO
3283,224291077,876137,SENSEX25NOV85700PE,SENSEX,0.0,2025-11-27,85700.0,0.05,20,PE,BFO-OPT,BFO
3284,223708677,873862,SENSEX25NOV85600CE,SENSEX,0.0,2025-11-27,85600.0,0.05,20,CE,BFO-OPT,BFO
3285,224118789,875464,SENSEX25NOV85600PE,SENSEX,0.0,2025-11-27,85600.0,0.05,20,PE,BFO-OPT,BFO
3286,224181253,875708,SENSEX25NOV85500PE,SENSEX,0.0,2025-11-27,85500.0,0.05,20,PE,BFO-OPT,BFO
3287,224205061,875801,SENSEX25NOV85500CE,SENSEX,0.0,2025-11-27,85500.0,0.05,20,CE,BFO-OPT,BFO
3288,223896837,874597,SENSEX25NOV85400PE,SENSEX,0.0,2025-11-27,85400.0,0.05,20,PE,BFO-OPT,BFO
3289,224269317,876052,SENSEX25NOV85400CE,SENSEX,0.0,2025-11-27,85400.0,0.05,20,CE,BFO-OPT,BFO
3290,223698949,873824,SENSEX25NOV85300PE,SENSEX,0.0,2025-11-27,85300.0,0.05,20,PE,BFO-OPT,BFO
3291,224083205,875325,SENSEX25NOV85300CE,SENSEX,0.0,2025-11-27,85300.0,0.05,20,CE,BFO-OPT,BFO
3292,223773957,874117,SENSEX25NOV85200PE,SENSEX,0.0,2025-11-27,85200.0,0.05,20,PE,BFO-OPT,BFO
3293,223695877,873812,SENSEX25NOV83600PE,SENSEX,0.0,2025-11-27,83600.0,0.05,20,PE,BFO-OPT,BFO
3294,224075269,875294,SENSEX25NOV83600CE,SENSEX,0.0,2025-11-27,83600.0,0.05,20,CE,BFO-OPT,BFO
3295,223796997,874207,SENSEX25NOV83500CE,SENSEX,0.0,2025-11-27,83500.0,0.05,20,CE,BFO-OPT,BFO
3296,224193285,875755,SENSEX25NOV83500PE,SENSEX,0.0,2025-11-27,83500.0,0.05,20,PE,BFO-OPT,BFO
3297,224257541,876006,SENSEX25NOV83400PE,SENSEX,0.0,2025-11-27,83400.0,0.05,20,PE,BFO-OPT,BFO
3298,224281861,876101,SENSEX25NOV83400CE,SENSEX,0.0,2025-11-27,83400.0,0.05,20,CE,BFO-OPT,BFO
3299,223676421,873736,SENSEX25NOV83300CE,SENSEX,0.0,2025-11-27,83300.0,0.05,20,CE,BFO-OPT,BFO
3300,224056325,875220,SENSEX25NOV83300PE,SENSEX,0.0,2025-11-27,83300.0,0.05,20,PE,BFO-OPT,BFO
3301,223786757,874167,SENSEX25NOV83200PE,SENSEX,0.0,2025-11-27,83200.0,0.05,20,PE,BFO-OPT,BFO
3302,224173829,875679,SENSEX25NOV83200CE,SENSEX,0.0,2025-11-27,83200.0,0.05,20,CE,BFO-OPT,BFO
3303,223859717,874452,SENSEX25NOV83100PE,SENSEX,0.0,2025-11-27,83100.0,0.05,20,PE,BFO-OPT,BFO
3304,224237829,875929,SENSEX25NOV83100CE,SENSEX,0.0,2025-11-27,83100.0,0.05,20,CE,BFO-OPT,BFO
3305,223666949,873699,SENSEX25NOV83000PE,SENSEX,0.0,2025-11-27,83000.0,0.05,20,PE,BFO-OPT,BFO
3306,224014853,875058,SENSEX25NOV83000CE,SENSEX,0.0,2025-11-27,83000.0,0.05,20,CE,BFO-OPT,BFO
3307,223879941,874531,SENSEX25NOV82900CE,SENSEX,0.0,2025-11-27,82900.0,0.05,20,CE,BFO-OPT,BFO
3308,224265477,876037,SENSEX25NOV82900PE,SENSEX,0.0,2025-11-27,82900.0,0.05,20,PE,BFO-OPT,BFO
3309,224005637,875022,SENSEX25NOV82800CE,SENSEX,0.0,2025-11-27,82800.0,0.05,20,CE,BFO-OPT,BFO
3310,224334853,876308,SENSEX25NOV82800PE,SENSEX,0.0,2025-11-27,82800.0,0.05,20,PE,BFO-OPT,BFO
3311,223759109,874059,SENSEX25NOV82700CE,SENSEX,0.0,2025-11-27,82700.0,0.05,20,CE,BFO-OPT,BFO
3312,224159237,875622,SENSEX25NOV82700PE,SENSEX,0.0,2025-11-27,82700.0,0.05,20,PE,BFO-OPT,BFO
3313,224224261,875876,SENSEX25NOV82600PE,SENSEX,0.0,2025-11-27,82600.0,0.05,20,PE,BFO-OPT,BFO
3314,224246277,875962,SENSEX25NOV82600CE,SENSEX,0.0,2025-11-27,82600.0,0.05,20,CE,BFO-OPT,BFO
3315,223986693,874948,SENSEX25NOV82500PE,SENSEX,0.0,2025-11-27,82500.0,0.05,20,PE,BFO-OPT,BFO
3316,224317189,876239,SENSEX25NOV82500CE,SENSEX,0.0,2025-11-27,82500.0,0.05,20,CE,BFO-OPT,BFO
3317,223746053,874008,SENSEX25NOV82400PE,SENSEX,0.0,2025-11-27,82400.0,0.05,20,PE,BFO-OPT,BFO
3318,224141061,875551,SENSEX25NOV82400CE,SENSEX,0.0,2025-11-27,82400.0,0.05,20,CE,BFO-OPT,BFO
3319,223819781,874296,SENSEX25NOV82300PE,SENSEX,0.0,2025-11-27,82300.0,0.05,20,PE,BFO-OPT,BFO
3320,224203269,875794,SENSEX25NOV82300CE,SENSEX,0.0,2025-11-27,82300.0,0.05,20,CE,BFO-OPT,BFO
3321,223942405,874775,SENSEX25NOV82200CE,SENSEX,0.0,2025-11-27,82200.0,0.05,20,CE,BFO-OPT,BFO
3322,224304901,876191,SENSEX25NOV82200PE,SENSEX,0.0,2025-11-27,82200.0,0.05,20,PE,BFO-OPT,BFO
3323,223697413,873818,SENSEX25NOV82100PE,SENSEX,0.0,2025-11-27,82100.0,0.05,20,PE,BFO-OPT,BFO
3324,224079621,875311,SENSEX25NOV82100CE,SENSEX,0.0,2025-11-27,82100.0,0.05,20,CE,BFO-OPT,BFO
3325,223797509,874209,SENSEX25NOV82000CE,SENSEX,0.0,2025-11-27,82000.0,0.05,20,CE,BFO-OPT,BFO
3326,224194309,875759,SENSEX25NOV82000PE,SENSEX,0.0,2025-11-27,82000.0,0.05,20,PE,BFO-OPT,BFO
3327,223719685,873905,SENSEX25NOV81900CE,SENSEX,0.0,2025-11-27,81900.0,0.05,20,CE,BFO-OPT,BFO
3328,224125701,875491,SENSEX25NOV81900PE,SENSEX,0.0,2025-11-27,81900.0,0.05,20,PE,BFO-OPT,BFO
3329,224189445,875740,SENSEX25NOV81800PE,SENSEX,0.0,2025-11-27,81800.0,0.05,20,PE,BFO-OPT,BFO
3330,224211461,875826,SENSEX25NOV81800CE,SENSEX,0.0,2025-11-27,81800.0,0.05,20,CE,BFO-OPT,BFO
3331,223906053,874633,SENSEX25NOV81700PE,SENSEX,0.0,2025-11-27,81700.0,0.05,20,PE,BFO-OPT,BFO
3332,224277765,876085,SENSEX25NOV81700CE,SENSEX,0.0,2025-11-27,81700.0,0.05,20,CE,BFO-OPT,BFO
3333,223706629,873854,SENSEX25NOV81600PE,SENSEX,0.0,2025-11-27,81600.0,0.05,20,PE,BFO-OPT,BFO
3334,224100101,875391,SENSEX25NOV81600CE,SENSEX,0.0,2025-11-27,81600.0,0.05,20,CE,BFO-OPT,BFO
3335,223783685,874155,SENSEX25NOV81500PE,SENSEX,0.0,2025-11-27,81500.0,0.05,20,PE,BFO-OPT,BFO
3336,224169733,875663,SENSEX25NOV81500CE,SENSEX,0.0,2025-11-27,81500.0,0.05,20,CE,BFO-OPT,BFO
3337,223880965,874535,SENSEX25NOV81400CE,SENSEX,0.0,2025-11-27,81400.0,0.05,20,CE,BFO-OPT,BFO
3338,224267269,876044,SENSEX25NOV81400PE,SENSEX,0.0,2025-11-27,81400.0,0.05,20,PE,BFO-OPT,BFO
3339,223685637,873772,SENSEX25NOV81300CE,SENSEX,0.0,2025-11-27,81300.0,0.05,20,CE,BFO-OPT,BFO
3340,224336645,876315,SENSEX25NOV81300PE,SENSEX,0.0,2025-11-27,81300.0,0.05,20,PE,BFO-OPT,BFO
3341,223760133,874063,SENSEX25NOV81200CE,SENSEX,0.0,2025-11-27,81200.0,0.05,20,CE,BFO-OPT,BFO
3342,224161029,875629,SENSEX25NOV81200PE,SENSEX,0.0,2025-11-27,81200.0,0.05,20,PE,BFO-OPT,BFO
3343,224225541,875881,SENSEX25NOV81100PE,SENSEX,0.0,2025-11-27,81100.0,0.05,20,PE,BFO-OPT,BFO
3344,224247557,875967,SENSEX25NOV81100CE,SENSEX,0.0,2025-11-27,81100.0,0.05,20,CE,BFO-OPT,BFO
3345,223988229,874954,SENSEX25NOV81000PE,SENSEX,0.0,2025-11-27,81000.0,0.05,20,PE,BFO-OPT,BFO
3346,224318213,876243,SENSEX25NOV81000CE,SENSEX,0.0,2025-11-27,81000.0,0.05,20,CE,BFO-OPT,BFO
3347,223865349,874474,SENSEX25NOV80900PE,SENSEX,0.0,2025-11-27,80900.0,0.05,20,PE,BFO-OPT,BFO
3348,224243717,875952,SENSEX25NOV80900CE,SENSEX,0.0,2025-11-27,80900.0,0.05,20,CE,BFO-OPT,BFO
3349,223674117,873727,SENSEX25NOV80800PE,SENSEX,0.0,2025-11-27,80800.0,0.05,20,PE,BFO-OPT,BFO
3350,224028165,875110,SENSEX25NOV80800CE,SENSEX,0.0,2025-11-27,80800.0,0.05,20,CE,BFO-OPT,BFO
3351,223742725,873995,SENSEX25NOV80700PE,SENSEX,0.0,2025-11-27,80700.0,0.05,20,PE,BFO-OPT,BFO
3352,224137733,875538,SENSEX25NOV80700CE,SENSEX,0.0,2025-11-27,80700.0,0.05,20,CE,BFO-OPT,BFO
3353,223842565,874385,SENSEX25NOV80600CE,SENSEX,0.0,2025-11-27,80600.0,0.05,20,CE,BFO-OPT,BFO
3354,224236037,875922,SENSEX25NOV80600PE,SENSEX,0.0,2025-11-27,80600.0,0.05,20,PE,BFO-OPT,BFO
3355,224300805,876175,SENSEX25NOV80500PE,SENSEX,0.0,2025-11-27,80500.0,0.05,20,PE,BFO-OPT,BFO
3356,224325893,876273,SENSEX25NOV80500CE,SENSEX,0.0,2025-11-27,80500.0,0.05,20,CE,BFO-OPT,BFO
3357,223720709,873909,SENSEX25NOV80400CE,SENSEX,0.0,2025-11-27,80400.0,0.05,20,CE,BFO-OPT,BFO
3358,224126981,875496,SENSEX25NOV80400PE,SENSEX,0.0,2025-11-27,80400.0,0.05,20,PE,BFO-OPT,BFO
3359,223830533,874338,SENSEX25NOV80300PE,SENSEX,0.0,2025-11-27,80300.0,0.05,20,PE,BFO-OPT,BFO
3360,224212485,875830,SENSEX25NOV80300CE,SENSEX,0.0,2025-11-27,80300.0,0.05,20,CE,BFO-OPT,BFO
3361,223908869,874644,SENSEX25NOV80200PE,SENSEX,0.0,2025-11-27,80200.0,0.05,20,PE,BFO-OPT,BFO
3362,224279045,876090,SENSEX25NOV80200CE,SENSEX,0.0,2025-11-27,80200.0,0.05,20,CE,BFO-OPT,BFO
3363,223707141,873856,SENSEX25NOV80100PE,SENSEX,0.0,2025-11-27,80100.0,0.05,20,PE,BFO-OPT,BFO
3364,224102661,875401,SENSEX25NOV80100CE,SENSEX,0.0,2025-11-27,80100.0,0.05,20,CE,BFO-OPT,BFO
3365,223784709,874159,SENSEX25NOV80000PE,SENSEX,0.0,2025-11-27,80000.0,0.05,20,PE,BFO-OPT,BFO
3366,224171013,875668,SENSEX25NOV80000CE,SENSEX,0.0,2025-11-27,80000.0,0.05,20,CE,BFO-OPT,BFO
3367,223769349,874099,SENSEX25NOV79900CE,SENSEX,0.0,2025-11-27,79900.0,0.05,20,CE,BFO-OPT,BFO
3368,224167429,875654,SENSEX25NOV79900PE,SENSEX,0.0,2025-11-27,79900.0,0.05,20,PE,BFO-OPT,BFO
3369,223876613,874518,SENSEX25NOV79800PE,SENSEX,0.0,2025-11-27,79800.0,0.05,20,PE,BFO-OPT,BFO
3370,224255237,875997,SENSEX25NOV79800CE,SENSEX,0.0,2025-11-27,79800.0,0.05,20,CE,BFO-OPT,BFO
3371,224001797,875007,SENSEX25NOV79700PE,SENSEX,0.0,2025-11-27,79700.0,0.05,20,PE,BFO-OPT,BFO
3372,224323333,876263,SENSEX25NOV79700CE,SENSEX,0.0,2025-11-27,79700.0,0.05,20,CE,BFO-OPT,BFO
3373,223756293,874048,SENSEX25NOV79600PE,SENSEX,0.0,2025-11-27,79600.0,0.05,20,PE,BFO-OPT,BFO
3374,224148485,875580,SENSEX25NOV79600CE,SENSEX,0.0,2025-11-27,79600.0,0.05,20,CE,BFO-OPT,BFO
3375,223826949,874324,SENSEX25NOV79500PE,SENSEX,0.0,2025-11-27,79500.0,0.05,20,PE,BFO-OPT,BFO
3376,223858437,874447,SENSEX25NOV79500CE,SENSEX,0.0,2025-11-27,79500.0,0.05,20,CE,BFO-OPT,BFO
3377,223955973,874828,SENSEX25NOV79400CE,SENSEX,0.0,2025-11-27,79400.0,0.05,20,CE,BFO-OPT,BFO
3378,224316165,876235,SENSEX25NOV79400PE,SENSEX,0.0,2025-11-27,79400.0,0.05,20,PE,BFO-OPT,BFO
3379,223732741,873956,SENSEX25NOV79300CE,SENSEX,0.0,2025-11-27,79300.0,0.05,20,CE,BFO-OPT,BFO
3380,224139269,875544,SENSEX25NOV79300PE,SENSEX,0.0,2025-11-27,79300.0,0.05,20,PE,BFO-OPT,BFO
3381,223804421,874236,SENSEX25NOV79200CE,SENSEX,0.0,2025-11-27,79200.0,0.05,20,CE,BFO-OPT,BFO
3382,224201989,875789,SENSEX25NOV79200PE,SENSEX,0.0,2025-11-27,79200.0,0.05,20,PE,BFO-OPT,BFO
3383,223938821,874761,SENSEX25NOV79100PE,SENSEX,0.0,2025-11-27,79100.0,0.05,20,PE,BFO-OPT,BFO
3384,224291333,876138,SENSEX25NOV79100CE,SENSEX,0.0,2025-11-27,79100.0,0.05,20,CE,BFO-OPT,BFO
3385,224072197,875282,SENSEX25NOV79000PE,SENSEX,0.0,2025-11-27,79000.0,0.05,20,PE,BFO-OPT,BFO
3386,224119301,875466,SENSEX25NOV79000CE,SENSEX,0.0,2025-11-27,79000.0,0.05,20,CE,BFO-OPT,BFO
3387,223928069,874719,SENSEX25NOV78900PE,SENSEX,0.0,2025-11-27,78900.0,0.05,20,PE,BFO-OPT,BFO
3388,223981829,874929,SENSEX25NOV78900CE,SENSEX,0.0,2025-11-27,78900.0,0.05,20,CE,BFO-OPT,BFO
3389,223716101,873891,SENSEX25NOV78800PE,SENSEX,0.0,2025-11-27,78800.0,0.05,20,PE,BFO-OPT,BFO
3390,224115461,875451,SENSEX25NOV78800CE,SENSEX,0.0,2025-11-27,78800.0,0.05,20,CE,BFO-OPT,BFO
3391,223792901,874191,SENSEX25NOV78700PE,SENSEX,0.0,2025-11-27,78700.0,0.05,20,PE,BFO-OPT,BFO
3392,223816453,874283,SENSEX25NOV78700CE,SENSEX,0.0,2025-11-27,78700.0,0.05,20,CE,BFO-OPT,BFO
3393,223891973,874578,SENSEX25NOV78600CE,SENSEX,0.0,2025-11-27,78600.0,0.05,20,CE,BFO-OPT,BFO
3394,224275205,876075,SENSEX25NOV78600PE,SENSEX,0.0,2025-11-27,78600.0,0.05,20,PE,BFO-OPT,BFO
3395,223694341,873806,SENSEX25NOV78500CE,SENSEX,0.0,2025-11-27,78500.0,0.05,20,CE,BFO-OPT,BFO
3396,224096005,875375,SENSEX25NOV78500PE,SENSEX,0.0,2025-11-27,78500.0,0.05,20,PE,BFO-OPT,BFO
3397,223769861,874101,SENSEX25NOV78400CE,SENSEX,0.0,2025-11-27,78400.0,0.05,20,CE,BFO-OPT,BFO
3398,224168453,875658,SENSEX25NOV78400PE,SENSEX,0.0,2025-11-27,78400.0,0.05,20,PE,BFO-OPT,BFO
3399,223877893,874523,SENSEX25NOV78300PE,SENSEX,0.0,2025-11-27,78300.0,0.05,20,PE,BFO-OPT,BFO
3400,224256261,876001,SENSEX25NOV78300CE,SENSEX,0.0,2025-11-27,78300.0,0.05,20,CE,BFO-OPT,BFO
3401,224004101,875016,SENSEX25NOV78200PE,SENSEX,0.0,2025-11-27,78200.0,0.05,20,PE,BFO-OPT,BFO
3402,224053765,875210,SENSEX25NOV78200CE,SENSEX,0.0,2025-11-27,78200.0,0.05,20,CE,BFO-OPT,BFO
3403,223757573,874053,SENSEX25NOV78100PE,SENSEX,0.0,2025-11-27,78100.0,0.05,20,PE,BFO-OPT,BFO
3404,224149253,875583,SENSEX25NOV78100CE,SENSEX,0.0,2025-11-27,78100.0,0.05,20,CE,BFO-OPT,BFO
3405,223859461,874451,SENSEX25NOV78000CE,SENSEX,0.0,2025-11-27,78000.0,0.05,20,CE,BFO-OPT,BFO
3406,224245253,875958,SENSEX25NOV78000PE,SENSEX,0.0,2025-11-27,78000.0,0.05,20,PE,BFO-OPT,BFO
3407,223781125,874145,SENSEX25NOV77900CE,SENSEX,0.0,2025-11-27,77900.0,0.05,20,CE,BFO-OPT,BFO
3408,224178181,875696,SENSEX25NOV77900PE,SENSEX,0.0,2025-11-27,77900.0,0.05,20,PE,BFO-OPT,BFO
3409,223852805,874425,SENSEX25NOV77800CE,SENSEX,0.0,2025-11-27,77800.0,0.05,20,CE,BFO-OPT,BFO
3410,224241925,875945,SENSEX25NOV77800PE,SENSEX,0.0,2025-11-27,77800.0,0.05,20,PE,BFO-OPT,BFO
3411,224023301,875091,SENSEX25NOV77700PE,SENSEX,0.0,2025-11-27,77700.0,0.05,20,PE,BFO-OPT,BFO
3412,224333573,876303,SENSEX25NOV77700CE,SENSEX,0.0,2025-11-27,77700.0,0.05,20,CE,BFO-OPT,BFO
3413,223728389,873939,SENSEX25NOV77600CE,SENSEX,0.0,2025-11-27,77600.0,0.05,20,CE,BFO-OPT,BFO
3414,224135941,875531,SENSEX25NOV77600PE,SENSEX,0.0,2025-11-27,77600.0,0.05,20,PE,BFO-OPT,BFO
3415,223838981,874371,SENSEX25NOV77500PE,SENSEX,0.0,2025-11-27,77500.0,0.05,20,PE,BFO-OPT,BFO
3416,224223493,875873,SENSEX25NOV77500CE,SENSEX,0.0,2025-11-27,77500.0,0.05,20,CE,BFO-OPT,BFO
3417,223931141,874731,SENSEX25NOV77400PE,SENSEX,0.0,2025-11-27,77400.0,0.05,20,PE,BFO-OPT,BFO
3418,223983365,874935,SENSEX25NOV77400CE,SENSEX,0.0,2025-11-27,77400.0,0.05,20,CE,BFO-OPT,BFO
3419,223717637,873897,SENSEX25NOV77300PE,SENSEX,0.0,2025-11-27,77300.0,0.05,20,PE,BFO-OPT,BFO
3420,224116485,875455,SENSEX25NOV77300CE,SENSEX,0.0,2025-11-27,77300.0,0.05,20,CE,BFO-OPT,BFO
3421,223818757,874292,SENSEX25NOV77200CE,SENSEX,0.0,2025-11-27,77200.0,0.05,20,CE,BFO-OPT,BFO
3422,224210181,875821,SENSEX25NOV77200PE,SENSEX,0.0,2025-11-27,77200.0,0.05,20,PE,BFO-OPT,BFO
3423,223893509,874584,SENSEX25NOV77100CE,SENSEX,0.0,2025-11-27,77100.0,0.05,20,CE,BFO-OPT,BFO
3424,224276229,876079,SENSEX25NOV77100PE,SENSEX,0.0,2025-11-27,77100.0,0.05,20,PE,BFO-OPT,BFO
3425,223696133,873813,SENSEX25NOV77000CE,SENSEX,0.0,2025-11-27,77000.0,0.05,20,CE,BFO-OPT,BFO
3426,224099589,875389,SENSEX25NOV77000PE,SENSEX,0.0,2025-11-27,77000.0,0.05,20,PE,BFO-OPT,BFO
3427,223947525,874795,SENSEX25NOV76900PE,SENSEX,0.0,2025-11-27,76900.0,0.05,20,PE,BFO-OPT,BFO
3428,224299525,876170,SENSEX25NOV76900CE,SENSEX,0.0,2025-11-27,76900.0,0.05,20,CE,BFO-OPT,BFO
3429,223690757,873792,SENSEX25NOV76800CE,SENSEX,0.0,2025-11-27,76800.0,0.05,20,CE,BFO-OPT,BFO
3430,224087813,875343,SENSEX25NOV76800PE,SENSEX,0.0,2025-11-27,76800.0,0.05,20,PE,BFO-OPT,BFO
3431,223801605,874225,SENSEX25NOV76700PE,SENSEX,0.0,2025-11-27,76700.0,0.05,20,PE,BFO-OPT,BFO
3432,224188933,875738,SENSEX25NOV76700CE,SENSEX,0.0,2025-11-27,76700.0,0.05,20,CE,BFO-OPT,BFO
3433,223873541,874506,SENSEX25NOV76600PE,SENSEX,0.0,2025-11-27,76600.0,0.05,20,PE,BFO-OPT,BFO
3434,223903749,874624,SENSEX25NOV76600CE,SENSEX,0.0,2025-11-27,76600.0,0.05,20,CE,BFO-OPT,BFO
3435,223682309,873759,SENSEX25NOV76500PE,SENSEX,0.0,2025-11-27,76500.0,0.05,20,PE,BFO-OPT,BFO
3436,224046853,875183,SENSEX25NOV76500CE,SENSEX,0.0,2025-11-27,76500.0,0.05,20,CE,BFO-OPT,BFO
3437,223782661,874151,SENSEX25NOV76400CE,SENSEX,0.0,2025-11-27,76400.0,0.05,20,CE,BFO-OPT,BFO
3438,224179461,875701,SENSEX25NOV76400PE,SENSEX,0.0,2025-11-27,76400.0,0.05,20,PE,BFO-OPT,BFO
3439,223854341,874431,SENSEX25NOV76300CE,SENSEX,0.0,2025-11-27,76300.0,0.05,20,CE,BFO-OPT,BFO
3440,224243205,875950,SENSEX25NOV76300PE,SENSEX,0.0,2025-11-27,76300.0,0.05,20,PE,BFO-OPT,BFO
3441,224025605,875100,SENSEX25NOV76200PE,SENSEX,0.0,2025-11-27,76200.0,0.05,20,PE,BFO-OPT,BFO
3442,224335365,876310,SENSEX25NOV76200CE,SENSEX,0.0,2025-11-27,76200.0,0.05,20,CE,BFO-OPT,BFO
3443,224136453,875533,SENSEX25NOV76100PE,SENSEX,0.0,2025-11-27,76100.0,0.05,20,PE,BFO-OPT,BFO
3444,224160005,875625,SENSEX25NOV76100CE,SENSEX,0.0,2025-11-27,76100.0,0.05,20,CE,BFO-OPT,BFO
3445,223840517,874377,SENSEX25NOV76000PE,SENSEX,0.0,2025-11-27,76000.0,0.05,20,PE,BFO-OPT,BFO
3446,224224517,875877,SENSEX25NOV76000CE,SENSEX,0.0,2025-11-27,76000.0,0.05,20,CE,BFO-OPT,BFO
3447,223766789,874089,SENSEX25NOV75900PE,SENSEX,0.0,2025-11-27,75900.0,0.05,20,PE,BFO-OPT,BFO
3448,224154629,875604,SENSEX25NOV75900CE,SENSEX,0.0,2025-11-27,75900.0,0.05,20,CE,BFO-OPT,BFO
3449,223834117,874352,SENSEX25NOV75800PE,SENSEX,0.0,2025-11-27,75800.0,0.05,20,PE,BFO-OPT,BFO
3450,223864325,874470,SENSEX25NOV75800CE,SENSEX,0.0,2025-11-27,75800.0,0.05,20,CE,BFO-OPT,BFO
3451,223976197,874907,SENSEX25NOV75700CE,SENSEX,0.0,2025-11-27,75700.0,0.05,20,CE,BFO-OPT,BFO
3452,224321541,876256,SENSEX25NOV75700PE,SENSEX,0.0,2025-11-27,75700.0,0.05,20,PE,BFO-OPT,BFO
3453,223741189,873989,SENSEX25NOV75600CE,SENSEX,0.0,2025-11-27,75600.0,0.05,20,CE,BFO-OPT,BFO
3454,224146437,875572,SENSEX25NOV75600PE,SENSEX,0.0,2025-11-27,75600.0,0.05,20,PE,BFO-OPT,BFO
3455,223811589,874264,SENSEX25NOV75500CE,SENSEX,0.0,2025-11-27,75500.0,0.05,20,CE,BFO-OPT,BFO
3456,224207109,875809,SENSEX25NOV75500PE,SENSEX,0.0,2025-11-27,75500.0,0.05,20,PE,BFO-OPT,BFO
3457,223951109,874809,SENSEX25NOV75400PE,SENSEX,0.0,2025-11-27,75400.0,0.05,20,PE,BFO-OPT,BFO
3458,224300293,876173,SENSEX25NOV75400CE,SENSEX,0.0,2025-11-27,75400.0,0.05,20,CE,BFO-OPT,BFO
3459,224088325,875345,SENSEX25NOV75300PE,SENSEX,0.0,2025-11-27,75300.0,0.05,20,PE,BFO-OPT,BFO
3460,224125957,875492,SENSEX25NOV75300CE,SENSEX,0.0,2025-11-27,75300.0,0.05,20,CE,BFO-OPT,BFO
3461,223802629,874229,SENSEX25NOV75200PE,SENSEX,0.0,2025-11-27,75200.0,0.05,20,PE,BFO-OPT,BFO
3462,224189701,875741,SENSEX25NOV75200CE,SENSEX,0.0,2025-11-27,75200.0,0.05,20,CE,BFO-OPT,BFO
3463,223907077,874637,SENSEX25NOV75100CE,SENSEX,0.0,2025-11-27,75100.0,0.05,20,CE,BFO-OPT,BFO
3464,224288773,876128,SENSEX25NOV75100PE,SENSEX,0.0,2025-11-27,75100.0,0.05,20,PE,BFO-OPT,BFO
3465,223682821,873761,SENSEX25NOV75000PE,SENSEX,0.0,2025-11-27,75000.0,0.05,20,PE,BFO-OPT,BFO
3466,224048133,875188,SENSEX25NOV75000CE,SENSEX,0.0,2025-11-27,75000.0,0.05,20,CE,BFO-OPT,BFO
3467,223899397,874607,SENSEX25NOV74900CE,SENSEX,0.0,2025-11-27,74900.0,0.05,20,CE,BFO-OPT,BFO
3468,224284165,876110,SENSEX25NOV74900PE,SENSEX,0.0,2025-11-27,74900.0,0.05,20,PE,BFO-OPT,BFO
3469,223702277,873837,SENSEX25NOV74800CE,SENSEX,0.0,2025-11-27,74800.0,0.05,20,CE,BFO-OPT,BFO
3470,224111621,875436,SENSEX25NOV74800PE,SENSEX,0.0,2025-11-27,74800.0,0.05,20,PE,BFO-OPT,BFO
3471,223777541,874131,SENSEX25NOV74700CE,SENSEX,0.0,2025-11-27,74700.0,0.05,20,CE,BFO-OPT,BFO
3472,224175877,875687,SENSEX25NOV74700PE,SENSEX,0.0,2025-11-27,74700.0,0.05,20,PE,BFO-OPT,BFO
3473,223888389,874564,SENSEX25NOV74600PE,SENSEX,0.0,2025-11-27,74600.0,0.05,20,PE,BFO-OPT,BFO
3474,224262149,876024,SENSEX25NOV74600CE,SENSEX,0.0,2025-11-27,74600.0,0.05,20,CE,BFO-OPT,BFO
3475,224017925,875070,SENSEX25NOV74500PE,SENSEX,0.0,2025-11-27,74500.0,0.05,20,PE,BFO-OPT,BFO
3476,224067589,875264,SENSEX25NOV74500CE,SENSEX,0.0,2025-11-27,74500.0,0.05,20,CE,BFO-OPT,BFO
3477,223768581,874096,SENSEX25NOV74400PE,SENSEX,0.0,2025-11-27,74400.0,0.05,20,PE,BFO-OPT,BFO
3478,224155141,875606,SENSEX25NOV74400CE,SENSEX,0.0,2025-11-27,74400.0,0.05,20,CE,BFO-OPT,BFO
3479,223865605,874475,SENSEX25NOV74300CE,SENSEX,0.0,2025-11-27,74300.0,0.05,20,CE,BFO-OPT,BFO
3480,224253701,875991,SENSEX25NOV74300PE,SENSEX,0.0,2025-11-27,74300.0,0.05,20,PE,BFO-OPT,BFO
3481,223978245,874915,SENSEX25NOV74200CE,SENSEX,0.0,2025-11-27,74200.0,0.05,20,CE,BFO-OPT,BFO
3482,224322309,876259,SENSEX25NOV74200PE,SENSEX,0.0,2025-11-27,74200.0,0.05,20,PE,BFO-OPT,BFO
3483,223743237,873997,SENSEX25NOV74100CE,SENSEX,0.0,2025-11-27,74100.0,0.05,20,CE,BFO-OPT,BFO
3484,224147717,875577,SENSEX25NOV74100PE,SENSEX,0.0,2025-11-27,74100.0,0.05,20,PE,BFO-OPT,BFO
3485,224207877,875812,SENSEX25NOV74000PE,SENSEX,0.0,2025-11-27,74000.0,0.05,20,PE,BFO-OPT,BFO
3486,224236549,875924,SENSEX25NOV74000CE,SENSEX,0.0,2025-11-27,74000.0,0.05,20,CE,BFO-OPT,BFO
3487,223737605,873975,SENSEX25NOV73900CE,SENSEX,0.0,2025-11-27,73900.0,0.05,20,CE,BFO-OPT,BFO
3488,224142853,875558,SENSEX25NOV73900PE,SENSEX,0.0,2025-11-27,73900.0,0.05,20,PE,BFO-OPT,BFO
3489,223849989,874414,SENSEX25NOV73800PE,SENSEX,0.0,2025-11-27,73800.0,0.05,20,PE,BFO-OPT,BFO
3490,224231685,875905,SENSEX25NOV73800CE,SENSEX,0.0,2025-11-27,73800.0,0.05,20,CE,BFO-OPT,BFO
3491,223944965,874785,SENSEX25NOV73700PE,SENSEX,0.0,2025-11-27,73700.0,0.05,20,PE,BFO-OPT,BFO
3492,223999749,874999,SENSEX25NOV73700CE,SENSEX,0.0,2025-11-27,73700.0,0.05,20,CE,BFO-OPT,BFO
3493,223726085,873930,SENSEX25NOV73600PE,SENSEX,0.0,2025-11-27,73600.0,0.05,20,PE,BFO-OPT,BFO
3494,224123397,875482,SENSEX25NOV73600CE,SENSEX,0.0,2025-11-27,73600.0,0.05,20,CE,BFO-OPT,BFO
3495,223825413,874318,SENSEX25NOV73500CE,SENSEX,0.0,2025-11-27,73500.0,0.05,20,CE,BFO-OPT,BFO
3496,224220165,875860,SENSEX25NOV73500PE,SENSEX,0.0,2025-11-27,73500.0,0.05,20,PE,BFO-OPT,BFO
3497,223900677,874612,SENSEX25NOV73400CE,SENSEX,0.0,2025-11-27,73400.0,0.05,20,CE,BFO-OPT,BFO
3498,224285445,876115,SENSEX25NOV73400PE,SENSEX,0.0,2025-11-27,73400.0,0.05,20,PE,BFO-OPT,BFO
3499,223703045,873840,SENSEX25NOV73300CE,SENSEX,0.0,2025-11-27,73300.0,0.05,20,CE,BFO-OPT,BFO
3500,224114181,875446,SENSEX25NOV73300PE,SENSEX,0.0,2025-11-27,73300.0,0.05,20,PE,BFO-OPT,BFO
3501,224177413,875693,SENSEX25NOV73200PE,SENSEX,0.0,2025-11-27,73200.0,0.05,20,PE,BFO-OPT,BFO
3502,224201221,875786,SENSEX25NOV73200CE,SENSEX,0.0,2025-11-27,73200.0,0.05,20,CE,BFO-OPT,BFO
3503,223889669,874569,SENSEX25NOV73100PE,SENSEX,0.0,2025-11-27,73100.0,0.05,20,PE,BFO-OPT,BFO
3504,224263429,876029,SENSEX25NOV73100CE,SENSEX,0.0,2025-11-27,73100.0,0.05,20,CE,BFO-OPT,BFO
3505,223694085,873805,SENSEX25NOV73000PE,SENSEX,0.0,2025-11-27,73000.0,0.05,20,PE,BFO-OPT,BFO
3506,224070917,875277,SENSEX25NOV73000CE,SENSEX,0.0,2025-11-27,73000.0,0.05,20,CE,BFO-OPT,BFO
3507,223883781,874546,SENSEX25NOV72900PE,SENSEX,0.0,2025-11-27,72900.0,0.05,20,PE,BFO-OPT,BFO
3508,223925509,874709,SENSEX25NOV72900CE,SENSEX,0.0,2025-11-27,72900.0,0.05,20,CE,BFO-OPT,BFO
3509,223687941,873781,SENSEX25NOV72800PE,SENSEX,0.0,2025-11-27,72800.0,0.05,20,PE,BFO-OPT,BFO
3510,224062469,875244,SENSEX25NOV72800CE,SENSEX,0.0,2025-11-27,72800.0,0.05,20,CE,BFO-OPT,BFO
3511,223791877,874187,SENSEX25NOV72700CE,SENSEX,0.0,2025-11-27,72700.0,0.05,20,CE,BFO-OPT,BFO
3512,224185861,875726,SENSEX25NOV72700PE,SENSEX,0.0,2025-11-27,72700.0,0.05,20,PE,BFO-OPT,BFO
3513,223862021,874461,SENSEX25NOV72600CE,SENSEX,0.0,2025-11-27,72600.0,0.05,20,CE,BFO-OPT,BFO
3514,224250629,875979,SENSEX25NOV72600PE,SENSEX,0.0,2025-11-27,72600.0,0.05,20,PE,BFO-OPT,BFO
3515,224389637,876522,SENSEX25NOV72500CE,SENSEX,0.0,2025-11-27,72500.0,0.05,20,CE,BFO-OPT,BFO
3516,224431621,876686,SENSEX25NOV72500PE,SENSEX,0.0,2025-11-27,72500.0,0.05,20,PE,BFO-OPT,BFO
3517,224444165,876735,SENSEX25NOV72400PE,SENSEX,0.0,2025-11-27,72400.0,0.05,20,PE,BFO-OPT,BFO
3518,224448005,876750,SENSEX25NOV72400CE,SENSEX,0.0,2025-11-27,72400.0,0.05,20,CE,BFO-OPT,BFO
3519,224412677,876612,SENSEX25NOV72300PE,SENSEX,0.0,2025-11-27,72300.0,0.05,20,PE,BFO-OPT,BFO
3520,224458501,876791,SENSEX25NOV72300CE,SENSEX,0.0,2025-11-27,72300.0,0.05,20,CE,BFO-OPT,BFO
3521,289974533,1132713,SENSEX25D0484400CE,SENSEX,0.0,2025-12-04,84400.0,0.05,20,CE,BFO-OPT,BFO
3522,290020613,1132893,SENSEX25D0484400PE,SENSEX,0.0,2025-12-04,84400.0,0.05,20,PE,BFO-OPT,BFO
3523,290025989,1132914,SENSEX25D0484300CE,SENSEX,0.0,2025-12-04,84300.0,0.05,20,CE,BFO-OPT,BFO
3524,290070021,1133086,SENSEX25D0484300PE,SENSEX,0.0,2025-12-04,84300.0,0.05,20,PE,BFO-OPT,BFO
3525,290041861,1132976,SENSEX25D0484500CE,SENSEX,0.0,2025-12-04,84500.0,0.05,20,CE,BFO-OPT,BFO
3526,290083333,1133138,SENSEX25D0484500PE,SENSEX,0.0,2025-12-04,84500.0,0.05,20,PE,BFO-OPT,BFO
3527,289962757,1132667,SENSEX25D0484200CE,SENSEX,0.0,2025-12-04,84200.0,0.05,20,CE,BFO-OPT,BFO
3528,290006533,1132838,SENSEX25D0484200PE,SENSEX,0.0,2025-12-04,84200.0,0.05,20,PE,BFO-OPT,BFO
3529,289988357,1132767,SENSEX25D0484600CE,SENSEX,0.0,2025-12-04,84600.0,0.05,20,CE,BFO-OPT,BFO
3530,290033925,1132945,SENSEX25D0484600PE,SENSEX,0.0,2025-12-04,84600.0,0.05,20,PE,BFO-OPT,BFO
3531,290013445,1132865,SENSEX25D0484100CE,SENSEX,0.0,2025-12-04,84100.0,0.05,20,CE,BFO-OPT,BFO
3532,290057989,1133039,SENSEX25D0484100PE,SENSEX,0.0,2025-12-04,84100.0,0.05,20,PE,BFO-OPT,BFO
3533,289980677,1132737,SENSEX25D0484700PE,SENSEX,0.0,2025-12-04,84700.0,0.05,20,PE,BFO-OPT,BFO
3534,290053381,1133021,SENSEX25D0484700CE,SENSEX,0.0,2025-12-04,84700.0,0.05,20,CE,BFO-OPT,BFO
3535,289991429,1132779,SENSEX25D0484000PE,SENSEX,0.0,2025-12-04,84000.0,0.05,20,PE,BFO-OPT,BFO
3536,290064133,1133063,SENSEX25D0484000CE,SENSEX,0.0,2025-12-04,84000.0,0.05,20,CE,BFO-OPT,BFO
3537,290001669,1132819,SENSEX25D0484800CE,SENSEX,0.0,2025-12-04,84800.0,0.05,20,CE,BFO-OPT,BFO
3538,290046725,1132995,SENSEX25D0484800PE,SENSEX,0.0,2025-12-04,84800.0,0.05,20,PE,BFO-OPT,BFO
3539,289944837,1132597,SENSEX25D0483900CE,SENSEX,0.0,2025-12-04,83900.0,0.05,20,CE,BFO-OPT,BFO
3540,290079749,1133124,SENSEX25D0483900PE,SENSEX,0.0,2025-12-04,83900.0,0.05,20,PE,BFO-OPT,BFO
3541,289953285,1132630,SENSEX25D0484900CE,SENSEX,0.0,2025-12-04,84900.0,0.05,20,CE,BFO-OPT,BFO
3542,289993733,1132788,SENSEX25D0484900PE,SENSEX,0.0,2025-12-04,84900.0,0.05,20,PE,BFO-OPT,BFO
3543,289928709,1132534,SENSEX25D0483800PE,SENSEX,0.0,2025-12-04,83800.0,0.05,20,PE,BFO-OPT,BFO
3544,290086917,1133152,SENSEX25D0483800CE,SENSEX,0.0,2025-12-04,83800.0,0.05,20,CE,BFO-OPT,BFO
3545,289913605,1132475,SENSEX25D0485000PE,SENSEX,0.0,2025-12-04,85000.0,0.05,20,PE,BFO-OPT,BFO
3546,290072325,1133095,SENSEX25D0485000CE,SENSEX,0.0,2025-12-04,85000.0,0.05,20,CE,BFO-OPT,BFO
3547,289932293,1132548,SENSEX25D0483700CE,SENSEX,0.0,2025-12-04,83700.0,0.05,20,CE,BFO-OPT,BFO
3548,289972485,1132705,SENSEX25D0483700PE,SENSEX,0.0,2025-12-04,83700.0,0.05,20,PE,BFO-OPT,BFO
3549,289930757,1132542,SENSEX25D0485100CE,SENSEX,0.0,2025-12-04,85100.0,0.05,20,CE,BFO-OPT,BFO
3550,289970693,1132698,SENSEX25D0485100PE,SENSEX,0.0,2025-12-04,85100.0,0.05,20,PE,BFO-OPT,BFO
3551,290085381,1133146,SENSEX25D0485200CE,SENSEX,0.0,2025-12-04,85200.0,0.05,20,CE,BFO-OPT,BFO
3552,290202373,1133603,SENSEX25D0491900CE,SENSEX,0.0,2025-12-04,91900.0,0.05,20,CE,BFO-OPT,BFO
3553,290228997,1133707,SENSEX25D0491900PE,SENSEX,0.0,2025-12-04,91900.0,0.05,20,PE,BFO-OPT,BFO
3554,290233861,1133726,SENSEX25D0491800CE,SENSEX,0.0,2025-12-04,91800.0,0.05,20,CE,BFO-OPT,BFO
3555,290316549,1134049,SENSEX25D0491800PE,SENSEX,0.0,2025-12-04,91800.0,0.05,20,PE,BFO-OPT,BFO
3556,290221317,1133677,SENSEX25D0491700PE,SENSEX,0.0,2025-12-04,91700.0,0.05,20,PE,BFO-OPT,BFO
3557,290320389,1134064,SENSEX25D0491700CE,SENSEX,0.0,2025-12-04,91700.0,0.05,20,CE,BFO-OPT,BFO
3558,290225157,1133692,SENSEX25D0491600CE,SENSEX,0.0,2025-12-04,91600.0,0.05,20,CE,BFO-OPT,BFO
3559,290254853,1133808,SENSEX25D0491600PE,SENSEX,0.0,2025-12-04,91600.0,0.05,20,PE,BFO-OPT,BFO
3560,290120197,1133282,SENSEX25D0491500PE,SENSEX,0.0,2025-12-04,91500.0,0.05,20,PE,BFO-OPT,BFO
3561,290184709,1133534,SENSEX25D0491500CE,SENSEX,0.0,2025-12-04,91500.0,0.05,20,CE,BFO-OPT,BFO
3562,290122757,1133292,SENSEX25D0491400CE,SENSEX,0.0,2025-12-04,91400.0,0.05,20,CE,BFO-OPT,BFO
3563,290145029,1133379,SENSEX25D0491400PE,SENSEX,0.0,2025-12-04,91400.0,0.05,20,PE,BFO-OPT,BFO
3564,290113285,1133255,SENSEX25D0491300PE,SENSEX,0.0,2025-12-04,91300.0,0.05,20,PE,BFO-OPT,BFO
3565,290147589,1133389,SENSEX25D0491300CE,SENSEX,0.0,2025-12-04,91300.0,0.05,20,CE,BFO-OPT,BFO
3566,290116869,1133269,SENSEX25D0491200CE,SENSEX,0.0,2025-12-04,91200.0,0.05,20,CE,BFO-OPT,BFO
3567,290140421,1133361,SENSEX25D0491200PE,SENSEX,0.0,2025-12-04,91200.0,0.05,20,PE,BFO-OPT,BFO
3568,290142469,1133369,SENSEX25D0491100CE,SENSEX,0.0,2025-12-04,91100.0,0.05,20,CE,BFO-OPT,BFO
3569,290158597,1133432,SENSEX25D0491100PE,SENSEX,0.0,2025-12-04,91100.0,0.05,20,PE,BFO-OPT,BFO
3570,289911301,1132466,SENSEX25D0491000CE,SENSEX,0.0,2025-12-04,91000.0,0.05,20,CE,BFO-OPT,BFO
3571,289951493,1132623,SENSEX25D0491000PE,SENSEX,0.0,2025-12-04,91000.0,0.05,20,PE,BFO-OPT,BFO
3572,289990661,1132776,SENSEX25D0490900CE,SENSEX,0.0,2025-12-04,90900.0,0.05,20,CE,BFO-OPT,BFO
3573,290037765,1132960,SENSEX25D0490900PE,SENSEX,0.0,2025-12-04,90900.0,0.05,20,PE,BFO-OPT,BFO
3574,290043909,1132984,SENSEX25D0490800CE,SENSEX,0.0,2025-12-04,90800.0,0.05,20,CE,BFO-OPT,BFO
3575,290087429,1133154,SENSEX25D0490800PE,SENSEX,0.0,2025-12-04,90800.0,0.05,20,PE,BFO-OPT,BFO
3576,289977349,1132724,SENSEX25D0490700CE,SENSEX,0.0,2025-12-04,90700.0,0.05,20,CE,BFO-OPT,BFO
3577,290022149,1132899,SENSEX25D0490700PE,SENSEX,0.0,2025-12-04,90700.0,0.05,20,PE,BFO-OPT,BFO
3578,290029829,1132929,SENSEX25D0490600CE,SENSEX,0.0,2025-12-04,90600.0,0.05,20,CE,BFO-OPT,BFO
3579,290075909,1133109,SENSEX25D0490600PE,SENSEX,0.0,2025-12-04,90600.0,0.05,20,PE,BFO-OPT,BFO
3580,290010629,1132854,SENSEX25D0490500PE,SENSEX,0.0,2025-12-04,90500.0,0.05,20,PE,BFO-OPT,BFO
3581,290080773,1133128,SENSEX25D0490500CE,SENSEX,0.0,2025-12-04,90500.0,0.05,20,CE,BFO-OPT,BFO
3582,290017541,1132881,SENSEX25D0490400CE,SENSEX,0.0,2025-12-04,90400.0,0.05,20,CE,BFO-OPT,BFO
3583,290061317,1133052,SENSEX25D0490400PE,SENSEX,0.0,2025-12-04,90400.0,0.05,20,PE,BFO-OPT,BFO
3584,289910789,1132464,SENSEX25D0490300PE,SENSEX,0.0,2025-12-04,90300.0,0.05,20,PE,BFO-OPT,BFO
3585,290067205,1133075,SENSEX25D0490300CE,SENSEX,0.0,2025-12-04,90300.0,0.05,20,CE,BFO-OPT,BFO
3586,290004229,1132829,SENSEX25D0490200CE,SENSEX,0.0,2025-12-04,90200.0,0.05,20,CE,BFO-OPT,BFO
3587,290049029,1133004,SENSEX25D0490200PE,SENSEX,0.0,2025-12-04,90200.0,0.05,20,PE,BFO-OPT,BFO
3588,290055173,1133028,SENSEX25D0490100CE,SENSEX,0.0,2025-12-04,90100.0,0.05,20,CE,BFO-OPT,BFO
3589,290097157,1133192,SENSEX25D0490100PE,SENSEX,0.0,2025-12-04,90100.0,0.05,20,PE,BFO-OPT,BFO
3590,289904133,1132438,SENSEX25D0490000CE,SENSEX,0.0,2025-12-04,90000.0,0.05,20,CE,BFO-OPT,BFO
3591,290037253,1132958,SENSEX25D0490000PE,SENSEX,0.0,2025-12-04,90000.0,0.05,20,PE,BFO-OPT,BFO
3592,290036741,1132956,SENSEX25D0489900CE,SENSEX,0.0,2025-12-04,89900.0,0.05,20,CE,BFO-OPT,BFO
3593,290079493,1133123,SENSEX25D0489900PE,SENSEX,0.0,2025-12-04,89900.0,0.05,20,PE,BFO-OPT,BFO
3594,289926661,1132526,SENSEX25D0489800PE,SENSEX,0.0,2025-12-04,89800.0,0.05,20,PE,BFO-OPT,BFO
3595,290085893,1133148,SENSEX25D0489800CE,SENSEX,0.0,2025-12-04,89800.0,0.05,20,CE,BFO-OPT,BFO
3596,289931525,1132545,SENSEX25D0489700CE,SENSEX,0.0,2025-12-04,89700.0,0.05,20,CE,BFO-OPT,BFO
3597,290064901,1133066,SENSEX25D0489700PE,SENSEX,0.0,2025-12-04,89700.0,0.05,20,PE,BFO-OPT,BFO
3598,289914117,1132477,SENSEX25D0489600PE,SENSEX,0.0,2025-12-04,89600.0,0.05,20,PE,BFO-OPT,BFO
3599,290072837,1133097,SENSEX25D0489600CE,SENSEX,0.0,2025-12-04,89600.0,0.05,20,CE,BFO-OPT,BFO
3600,289922309,1132509,SENSEX25D0489500CE,SENSEX,0.0,2025-12-04,89500.0,0.05,20,CE,BFO-OPT,BFO
3601,289960197,1132657,SENSEX25D0489500PE,SENSEX,0.0,2025-12-04,89500.0,0.05,20,PE,BFO-OPT,BFO
3602,289901829,1132429,SENSEX25D0489400PE,SENSEX,0.0,2025-12-04,89400.0,0.05,20,PE,BFO-OPT,BFO
3603,290059781,1133046,SENSEX25D0489400CE,SENSEX,0.0,2025-12-04,89400.0,0.05,20,CE,BFO-OPT,BFO
3604,289908485,1132455,SENSEX25D0489300CE,SENSEX,0.0,2025-12-04,89300.0,0.05,20,CE,BFO-OPT,BFO
3605,289947653,1132608,SENSEX25D0489300PE,SENSEX,0.0,2025-12-04,89300.0,0.05,20,PE,BFO-OPT,BFO
3606,289955589,1132639,SENSEX25D0489200CE,SENSEX,0.0,2025-12-04,89200.0,0.05,20,CE,BFO-OPT,BFO
3607,290089733,1133163,SENSEX25D0489200PE,SENSEX,0.0,2025-12-04,89200.0,0.05,20,PE,BFO-OPT,BFO
3608,289936389,1132564,SENSEX25D0489100PE,SENSEX,0.0,2025-12-04,89100.0,0.05,20,PE,BFO-OPT,BFO
3609,290094853,1133183,SENSEX25D0489100CE,SENSEX,0.0,2025-12-04,89100.0,0.05,20,CE,BFO-OPT,BFO
3610,289942277,1132587,SENSEX25D0489000CE,SENSEX,0.0,2025-12-04,89000.0,0.05,20,CE,BFO-OPT,BFO
3611,289982981,1132746,SENSEX25D0489000PE,SENSEX,0.0,2025-12-04,89000.0,0.05,20,PE,BFO-OPT,BFO
3612,289957637,1132647,SENSEX25D0488900PE,SENSEX,0.0,2025-12-04,88900.0,0.05,20,PE,BFO-OPT,BFO
3613,290026757,1132917,SENSEX25D0488900CE,SENSEX,0.0,2025-12-04,88900.0,0.05,20,CE,BFO-OPT,BFO
3614,289963781,1132671,SENSEX25D0488800CE,SENSEX,0.0,2025-12-04,88800.0,0.05,20,CE,BFO-OPT,BFO
3615,290008069,1132844,SENSEX25D0488800PE,SENSEX,0.0,2025-12-04,88800.0,0.05,20,PE,BFO-OPT,BFO
3616,290014469,1132869,SENSEX25D0488700CE,SENSEX,0.0,2025-12-04,88700.0,0.05,20,CE,BFO-OPT,BFO
3617,290058757,1133042,SENSEX25D0488700PE,SENSEX,0.0,2025-12-04,88700.0,0.05,20,PE,BFO-OPT,BFO
3618,289951237,1132622,SENSEX25D0488600CE,SENSEX,0.0,2025-12-04,88600.0,0.05,20,CE,BFO-OPT,BFO
3619,289992197,1132782,SENSEX25D0488600PE,SENSEX,0.0,2025-12-04,88600.0,0.05,20,PE,BFO-OPT,BFO
3620,289998597,1132807,SENSEX25D0488500CE,SENSEX,0.0,2025-12-04,88500.0,0.05,20,CE,BFO-OPT,BFO
3621,290045701,1132991,SENSEX25D0488500PE,SENSEX,0.0,2025-12-04,88500.0,0.05,20,PE,BFO-OPT,BFO
3622,289979653,1132733,SENSEX25D0488400PE,SENSEX,0.0,2025-12-04,88400.0,0.05,20,PE,BFO-OPT,BFO
3623,290052357,1133017,SENSEX25D0488400CE,SENSEX,0.0,2025-12-04,88400.0,0.05,20,CE,BFO-OPT,BFO
3624,289987333,1132763,SENSEX25D0488300CE,SENSEX,0.0,2025-12-04,88300.0,0.05,20,CE,BFO-OPT,BFO
3625,290031621,1132936,SENSEX25D0488300PE,SENSEX,0.0,2025-12-04,88300.0,0.05,20,PE,BFO-OPT,BFO
3626,290040581,1132971,SENSEX25D0488200CE,SENSEX,0.0,2025-12-04,88200.0,0.05,20,CE,BFO-OPT,BFO
3627,290081541,1133131,SENSEX25D0488200PE,SENSEX,0.0,2025-12-04,88200.0,0.05,20,PE,BFO-OPT,BFO
3628,289972741,1132706,SENSEX25D0488100CE,SENSEX,0.0,2025-12-04,88100.0,0.05,20,CE,BFO-OPT,BFO
3629,290018565,1132885,SENSEX25D0488100PE,SENSEX,0.0,2025-12-04,88100.0,0.05,20,PE,BFO-OPT,BFO
3630,290024709,1132909,SENSEX25D0488000CE,SENSEX,0.0,2025-12-04,88000.0,0.05,20,CE,BFO-OPT,BFO
3631,290067717,1133077,SENSEX25D0488000PE,SENSEX,0.0,2025-12-04,88000.0,0.05,20,PE,BFO-OPT,BFO
3632,289910533,1132463,SENSEX25D0487900CE,SENSEX,0.0,2025-12-04,87900.0,0.05,20,CE,BFO-OPT,BFO
3633,289949957,1132617,SENSEX25D0487900PE,SENSEX,0.0,2025-12-04,87900.0,0.05,20,PE,BFO-OPT,BFO
3634,290048005,1133000,SENSEX25D0487800CE,SENSEX,0.0,2025-12-04,87800.0,0.05,20,CE,BFO-OPT,BFO
3635,290091013,1133168,SENSEX25D0487800PE,SENSEX,0.0,2025-12-04,87800.0,0.05,20,PE,BFO-OPT,BFO
3636,289937413,1132568,SENSEX25D0487700PE,SENSEX,0.0,2025-12-04,87700.0,0.05,20,PE,BFO-OPT,BFO
3637,290096901,1133191,SENSEX25D0487700CE,SENSEX,0.0,2025-12-04,87700.0,0.05,20,CE,BFO-OPT,BFO
3638,289943301,1132591,SENSEX25D0487600CE,SENSEX,0.0,2025-12-04,87600.0,0.05,20,CE,BFO-OPT,BFO
3639,290079237,1133122,SENSEX25D0487600PE,SENSEX,0.0,2025-12-04,87600.0,0.05,20,PE,BFO-OPT,BFO
3640,289925893,1132523,SENSEX25D0487500PE,SENSEX,0.0,2025-12-04,87500.0,0.05,20,PE,BFO-OPT,BFO
3641,290085637,1133147,SENSEX25D0487500CE,SENSEX,0.0,2025-12-04,87500.0,0.05,20,CE,BFO-OPT,BFO
3642,289931269,1132544,SENSEX25D0487400CE,SENSEX,0.0,2025-12-04,87400.0,0.05,20,CE,BFO-OPT,BFO
3643,289970949,1132699,SENSEX25D0487400PE,SENSEX,0.0,2025-12-04,87400.0,0.05,20,PE,BFO-OPT,BFO
3644,289913861,1132476,SENSEX25D0487300PE,SENSEX,0.0,2025-12-04,87300.0,0.05,20,PE,BFO-OPT,BFO
3645,290072581,1133096,SENSEX25D0487300CE,SENSEX,0.0,2025-12-04,87300.0,0.05,20,CE,BFO-OPT,BFO
3646,289922053,1132508,SENSEX25D0487200CE,SENSEX,0.0,2025-12-04,87200.0,0.05,20,CE,BFO-OPT,BFO
3647,289959941,1132656,SENSEX25D0487200PE,SENSEX,0.0,2025-12-04,87200.0,0.05,20,PE,BFO-OPT,BFO
3648,289901573,1132428,SENSEX25D0487100PE,SENSEX,0.0,2025-12-04,87100.0,0.05,20,PE,BFO-OPT,BFO
3649,289967365,1132685,SENSEX25D0487100CE,SENSEX,0.0,2025-12-04,87100.0,0.05,20,CE,BFO-OPT,BFO
3650,289907973,1132453,SENSEX25D0487000CE,SENSEX,0.0,2025-12-04,87000.0,0.05,20,CE,BFO-OPT,BFO
3651,289947397,1132607,SENSEX25D0487000PE,SENSEX,0.0,2025-12-04,87000.0,0.05,20,PE,BFO-OPT,BFO
3652,289988613,1132768,SENSEX25D0486900CE,SENSEX,0.0,2025-12-04,86900.0,0.05,20,CE,BFO-OPT,BFO
3653,290034437,1132947,SENSEX25D0486900PE,SENSEX,0.0,2025-12-04,86900.0,0.05,20,PE,BFO-OPT,BFO
3654,289968133,1132688,SENSEX25D0486800PE,SENSEX,0.0,2025-12-04,86800.0,0.05,20,PE,BFO-OPT,BFO
3655,290042117,1132977,SENSEX25D0486800CE,SENSEX,0.0,2025-12-04,86800.0,0.05,20,CE,BFO-OPT,BFO
3656,289974789,1132714,SENSEX25D0486700CE,SENSEX,0.0,2025-12-04,86700.0,0.05,20,CE,BFO-OPT,BFO
3657,290020869,1132894,SENSEX25D0486700PE,SENSEX,0.0,2025-12-04,86700.0,0.05,20,PE,BFO-OPT,BFO
3658,290026501,1132916,SENSEX25D0486600CE,SENSEX,0.0,2025-12-04,86600.0,0.05,20,CE,BFO-OPT,BFO
3659,290070277,1133087,SENSEX25D0486600PE,SENSEX,0.0,2025-12-04,86600.0,0.05,20,PE,BFO-OPT,BFO
3660,289963013,1132668,SENSEX25D0486500CE,SENSEX,0.0,2025-12-04,86500.0,0.05,20,CE,BFO-OPT,BFO
3661,290007045,1132840,SENSEX25D0486500PE,SENSEX,0.0,2025-12-04,86500.0,0.05,20,PE,BFO-OPT,BFO
3662,290013701,1132866,SENSEX25D0486400CE,SENSEX,0.0,2025-12-04,86400.0,0.05,20,CE,BFO-OPT,BFO
3663,290058245,1133040,SENSEX25D0486400PE,SENSEX,0.0,2025-12-04,86400.0,0.05,20,PE,BFO-OPT,BFO
3664,289991685,1132780,SENSEX25D0486300PE,SENSEX,0.0,2025-12-04,86300.0,0.05,20,PE,BFO-OPT,BFO
3665,290064389,1133064,SENSEX25D0486300CE,SENSEX,0.0,2025-12-04,86300.0,0.05,20,CE,BFO-OPT,BFO
3666,289998341,1132806,SENSEX25D0486200CE,SENSEX,0.0,2025-12-04,86200.0,0.05,20,CE,BFO-OPT,BFO
3667,290045445,1132990,SENSEX25D0486200PE,SENSEX,0.0,2025-12-04,86200.0,0.05,20,PE,BFO-OPT,BFO
3668,289979397,1132732,SENSEX25D0486100PE,SENSEX,0.0,2025-12-04,86100.0,0.05,20,PE,BFO-OPT,BFO
3669,290052101,1133016,SENSEX25D0486100CE,SENSEX,0.0,2025-12-04,86100.0,0.05,20,CE,BFO-OPT,BFO
3670,289987077,1132762,SENSEX25D0486000CE,SENSEX,0.0,2025-12-04,86000.0,0.05,20,CE,BFO-OPT,BFO
3671,290031365,1132935,SENSEX25D0486000PE,SENSEX,0.0,2025-12-04,86000.0,0.05,20,PE,BFO-OPT,BFO
3672,289915653,1132483,SENSEX25D0485900PE,SENSEX,0.0,2025-12-04,85900.0,0.05,20,PE,BFO-OPT,BFO
3673,290075141,1133106,SENSEX25D0485900CE,SENSEX,0.0,2025-12-04,85900.0,0.05,20,CE,BFO-OPT,BFO
3674,289923845,1132515,SENSEX25D0485800CE,SENSEX,0.0,2025-12-04,85800.0,0.05,20,CE,BFO-OPT,BFO
3675,289962501,1132666,SENSEX25D0485800PE,SENSEX,0.0,2025-12-04,85800.0,0.05,20,PE,BFO-OPT,BFO
3676,289903109,1132434,SENSEX25D0485700PE,SENSEX,0.0,2025-12-04,85700.0,0.05,20,PE,BFO-OPT,BFO
3677,290060805,1133050,SENSEX25D0485700CE,SENSEX,0.0,2025-12-04,85700.0,0.05,20,CE,BFO-OPT,BFO
3678,289910021,1132461,SENSEX25D0485600CE,SENSEX,0.0,2025-12-04,85600.0,0.05,20,CE,BFO-OPT,BFO
3679,289949701,1132616,SENSEX25D0485600PE,SENSEX,0.0,2025-12-04,85600.0,0.05,20,PE,BFO-OPT,BFO
3680,289956869,1132644,SENSEX25D0485500CE,SENSEX,0.0,2025-12-04,85500.0,0.05,20,CE,BFO-OPT,BFO
3681,290090757,1133167,SENSEX25D0485500PE,SENSEX,0.0,2025-12-04,85500.0,0.05,20,PE,BFO-OPT,BFO
3682,289937157,1132567,SENSEX25D0485400PE,SENSEX,0.0,2025-12-04,85400.0,0.05,20,PE,BFO-OPT,BFO
3683,290096645,1133190,SENSEX25D0485400CE,SENSEX,0.0,2025-12-04,85400.0,0.05,20,CE,BFO-OPT,BFO
3684,289943045,1132590,SENSEX25D0485300CE,SENSEX,0.0,2025-12-04,85300.0,0.05,20,CE,BFO-OPT,BFO
3685,289984773,1132753,SENSEX25D0485300PE,SENSEX,0.0,2025-12-04,85300.0,0.05,20,PE,BFO-OPT,BFO
3686,289925637,1132522,SENSEX25D0485200PE,SENSEX,0.0,2025-12-04,85200.0,0.05,20,PE,BFO-OPT,BFO
3687,289915141,1132481,SENSEX25D0483600PE,SENSEX,0.0,2025-12-04,83600.0,0.05,20,PE,BFO-OPT,BFO
3688,290074629,1133104,SENSEX25D0483600CE,SENSEX,0.0,2025-12-04,83600.0,0.05,20,CE,BFO-OPT,BFO
3689,289923589,1132514,SENSEX25D0483500CE,SENSEX,0.0,2025-12-04,83500.0,0.05,20,CE,BFO-OPT,BFO
3690,289962245,1132665,SENSEX25D0483500PE,SENSEX,0.0,2025-12-04,83500.0,0.05,20,PE,BFO-OPT,BFO
3691,289902853,1132433,SENSEX25D0483400PE,SENSEX,0.0,2025-12-04,83400.0,0.05,20,PE,BFO-OPT,BFO
3692,290060549,1133049,SENSEX25D0483400CE,SENSEX,0.0,2025-12-04,83400.0,0.05,20,CE,BFO-OPT,BFO
3693,289909765,1132460,SENSEX25D0483300CE,SENSEX,0.0,2025-12-04,83300.0,0.05,20,CE,BFO-OPT,BFO
3694,289949445,1132615,SENSEX25D0483300PE,SENSEX,0.0,2025-12-04,83300.0,0.05,20,PE,BFO-OPT,BFO
3695,289956613,1132643,SENSEX25D0483200CE,SENSEX,0.0,2025-12-04,83200.0,0.05,20,CE,BFO-OPT,BFO
3696,290090501,1133166,SENSEX25D0483200PE,SENSEX,0.0,2025-12-04,83200.0,0.05,20,PE,BFO-OPT,BFO
3697,289936901,1132566,SENSEX25D0483100PE,SENSEX,0.0,2025-12-04,83100.0,0.05,20,PE,BFO-OPT,BFO
3698,290096389,1133189,SENSEX25D0483100CE,SENSEX,0.0,2025-12-04,83100.0,0.05,20,CE,BFO-OPT,BFO
3699,289942533,1132588,SENSEX25D0483000CE,SENSEX,0.0,2025-12-04,83000.0,0.05,20,CE,BFO-OPT,BFO
3700,289984517,1132752,SENSEX25D0483000PE,SENSEX,0.0,2025-12-04,83000.0,0.05,20,PE,BFO-OPT,BFO
3701,290028293,1132923,SENSEX25D0482900CE,SENSEX,0.0,2025-12-04,82900.0,0.05,20,CE,BFO-OPT,BFO
3702,290072069,1133094,SENSEX25D0482900PE,SENSEX,0.0,2025-12-04,82900.0,0.05,20,PE,BFO-OPT,BFO
3703,289965061,1132676,SENSEX25D0482800CE,SENSEX,0.0,2025-12-04,82800.0,0.05,20,CE,BFO-OPT,BFO
3704,290008837,1132847,SENSEX25D0482800PE,SENSEX,0.0,2025-12-04,82800.0,0.05,20,PE,BFO-OPT,BFO
3705,290015749,1132874,SENSEX25D0482700CE,SENSEX,0.0,2025-12-04,82700.0,0.05,20,CE,BFO-OPT,BFO
3706,290059525,1133045,SENSEX25D0482700PE,SENSEX,0.0,2025-12-04,82700.0,0.05,20,PE,BFO-OPT,BFO
3707,289993221,1132786,SENSEX25D0482600PE,SENSEX,0.0,2025-12-04,82600.0,0.05,20,PE,BFO-OPT,BFO
3708,290065413,1133068,SENSEX25D0482600CE,SENSEX,0.0,2025-12-04,82600.0,0.05,20,CE,BFO-OPT,BFO
3709,290001157,1132817,SENSEX25D0482500CE,SENSEX,0.0,2025-12-04,82500.0,0.05,20,CE,BFO-OPT,BFO
3710,290046469,1132994,SENSEX25D0482500PE,SENSEX,0.0,2025-12-04,82500.0,0.05,20,PE,BFO-OPT,BFO
3711,289980421,1132736,SENSEX25D0482400PE,SENSEX,0.0,2025-12-04,82400.0,0.05,20,PE,BFO-OPT,BFO
3712,290053125,1133020,SENSEX25D0482400CE,SENSEX,0.0,2025-12-04,82400.0,0.05,20,CE,BFO-OPT,BFO
3713,289988101,1132766,SENSEX25D0482300CE,SENSEX,0.0,2025-12-04,82300.0,0.05,20,CE,BFO-OPT,BFO
3714,290033413,1132943,SENSEX25D0482300PE,SENSEX,0.0,2025-12-04,82300.0,0.05,20,PE,BFO-OPT,BFO
3715,290041605,1132975,SENSEX25D0482200CE,SENSEX,0.0,2025-12-04,82200.0,0.05,20,CE,BFO-OPT,BFO
3716,290083077,1133137,SENSEX25D0482200PE,SENSEX,0.0,2025-12-04,82200.0,0.05,20,PE,BFO-OPT,BFO
3717,289974277,1132712,SENSEX25D0482100CE,SENSEX,0.0,2025-12-04,82100.0,0.05,20,CE,BFO-OPT,BFO
3718,290020357,1132892,SENSEX25D0482100PE,SENSEX,0.0,2025-12-04,82100.0,0.05,20,PE,BFO-OPT,BFO
3719,290025733,1132913,SENSEX25D0482000CE,SENSEX,0.0,2025-12-04,82000.0,0.05,20,CE,BFO-OPT,BFO
3720,290069253,1133083,SENSEX25D0482000PE,SENSEX,0.0,2025-12-04,82000.0,0.05,20,PE,BFO-OPT,BFO
3721,289911045,1132465,SENSEX25D0481900CE,SENSEX,0.0,2025-12-04,81900.0,0.05,20,CE,BFO-OPT,BFO
3722,289950469,1132619,SENSEX25D0481900PE,SENSEX,0.0,2025-12-04,81900.0,0.05,20,PE,BFO-OPT,BFO
3723,289957893,1132648,SENSEX25D0481800CE,SENSEX,0.0,2025-12-04,81800.0,0.05,20,CE,BFO-OPT,BFO
3724,290091781,1133171,SENSEX25D0481800PE,SENSEX,0.0,2025-12-04,81800.0,0.05,20,PE,BFO-OPT,BFO
3725,289939205,1132575,SENSEX25D0481700PE,SENSEX,0.0,2025-12-04,81700.0,0.05,20,PE,BFO-OPT,BFO
3726,290097925,1133195,SENSEX25D0481700CE,SENSEX,0.0,2025-12-04,81700.0,0.05,20,CE,BFO-OPT,BFO
3727,289944581,1132596,SENSEX25D0481600CE,SENSEX,0.0,2025-12-04,81600.0,0.05,20,CE,BFO-OPT,BFO
3728,289986821,1132761,SENSEX25D0481600PE,SENSEX,0.0,2025-12-04,81600.0,0.05,20,PE,BFO-OPT,BFO
3729,289928453,1132533,SENSEX25D0481500PE,SENSEX,0.0,2025-12-04,81500.0,0.05,20,PE,BFO-OPT,BFO
3730,290086661,1133151,SENSEX25D0481500CE,SENSEX,0.0,2025-12-04,81500.0,0.05,20,CE,BFO-OPT,BFO
3731,289932037,1132547,SENSEX25D0481400CE,SENSEX,0.0,2025-12-04,81400.0,0.05,20,CE,BFO-OPT,BFO
3732,289971973,1132703,SENSEX25D0481400PE,SENSEX,0.0,2025-12-04,81400.0,0.05,20,PE,BFO-OPT,BFO
3733,289914629,1132479,SENSEX25D0481300PE,SENSEX,0.0,2025-12-04,81300.0,0.05,20,PE,BFO-OPT,BFO
3734,290074373,1133103,SENSEX25D0481300CE,SENSEX,0.0,2025-12-04,81300.0,0.05,20,CE,BFO-OPT,BFO
3735,289923077,1132512,SENSEX25D0481200CE,SENSEX,0.0,2025-12-04,81200.0,0.05,20,CE,BFO-OPT,BFO
3736,289961989,1132664,SENSEX25D0481200PE,SENSEX,0.0,2025-12-04,81200.0,0.05,20,PE,BFO-OPT,BFO
3737,289902597,1132432,SENSEX25D0481100PE,SENSEX,0.0,2025-12-04,81100.0,0.05,20,PE,BFO-OPT,BFO
3738,289967877,1132687,SENSEX25D0481100CE,SENSEX,0.0,2025-12-04,81100.0,0.05,20,CE,BFO-OPT,BFO
3739,289909509,1132459,SENSEX25D0481000CE,SENSEX,0.0,2025-12-04,81000.0,0.05,20,CE,BFO-OPT,BFO
3740,289949189,1132614,SENSEX25D0481000PE,SENSEX,0.0,2025-12-04,81000.0,0.05,20,PE,BFO-OPT,BFO
3741,289989125,1132770,SENSEX25D0480900CE,SENSEX,0.0,2025-12-04,80900.0,0.05,20,CE,BFO-OPT,BFO
3742,290036485,1132955,SENSEX25D0480900PE,SENSEX,0.0,2025-12-04,80900.0,0.05,20,PE,BFO-OPT,BFO
3743,290042629,1132979,SENSEX25D0480800CE,SENSEX,0.0,2025-12-04,80800.0,0.05,20,CE,BFO-OPT,BFO
3744,290085125,1133145,SENSEX25D0480800PE,SENSEX,0.0,2025-12-04,80800.0,0.05,20,PE,BFO-OPT,BFO
3745,289975557,1132717,SENSEX25D0480700CE,SENSEX,0.0,2025-12-04,80700.0,0.05,20,CE,BFO-OPT,BFO
3746,290021125,1132895,SENSEX25D0480700PE,SENSEX,0.0,2025-12-04,80700.0,0.05,20,PE,BFO-OPT,BFO
3747,290027781,1132921,SENSEX25D0480600CE,SENSEX,0.0,2025-12-04,80600.0,0.05,20,CE,BFO-OPT,BFO
3748,290071557,1133092,SENSEX25D0480600PE,SENSEX,0.0,2025-12-04,80600.0,0.05,20,PE,BFO-OPT,BFO
3749,289964805,1132675,SENSEX25D0480500CE,SENSEX,0.0,2025-12-04,80500.0,0.05,20,CE,BFO-OPT,BFO
3750,290008581,1132846,SENSEX25D0480500PE,SENSEX,0.0,2025-12-04,80500.0,0.05,20,PE,BFO-OPT,BFO
3751,290015493,1132873,SENSEX25D0480400CE,SENSEX,0.0,2025-12-04,80400.0,0.05,20,CE,BFO-OPT,BFO
3752,290059269,1133044,SENSEX25D0480400PE,SENSEX,0.0,2025-12-04,80400.0,0.05,20,PE,BFO-OPT,BFO
3753,289992965,1132785,SENSEX25D0480300PE,SENSEX,0.0,2025-12-04,80300.0,0.05,20,PE,BFO-OPT,BFO
3754,290065157,1133067,SENSEX25D0480300CE,SENSEX,0.0,2025-12-04,80300.0,0.05,20,CE,BFO-OPT,BFO
3755,290000901,1132816,SENSEX25D0480200CE,SENSEX,0.0,2025-12-04,80200.0,0.05,20,CE,BFO-OPT,BFO
3756,290046213,1132993,SENSEX25D0480200PE,SENSEX,0.0,2025-12-04,80200.0,0.05,20,PE,BFO-OPT,BFO
3757,290052869,1133019,SENSEX25D0480100CE,SENSEX,0.0,2025-12-04,80100.0,0.05,20,CE,BFO-OPT,BFO
3758,290094597,1133182,SENSEX25D0480100PE,SENSEX,0.0,2025-12-04,80100.0,0.05,20,PE,BFO-OPT,BFO
3759,289987845,1132765,SENSEX25D0480000CE,SENSEX,0.0,2025-12-04,80000.0,0.05,20,CE,BFO-OPT,BFO
3760,290033157,1132942,SENSEX25D0480000PE,SENSEX,0.0,2025-12-04,80000.0,0.05,20,PE,BFO-OPT,BFO
3761,290032901,1132941,SENSEX25D0479900CE,SENSEX,0.0,2025-12-04,79900.0,0.05,20,CE,BFO-OPT,BFO
3762,290077701,1133116,SENSEX25D0479900PE,SENSEX,0.0,2025-12-04,79900.0,0.05,20,PE,BFO-OPT,BFO
3763,289925381,1132521,SENSEX25D0479800PE,SENSEX,0.0,2025-12-04,79800.0,0.05,20,PE,BFO-OPT,BFO
3764,290082821,1133136,SENSEX25D0479800CE,SENSEX,0.0,2025-12-04,79800.0,0.05,20,CE,BFO-OPT,BFO
3765,290019845,1132890,SENSEX25D0479700CE,SENSEX,0.0,2025-12-04,79700.0,0.05,20,CE,BFO-OPT,BFO
3766,290063365,1133060,SENSEX25D0479700PE,SENSEX,0.0,2025-12-04,79700.0,0.05,20,PE,BFO-OPT,BFO
3767,289912581,1132471,SENSEX25D0479600PE,SENSEX,0.0,2025-12-04,79600.0,0.05,20,PE,BFO-OPT,BFO
3768,290068741,1133081,SENSEX25D0479600CE,SENSEX,0.0,2025-12-04,79600.0,0.05,20,CE,BFO-OPT,BFO
3769,289920517,1132502,SENSEX25D0479500CE,SENSEX,0.0,2025-12-04,79500.0,0.05,20,CE,BFO-OPT,BFO
3770,290051077,1133012,SENSEX25D0479500PE,SENSEX,0.0,2025-12-04,79500.0,0.05,20,PE,BFO-OPT,BFO
3771,290057477,1133037,SENSEX25D0479400CE,SENSEX,0.0,2025-12-04,79400.0,0.05,20,CE,BFO-OPT,BFO
3772,290098949,1133199,SENSEX25D0479400PE,SENSEX,0.0,2025-12-04,79400.0,0.05,20,PE,BFO-OPT,BFO
3773,289905669,1132444,SENSEX25D0479300CE,SENSEX,0.0,2025-12-04,79300.0,0.05,20,CE,BFO-OPT,BFO
3774,289946117,1132602,SENSEX25D0479300PE,SENSEX,0.0,2025-12-04,79300.0,0.05,20,PE,BFO-OPT,BFO
3775,290045189,1132989,SENSEX25D0479200CE,SENSEX,0.0,2025-12-04,79200.0,0.05,20,CE,BFO-OPT,BFO
3776,290087685,1133155,SENSEX25D0479200PE,SENSEX,0.0,2025-12-04,79200.0,0.05,20,PE,BFO-OPT,BFO
3777,289933573,1132553,SENSEX25D0479100PE,SENSEX,0.0,2025-12-04,79100.0,0.05,20,PE,BFO-OPT,BFO
3778,290093317,1133177,SENSEX25D0479100CE,SENSEX,0.0,2025-12-04,79100.0,0.05,20,CE,BFO-OPT,BFO
3779,289940229,1132579,SENSEX25D0479000CE,SENSEX,0.0,2025-12-04,79000.0,0.05,20,CE,BFO-OPT,BFO
3780,290076421,1133111,SENSEX25D0479000PE,SENSEX,0.0,2025-12-04,79000.0,0.05,20,PE,BFO-OPT,BFO
3781,289914373,1132478,SENSEX25D0478900CE,SENSEX,0.0,2025-12-04,78900.0,0.05,20,CE,BFO-OPT,BFO
3782,289955333,1132638,SENSEX25D0478900PE,SENSEX,0.0,2025-12-04,78900.0,0.05,20,PE,BFO-OPT,BFO
3783,289961477,1132662,SENSEX25D0478800CE,SENSEX,0.0,2025-12-04,78800.0,0.05,20,CE,BFO-OPT,BFO
3784,290004741,1132831,SENSEX25D0478800PE,SENSEX,0.0,2025-12-04,78800.0,0.05,20,PE,BFO-OPT,BFO
3785,289942021,1132586,SENSEX25D0478700PE,SENSEX,0.0,2025-12-04,78700.0,0.05,20,PE,BFO-OPT,BFO
3786,290012421,1132861,SENSEX25D0478700CE,SENSEX,0.0,2025-12-04,78700.0,0.05,20,CE,BFO-OPT,BFO
3787,289948677,1132612,SENSEX25D0478600CE,SENSEX,0.0,2025-12-04,78600.0,0.05,20,CE,BFO-OPT,BFO
3788,289990405,1132775,SENSEX25D0478600PE,SENSEX,0.0,2025-12-04,78600.0,0.05,20,PE,BFO-OPT,BFO
3789,289996549,1132799,SENSEX25D0478500CE,SENSEX,0.0,2025-12-04,78500.0,0.05,20,CE,BFO-OPT,BFO
3790,290043653,1132983,SENSEX25D0478500PE,SENSEX,0.0,2025-12-04,78500.0,0.05,20,PE,BFO-OPT,BFO
3791,289936645,1132565,SENSEX25D0478400CE,SENSEX,0.0,2025-12-04,78400.0,0.05,20,CE,BFO-OPT,BFO
3792,289977093,1132723,SENSEX25D0478400PE,SENSEX,0.0,2025-12-04,78400.0,0.05,20,PE,BFO-OPT,BFO
3793,289984005,1132750,SENSEX25D0478300CE,SENSEX,0.0,2025-12-04,78300.0,0.05,20,CE,BFO-OPT,BFO
3794,290029573,1132928,SENSEX25D0478300PE,SENSEX,0.0,2025-12-04,78300.0,0.05,20,PE,BFO-OPT,BFO
3795,289965829,1132679,SENSEX25D0478200PE,SENSEX,0.0,2025-12-04,78200.0,0.05,20,PE,BFO-OPT,BFO
3796,290038533,1132963,SENSEX25D0478200CE,SENSEX,0.0,2025-12-04,78200.0,0.05,20,CE,BFO-OPT,BFO
3797,289970181,1132696,SENSEX25D0478100CE,SENSEX,0.0,2025-12-04,78100.0,0.05,20,CE,BFO-OPT,BFO
3798,290017285,1132880,SENSEX25D0478100PE,SENSEX,0.0,2025-12-04,78100.0,0.05,20,PE,BFO-OPT,BFO
3799,290023173,1132903,SENSEX25D0478000CE,SENSEX,0.0,2025-12-04,78000.0,0.05,20,CE,BFO-OPT,BFO
3800,290066949,1133074,SENSEX25D0478000PE,SENSEX,0.0,2025-12-04,78000.0,0.05,20,PE,BFO-OPT,BFO
3801,289906949,1132449,SENSEX25D0477900CE,SENSEX,0.0,2025-12-04,77900.0,0.05,20,CE,BFO-OPT,BFO
3802,290040069,1132969,SENSEX25D0477900PE,SENSEX,0.0,2025-12-04,77900.0,0.05,20,PE,BFO-OPT,BFO
3803,290045957,1132992,SENSEX25D0477800CE,SENSEX,0.0,2025-12-04,77800.0,0.05,20,CE,BFO-OPT,BFO
3804,290089221,1133161,SENSEX25D0477800PE,SENSEX,0.0,2025-12-04,77800.0,0.05,20,PE,BFO-OPT,BFO
3805,289936133,1132563,SENSEX25D0477700PE,SENSEX,0.0,2025-12-04,77700.0,0.05,20,PE,BFO-OPT,BFO
3806,290094341,1133181,SENSEX25D0477700CE,SENSEX,0.0,2025-12-04,77700.0,0.05,20,CE,BFO-OPT,BFO
3807,290032645,1132940,SENSEX25D0477600CE,SENSEX,0.0,2025-12-04,77600.0,0.05,20,CE,BFO-OPT,BFO
3808,290077189,1133114,SENSEX25D0477600PE,SENSEX,0.0,2025-12-04,77600.0,0.05,20,PE,BFO-OPT,BFO
3809,289925125,1132520,SENSEX25D0477500PE,SENSEX,0.0,2025-12-04,77500.0,0.05,20,PE,BFO-OPT,BFO
3810,290082053,1133133,SENSEX25D0477500CE,SENSEX,0.0,2025-12-04,77500.0,0.05,20,CE,BFO-OPT,BFO
3811,289930245,1132540,SENSEX25D0477400CE,SENSEX,0.0,2025-12-04,77400.0,0.05,20,CE,BFO-OPT,BFO
3812,290062853,1133058,SENSEX25D0477400PE,SENSEX,0.0,2025-12-04,77400.0,0.05,20,PE,BFO-OPT,BFO
3813,289912069,1132469,SENSEX25D0477300PE,SENSEX,0.0,2025-12-04,77300.0,0.05,20,PE,BFO-OPT,BFO
3814,290068485,1133080,SENSEX25D0477300CE,SENSEX,0.0,2025-12-04,77300.0,0.05,20,CE,BFO-OPT,BFO
3815,289920261,1132501,SENSEX25D0477200CE,SENSEX,0.0,2025-12-04,77200.0,0.05,20,CE,BFO-OPT,BFO
3816,289959173,1132653,SENSEX25D0477200PE,SENSEX,0.0,2025-12-04,77200.0,0.05,20,PE,BFO-OPT,BFO
3817,290057221,1133036,SENSEX25D0477100CE,SENSEX,0.0,2025-12-04,77100.0,0.05,20,CE,BFO-OPT,BFO
3818,290098437,1133197,SENSEX25D0477100PE,SENSEX,0.0,2025-12-04,77100.0,0.05,20,PE,BFO-OPT,BFO
3819,289905413,1132443,SENSEX25D0477000CE,SENSEX,0.0,2025-12-04,77000.0,0.05,20,CE,BFO-OPT,BFO
3820,289945605,1132600,SENSEX25D0477000PE,SENSEX,0.0,2025-12-04,77000.0,0.05,20,PE,BFO-OPT,BFO
3821,289985797,1132757,SENSEX25D0476900CE,SENSEX,0.0,2025-12-04,76900.0,0.05,20,CE,BFO-OPT,BFO
3822,290031109,1132934,SENSEX25D0476900PE,SENSEX,0.0,2025-12-04,76900.0,0.05,20,PE,BFO-OPT,BFO
3823,289927941,1132531,SENSEX25D0476800CE,SENSEX,0.0,2025-12-04,76800.0,0.05,20,CE,BFO-OPT,BFO
3824,289967109,1132684,SENSEX25D0476800PE,SENSEX,0.0,2025-12-04,76800.0,0.05,20,PE,BFO-OPT,BFO
3825,289971717,1132702,SENSEX25D0476700CE,SENSEX,0.0,2025-12-04,76700.0,0.05,20,CE,BFO-OPT,BFO
3826,290017797,1132882,SENSEX25D0476700PE,SENSEX,0.0,2025-12-04,76700.0,0.05,20,PE,BFO-OPT,BFO
3827,289955077,1132637,SENSEX25D0476600PE,SENSEX,0.0,2025-12-04,76600.0,0.05,20,PE,BFO-OPT,BFO
3828,290024453,1132908,SENSEX25D0476600CE,SENSEX,0.0,2025-12-04,76600.0,0.05,20,CE,BFO-OPT,BFO
3829,289960965,1132660,SENSEX25D0476500CE,SENSEX,0.0,2025-12-04,76500.0,0.05,20,CE,BFO-OPT,BFO
3830,290004485,1132830,SENSEX25D0476500PE,SENSEX,0.0,2025-12-04,76500.0,0.05,20,PE,BFO-OPT,BFO
3831,290012165,1132860,SENSEX25D0476400CE,SENSEX,0.0,2025-12-04,76400.0,0.05,20,CE,BFO-OPT,BFO
3832,290055685,1133030,SENSEX25D0476400PE,SENSEX,0.0,2025-12-04,76400.0,0.05,20,PE,BFO-OPT,BFO
3833,289948421,1132611,SENSEX25D0476300CE,SENSEX,0.0,2025-12-04,76300.0,0.05,20,CE,BFO-OPT,BFO
3834,289990149,1132774,SENSEX25D0476300PE,SENSEX,0.0,2025-12-04,76300.0,0.05,20,PE,BFO-OPT,BFO
3835,289996293,1132798,SENSEX25D0476200CE,SENSEX,0.0,2025-12-04,76200.0,0.05,20,CE,BFO-OPT,BFO
3836,290043397,1132982,SENSEX25D0476200PE,SENSEX,0.0,2025-12-04,76200.0,0.05,20,PE,BFO-OPT,BFO
3837,289976837,1132722,SENSEX25D0476100PE,SENSEX,0.0,2025-12-04,76100.0,0.05,20,PE,BFO-OPT,BFO
3838,290050053,1133008,SENSEX25D0476100CE,SENSEX,0.0,2025-12-04,76100.0,0.05,20,CE,BFO-OPT,BFO
3839,289983749,1132749,SENSEX25D0476000CE,SENSEX,0.0,2025-12-04,76000.0,0.05,20,CE,BFO-OPT,BFO
3840,290029317,1132927,SENSEX25D0476000PE,SENSEX,0.0,2025-12-04,76000.0,0.05,20,PE,BFO-OPT,BFO
3841,226865669,886194,SENSEX25DEC84400CE,SENSEX,0.0,2025-12-24,84400.0,0.05,20,CE,BFO-OPT,BFO
3842,227038213,886868,SENSEX25DEC84400PE,SENSEX,0.0,2025-12-24,84400.0,0.05,20,PE,BFO-OPT,BFO
3843,226788357,885892,SENSEX25DEC84300CE,SENSEX,0.0,2025-12-24,84300.0,0.05,20,CE,BFO-OPT,BFO
3844,226812165,885985,SENSEX25DEC84300PE,SENSEX,0.0,2025-12-24,84300.0,0.05,20,PE,BFO-OPT,BFO
3845,226796805,885925,SENSEX25DEC84500CE,SENSEX,0.0,2025-12-24,84500.0,0.05,20,CE,BFO-OPT,BFO
3846,226825221,886036,SENSEX25DEC84500PE,SENSEX,0.0,2025-12-24,84500.0,0.05,20,PE,BFO-OPT,BFO
3847,226815493,885998,SENSEX25DEC84200CE,SENSEX,0.0,2025-12-24,84200.0,0.05,20,CE,BFO-OPT,BFO
3848,227016709,886784,SENSEX25DEC84200PE,SENSEX,0.0,2025-12-24,84200.0,0.05,20,PE,BFO-OPT,BFO
3849,226928133,886438,SENSEX25DEC84600CE,SENSEX,0.0,2025-12-24,84600.0,0.05,20,CE,BFO-OPT,BFO
3850,227053573,886928,SENSEX25DEC84600PE,SENSEX,0.0,2025-12-24,84600.0,0.05,20,PE,BFO-OPT,BFO
3851,226804997,885957,SENSEX25DEC84100PE,SENSEX,0.0,2025-12-24,84100.0,0.05,20,PE,BFO-OPT,BFO
3852,227030277,886837,SENSEX25DEC84100CE,SENSEX,0.0,2025-12-24,84100.0,0.05,20,CE,BFO-OPT,BFO
3853,226803717,885952,SENSEX25DEC84700CE,SENSEX,0.0,2025-12-24,84700.0,0.05,20,CE,BFO-OPT,BFO
3854,226898693,886323,SENSEX25DEC84700PE,SENSEX,0.0,2025-12-24,84700.0,0.05,20,PE,BFO-OPT,BFO
3855,216715269,846544,SENSEX25DEC84000CE,SENSEX,0.0,2025-12-24,84000.0,0.05,20,CE,BFO-OPT,BFO
3856,216731141,846606,SENSEX25DEC84000PE,SENSEX,0.0,2025-12-24,84000.0,0.05,20,PE,BFO-OPT,BFO
3857,226800133,885938,SENSEX25DEC84800PE,SENSEX,0.0,2025-12-24,84800.0,0.05,20,PE,BFO-OPT,BFO
3858,227003909,886734,SENSEX25DEC84800CE,SENSEX,0.0,2025-12-24,84800.0,0.05,20,CE,BFO-OPT,BFO
3859,227057925,886945,SENSEX25DEC83900CE,SENSEX,0.0,2025-12-24,83900.0,0.05,20,CE,BFO-OPT,BFO
3860,227112197,887157,SENSEX25DEC83900PE,SENSEX,0.0,2025-12-24,83900.0,0.05,20,PE,BFO-OPT,BFO
3861,226810373,885978,SENSEX25DEC84900CE,SENSEX,0.0,2025-12-24,84900.0,0.05,20,CE,BFO-OPT,BFO
3862,226970117,886602,SENSEX25DEC84900PE,SENSEX,0.0,2025-12-24,84900.0,0.05,20,PE,BFO-OPT,BFO
3863,226795525,885920,SENSEX25DEC83800PE,SENSEX,0.0,2025-12-24,83800.0,0.05,20,PE,BFO-OPT,BFO
3864,227120901,887191,SENSEX25DEC83800CE,SENSEX,0.0,2025-12-24,83800.0,0.05,20,CE,BFO-OPT,BFO
3865,215962117,843602,SENSEX25DEC85000CE,SENSEX,0.0,2025-12-24,85000.0,0.05,20,CE,BFO-OPT,BFO
3866,215978757,843667,SENSEX25DEC85000PE,SENSEX,0.0,2025-12-24,85000.0,0.05,20,PE,BFO-OPT,BFO
3867,227043077,886887,SENSEX25DEC83700CE,SENSEX,0.0,2025-12-24,83700.0,0.05,20,CE,BFO-OPT,BFO
3868,227089925,887070,SENSEX25DEC83700PE,SENSEX,0.0,2025-12-24,83700.0,0.05,20,PE,BFO-OPT,BFO
3869,227041029,886879,SENSEX25DEC85100CE,SENSEX,0.0,2025-12-24,85100.0,0.05,20,CE,BFO-OPT,BFO
3870,227087621,887061,SENSEX25DEC85100PE,SENSEX,0.0,2025-12-24,85100.0,0.05,20,PE,BFO-OPT,BFO
3871,227117829,887179,SENSEX25DEC85200CE,SENSEX,0.0,2025-12-24,85200.0,0.05,20,CE,BFO-OPT,BFO
3872,290208517,1133627,SENSEX25DEC91900CE,SENSEX,0.0,2025-12-24,91900.0,0.05,20,CE,BFO-OPT,BFO
3873,290288901,1133941,SENSEX25DEC91900PE,SENSEX,0.0,2025-12-24,91900.0,0.05,20,PE,BFO-OPT,BFO
3874,290292997,1133957,SENSEX25DEC91800CE,SENSEX,0.0,2025-12-24,91800.0,0.05,20,CE,BFO-OPT,BFO
3875,290321157,1134067,SENSEX25DEC91800PE,SENSEX,0.0,2025-12-24,91800.0,0.05,20,PE,BFO-OPT,BFO
3876,290197765,1133585,SENSEX25DEC91700CE,SENSEX,0.0,2025-12-24,91700.0,0.05,20,CE,BFO-OPT,BFO
3877,290225925,1133695,SENSEX25DEC91700PE,SENSEX,0.0,2025-12-24,91700.0,0.05,20,PE,BFO-OPT,BFO
3878,290285829,1133929,SENSEX25DEC91600CE,SENSEX,0.0,2025-12-24,91600.0,0.05,20,CE,BFO-OPT,BFO
3879,290312965,1134035,SENSEX25DEC91600PE,SENSEX,0.0,2025-12-24,91600.0,0.05,20,PE,BFO-OPT,BFO
3880,290123781,1133296,SENSEX25DEC91500PE,SENSEX,0.0,2025-12-24,91500.0,0.05,20,PE,BFO-OPT,BFO
3881,290188037,1133547,SENSEX25DEC91500CE,SENSEX,0.0,2025-12-24,91500.0,0.05,20,CE,BFO-OPT,BFO
3882,290127365,1133310,SENSEX25DEC91400CE,SENSEX,0.0,2025-12-24,91400.0,0.05,20,CE,BFO-OPT,BFO
3883,290179333,1133513,SENSEX25DEC91400PE,SENSEX,0.0,2025-12-24,91400.0,0.05,20,PE,BFO-OPT,BFO
3884,290117381,1133271,SENSEX25DEC91300PE,SENSEX,0.0,2025-12-24,91300.0,0.05,20,PE,BFO-OPT,BFO
3885,290182661,1133526,SENSEX25DEC91300CE,SENSEX,0.0,2025-12-24,91300.0,0.05,20,CE,BFO-OPT,BFO
3886,290121733,1133288,SENSEX25DEC91200CE,SENSEX,0.0,2025-12-24,91200.0,0.05,20,CE,BFO-OPT,BFO
3887,290143237,1133372,SENSEX25DEC91200PE,SENSEX,0.0,2025-12-24,91200.0,0.05,20,PE,BFO-OPT,BFO
3888,290109189,1133239,SENSEX25DEC91100PE,SENSEX,0.0,2025-12-24,91100.0,0.05,20,PE,BFO-OPT,BFO
3889,290176773,1133503,SENSEX25DEC91100CE,SENSEX,0.0,2025-12-24,91100.0,0.05,20,CE,BFO-OPT,BFO
3890,289920005,1132500,SENSEX25DEC91000CE,SENSEX,0.0,2025-12-24,91000.0,0.05,20,CE,BFO-OPT,BFO
3891,289958917,1132652,SENSEX25DEC91000PE,SENSEX,0.0,2025-12-24,91000.0,0.05,20,PE,BFO-OPT,BFO
3892,289998085,1132805,SENSEX25DEC90900CE,SENSEX,0.0,2025-12-24,90900.0,0.05,20,CE,BFO-OPT,BFO
3893,290044933,1132988,SENSEX25DEC90900PE,SENSEX,0.0,2025-12-24,90900.0,0.05,20,PE,BFO-OPT,BFO
3894,289938693,1132573,SENSEX25DEC90800CE,SENSEX,0.0,2025-12-24,90800.0,0.05,20,CE,BFO-OPT,BFO
3895,289978373,1132728,SENSEX25DEC90800PE,SENSEX,0.0,2025-12-24,90800.0,0.05,20,PE,BFO-OPT,BFO
3896,289985541,1132756,SENSEX25DEC90700CE,SENSEX,0.0,2025-12-24,90700.0,0.05,20,CE,BFO-OPT,BFO
3897,290030597,1132932,SENSEX25DEC90700PE,SENSEX,0.0,2025-12-24,90700.0,0.05,20,PE,BFO-OPT,BFO
3898,289966853,1132683,SENSEX25DEC90600PE,SENSEX,0.0,2025-12-24,90600.0,0.05,20,PE,BFO-OPT,BFO
3899,290039813,1132968,SENSEX25DEC90600CE,SENSEX,0.0,2025-12-24,90600.0,0.05,20,CE,BFO-OPT,BFO
3900,227596549,889049,SENSEX25DEC90500CE,SENSEX,0.0,2025-12-24,90500.0,0.05,20,CE,BFO-OPT,BFO
3901,227669253,889333,SENSEX25DEC90500PE,SENSEX,0.0,2025-12-24,90500.0,0.05,20,PE,BFO-OPT,BFO
3902,227687685,889405,SENSEX25DEC90400CE,SENSEX,0.0,2025-12-24,90400.0,0.05,20,CE,BFO-OPT,BFO
3903,227749893,889648,SENSEX25DEC90400PE,SENSEX,0.0,2025-12-24,90400.0,0.05,20,PE,BFO-OPT,BFO
3904,227580677,888987,SENSEX25DEC90300CE,SENSEX,0.0,2025-12-24,90300.0,0.05,20,CE,BFO-OPT,BFO
3905,227648517,889252,SENSEX25DEC90300PE,SENSEX,0.0,2025-12-24,90300.0,0.05,20,PE,BFO-OPT,BFO
3906,227426309,888384,SENSEX25DEC90200CE,SENSEX,0.0,2025-12-24,90200.0,0.05,20,CE,BFO-OPT,BFO
3907,227465733,888538,SENSEX25DEC90200PE,SENSEX,0.0,2025-12-24,90200.0,0.05,20,PE,BFO-OPT,BFO
3908,227401221,888286,SENSEX25DEC90100PE,SENSEX,0.0,2025-12-24,90100.0,0.05,20,PE,BFO-OPT,BFO
3909,227471621,888561,SENSEX25DEC90100CE,SENSEX,0.0,2025-12-24,90100.0,0.05,20,CE,BFO-OPT,BFO
3910,227409413,888318,SENSEX25DEC90000CE,SENSEX,0.0,2025-12-24,90000.0,0.05,20,CE,BFO-OPT,BFO
3911,227454213,888493,SENSEX25DEC90000PE,SENSEX,0.0,2025-12-24,90000.0,0.05,20,PE,BFO-OPT,BFO
3912,227260165,887735,SENSEX25DEC89900CE,SENSEX,0.0,2025-12-24,89900.0,0.05,20,CE,BFO-OPT,BFO
3913,227299333,887888,SENSEX25DEC89900PE,SENSEX,0.0,2025-12-24,89900.0,0.05,20,PE,BFO-OPT,BFO
3914,227246085,887680,SENSEX25DEC89800PE,SENSEX,0.0,2025-12-24,89800.0,0.05,20,PE,BFO-OPT,BFO
3915,227313669,887944,SENSEX25DEC89800CE,SENSEX,0.0,2025-12-24,89800.0,0.05,20,CE,BFO-OPT,BFO
3916,227250437,887697,SENSEX25DEC89700CE,SENSEX,0.0,2025-12-24,89700.0,0.05,20,CE,BFO-OPT,BFO
3917,227281157,887817,SENSEX25DEC89700PE,SENSEX,0.0,2025-12-24,89700.0,0.05,20,PE,BFO-OPT,BFO
3918,227154949,887324,SENSEX25DEC89600PE,SENSEX,0.0,2025-12-24,89600.0,0.05,20,PE,BFO-OPT,BFO
3919,227291141,887856,SENSEX25DEC89600CE,SENSEX,0.0,2025-12-24,89600.0,0.05,20,CE,BFO-OPT,BFO
3920,227239685,887655,SENSEX25DEC89500CE,SENSEX,0.0,2025-12-24,89500.0,0.05,20,CE,BFO-OPT,BFO
3921,227266053,887758,SENSEX25DEC89500PE,SENSEX,0.0,2025-12-24,89500.0,0.05,20,PE,BFO-OPT,BFO
3922,227142661,887276,SENSEX25DEC89400PE,SENSEX,0.0,2025-12-24,89400.0,0.05,20,PE,BFO-OPT,BFO
3923,227272453,887783,SENSEX25DEC89400CE,SENSEX,0.0,2025-12-24,89400.0,0.05,20,CE,BFO-OPT,BFO
3924,226784005,885875,SENSEX25DEC89300CE,SENSEX,0.0,2025-12-24,89300.0,0.05,20,CE,BFO-OPT,BFO
3925,227063301,886966,SENSEX25DEC89300PE,SENSEX,0.0,2025-12-24,89300.0,0.05,20,PE,BFO-OPT,BFO
3926,227071749,886999,SENSEX25DEC89200CE,SENSEX,0.0,2025-12-24,89200.0,0.05,20,CE,BFO-OPT,BFO
3927,227124997,887207,SENSEX25DEC89200PE,SENSEX,0.0,2025-12-24,89200.0,0.05,20,PE,BFO-OPT,BFO
3928,226778373,885853,SENSEX25DEC89100CE,SENSEX,0.0,2025-12-24,89100.0,0.05,20,CE,BFO-OPT,BFO
3929,226800645,885940,SENSEX25DEC89100PE,SENSEX,0.0,2025-12-24,89100.0,0.05,20,PE,BFO-OPT,BFO
3930,216150533,844338,SENSEX25DEC89000CE,SENSEX,0.0,2025-12-24,89000.0,0.05,20,CE,BFO-OPT,BFO
3931,216187653,844483,SENSEX25DEC89000PE,SENSEX,0.0,2025-12-24,89000.0,0.05,20,PE,BFO-OPT,BFO
3932,226788869,885894,SENSEX25DEC88900CE,SENSEX,0.0,2025-12-24,88900.0,0.05,20,CE,BFO-OPT,BFO
3933,226812677,885987,SENSEX25DEC88900PE,SENSEX,0.0,2025-12-24,88900.0,0.05,20,PE,BFO-OPT,BFO
3934,226816005,886000,SENSEX25DEC88800CE,SENSEX,0.0,2025-12-24,88800.0,0.05,20,CE,BFO-OPT,BFO
3935,227021317,886802,SENSEX25DEC88800PE,SENSEX,0.0,2025-12-24,88800.0,0.05,20,PE,BFO-OPT,BFO
3936,226782725,885870,SENSEX25DEC88700CE,SENSEX,0.0,2025-12-24,88700.0,0.05,20,CE,BFO-OPT,BFO
3937,226806021,885961,SENSEX25DEC88700PE,SENSEX,0.0,2025-12-24,88700.0,0.05,20,PE,BFO-OPT,BFO
3938,226809093,885973,SENSEX25DEC88600CE,SENSEX,0.0,2025-12-24,88600.0,0.05,20,CE,BFO-OPT,BFO
3939,226953221,886536,SENSEX25DEC88600PE,SENSEX,0.0,2025-12-24,88600.0,0.05,20,PE,BFO-OPT,BFO
3940,226799621,885936,SENSEX25DEC88500PE,SENSEX,0.0,2025-12-24,88500.0,0.05,20,PE,BFO-OPT,BFO
3941,226997253,886708,SENSEX25DEC88500CE,SENSEX,0.0,2025-12-24,88500.0,0.05,20,CE,BFO-OPT,BFO
3942,226802693,885948,SENSEX25DEC88400CE,SENSEX,0.0,2025-12-24,88400.0,0.05,20,CE,BFO-OPT,BFO
3943,226888453,886283,SENSEX25DEC88400PE,SENSEX,0.0,2025-12-24,88400.0,0.05,20,PE,BFO-OPT,BFO
3944,226911749,886374,SENSEX25DEC88300CE,SENSEX,0.0,2025-12-24,88300.0,0.05,20,CE,BFO-OPT,BFO
3945,227047941,886906,SENSEX25DEC88300PE,SENSEX,0.0,2025-12-24,88300.0,0.05,20,PE,BFO-OPT,BFO
3946,226795781,885921,SENSEX25DEC88200CE,SENSEX,0.0,2025-12-24,88200.0,0.05,20,CE,BFO-OPT,BFO
3947,226817797,886007,SENSEX25DEC88200PE,SENSEX,0.0,2025-12-24,88200.0,0.05,20,PE,BFO-OPT,BFO
3948,226861573,886178,SENSEX25DEC88100CE,SENSEX,0.0,2025-12-24,88100.0,0.05,20,CE,BFO-OPT,BFO
3949,227034629,886854,SENSEX25DEC88100PE,SENSEX,0.0,2025-12-24,88100.0,0.05,20,PE,BFO-OPT,BFO
3950,215870213,843243,SENSEX25DEC88000CE,SENSEX,0.0,2025-12-24,88000.0,0.05,20,CE,BFO-OPT,BFO
3951,215906053,843383,SENSEX25DEC88000PE,SENSEX,0.0,2025-12-24,88000.0,0.05,20,PE,BFO-OPT,BFO
3952,226973189,886614,SENSEX25DEC87900CE,SENSEX,0.0,2025-12-24,87900.0,0.05,20,CE,BFO-OPT,BFO
3953,227065093,886973,SENSEX25DEC87900PE,SENSEX,0.0,2025-12-24,87900.0,0.05,20,PE,BFO-OPT,BFO
3954,227074821,887011,SENSEX25DEC87800CE,SENSEX,0.0,2025-12-24,87800.0,0.05,20,CE,BFO-OPT,BFO
3955,227127557,887217,SENSEX25DEC87800PE,SENSEX,0.0,2025-12-24,87800.0,0.05,20,PE,BFO-OPT,BFO
3956,226779397,885857,SENSEX25DEC87700CE,SENSEX,0.0,2025-12-24,87700.0,0.05,20,CE,BFO-OPT,BFO
3957,227046405,886900,SENSEX25DEC87700PE,SENSEX,0.0,2025-12-24,87700.0,0.05,20,PE,BFO-OPT,BFO
3958,227056389,886939,SENSEX25DEC87600CE,SENSEX,0.0,2025-12-24,87600.0,0.05,20,CE,BFO-OPT,BFO
3959,227105541,887131,SENSEX25DEC87600PE,SENSEX,0.0,2025-12-24,87600.0,0.05,20,PE,BFO-OPT,BFO
3960,226794245,885915,SENSEX25DEC87500PE,SENSEX,0.0,2025-12-24,87500.0,0.05,20,PE,BFO-OPT,BFO
3961,227118085,887180,SENSEX25DEC87500CE,SENSEX,0.0,2025-12-24,87500.0,0.05,20,CE,BFO-OPT,BFO
3962,227041285,886880,SENSEX25DEC87400CE,SENSEX,0.0,2025-12-24,87400.0,0.05,20,CE,BFO-OPT,BFO
3963,227088133,887063,SENSEX25DEC87400PE,SENSEX,0.0,2025-12-24,87400.0,0.05,20,PE,BFO-OPT,BFO
3964,226786309,885884,SENSEX25DEC87300PE,SENSEX,0.0,2025-12-24,87300.0,0.05,20,PE,BFO-OPT,BFO
3965,227094789,887089,SENSEX25DEC87300CE,SENSEX,0.0,2025-12-24,87300.0,0.05,20,CE,BFO-OPT,BFO
3966,226792197,885907,SENSEX25DEC87200CE,SENSEX,0.0,2025-12-24,87200.0,0.05,20,CE,BFO-OPT,BFO
3967,227079685,887030,SENSEX25DEC87200PE,SENSEX,0.0,2025-12-24,87200.0,0.05,20,PE,BFO-OPT,BFO
3968,226780933,885863,SENSEX25DEC87100PE,SENSEX,0.0,2025-12-24,87100.0,0.05,20,PE,BFO-OPT,BFO
3969,227084037,887047,SENSEX25DEC87100CE,SENSEX,0.0,2025-12-24,87100.0,0.05,20,CE,BFO-OPT,BFO
3970,210107397,820732,SENSEX25DEC87000PE,SENSEX,0.0,2025-12-24,87000.0,0.05,20,PE,BFO-OPT,BFO
3971,210251269,821294,SENSEX25DEC87000CE,SENSEX,0.0,2025-12-24,87000.0,0.05,20,CE,BFO-OPT,BFO
3972,226792965,885910,SENSEX25DEC86900PE,SENSEX,0.0,2025-12-24,86900.0,0.05,20,PE,BFO-OPT,BFO
3973,226932997,886457,SENSEX25DEC86900CE,SENSEX,0.0,2025-12-24,86900.0,0.05,20,CE,BFO-OPT,BFO
3974,226797061,885926,SENSEX25DEC86800CE,SENSEX,0.0,2025-12-24,86800.0,0.05,20,CE,BFO-OPT,BFO
3975,226825477,886037,SENSEX25DEC86800PE,SENSEX,0.0,2025-12-24,86800.0,0.05,20,PE,BFO-OPT,BFO
3976,226866693,886198,SENSEX25DEC86700CE,SENSEX,0.0,2025-12-24,86700.0,0.05,20,CE,BFO-OPT,BFO
3977,227039237,886872,SENSEX25DEC86700PE,SENSEX,0.0,2025-12-24,86700.0,0.05,20,PE,BFO-OPT,BFO
3978,226788613,885893,SENSEX25DEC86600CE,SENSEX,0.0,2025-12-24,86600.0,0.05,20,CE,BFO-OPT,BFO
3979,226812421,885986,SENSEX25DEC86600PE,SENSEX,0.0,2025-12-24,86600.0,0.05,20,PE,BFO-OPT,BFO
3980,226815749,885999,SENSEX25DEC86500CE,SENSEX,0.0,2025-12-24,86500.0,0.05,20,CE,BFO-OPT,BFO
3981,227020293,886798,SENSEX25DEC86500PE,SENSEX,0.0,2025-12-24,86500.0,0.05,20,PE,BFO-OPT,BFO
3982,226805253,885958,SENSEX25DEC86400PE,SENSEX,0.0,2025-12-24,86400.0,0.05,20,PE,BFO-OPT,BFO
3983,227030789,886839,SENSEX25DEC86400CE,SENSEX,0.0,2025-12-24,86400.0,0.05,20,CE,BFO-OPT,BFO
3984,226808837,885972,SENSEX25DEC86300CE,SENSEX,0.0,2025-12-24,86300.0,0.05,20,CE,BFO-OPT,BFO
3985,226948613,886518,SENSEX25DEC86300PE,SENSEX,0.0,2025-12-24,86300.0,0.05,20,PE,BFO-OPT,BFO
3986,226992901,886691,SENSEX25DEC86200CE,SENSEX,0.0,2025-12-24,86200.0,0.05,20,CE,BFO-OPT,BFO
3987,227068421,886986,SENSEX25DEC86200PE,SENSEX,0.0,2025-12-24,86200.0,0.05,20,PE,BFO-OPT,BFO
3988,226802437,885947,SENSEX25DEC86100CE,SENSEX,0.0,2025-12-24,86100.0,0.05,20,CE,BFO-OPT,BFO
3989,226877957,886242,SENSEX25DEC86100PE,SENSEX,0.0,2025-12-24,86100.0,0.05,20,PE,BFO-OPT,BFO
3990,292306181,1141821,SENSEX25DEC86000CE,SENSEX,0.0,2025-12-24,86000.0,0.05,20,CE,BFO-OPT,BFO
3991,292322053,1141883,SENSEX25DEC86000PE,SENSEX,0.0,2025-12-24,86000.0,0.05,20,PE,BFO-OPT,BFO
3992,226788101,885891,SENSEX25DEC85900PE,SENSEX,0.0,2025-12-24,85900.0,0.05,20,PE,BFO-OPT,BFO
3993,227099909,887109,SENSEX25DEC85900CE,SENSEX,0.0,2025-12-24,85900.0,0.05,20,CE,BFO-OPT,BFO
3994,227026437,886822,SENSEX25DEC85800CE,SENSEX,0.0,2025-12-24,85800.0,0.05,20,CE,BFO-OPT,BFO
3995,227081733,887038,SENSEX25DEC85800PE,SENSEX,0.0,2025-12-24,85800.0,0.05,20,PE,BFO-OPT,BFO
3996,226782469,885869,SENSEX25DEC85700PE,SENSEX,0.0,2025-12-24,85700.0,0.05,20,PE,BFO-OPT,BFO
3997,227085573,887053,SENSEX25DEC85700CE,SENSEX,0.0,2025-12-24,85700.0,0.05,20,CE,BFO-OPT,BFO
3998,226784517,885877,SENSEX25DEC85600CE,SENSEX,0.0,2025-12-24,85600.0,0.05,20,CE,BFO-OPT,BFO
3999,227064837,886972,SENSEX25DEC85600PE,SENSEX,0.0,2025-12-24,85600.0,0.05,20,PE,BFO-OPT,BFO
4000,227074565,887010,SENSEX25DEC85500CE,SENSEX,0.0,2025-12-24,85500.0,0.05,20,CE,BFO-OPT,BFO
4001,227126789,887214,SENSEX25DEC85500PE,SENSEX,0.0,2025-12-24,85500.0,0.05,20,PE,BFO-OPT,BFO
4002,226779141,885856,SENSEX25DEC85400CE,SENSEX,0.0,2025-12-24,85400.0,0.05,20,CE,BFO-OPT,BFO
4003,226801669,885944,SENSEX25DEC85400PE,SENSEX,0.0,2025-12-24,85400.0,0.05,20,PE,BFO-OPT,BFO
4004,227056133,886938,SENSEX25DEC85300CE,SENSEX,0.0,2025-12-24,85300.0,0.05,20,CE,BFO-OPT,BFO
4005,227104773,887128,SENSEX25DEC85300PE,SENSEX,0.0,2025-12-24,85300.0,0.05,20,PE,BFO-OPT,BFO
4006,226793989,885914,SENSEX25DEC85200PE,SENSEX,0.0,2025-12-24,85200.0,0.05,20,PE,BFO-OPT,BFO
4007,226787845,885890,SENSEX25DEC83600PE,SENSEX,0.0,2025-12-24,83600.0,0.05,20,PE,BFO-OPT,BFO
4008,227099141,887106,SENSEX25DEC83600CE,SENSEX,0.0,2025-12-24,83600.0,0.05,20,CE,BFO-OPT,BFO
4009,227025157,886817,SENSEX25DEC83500CE,SENSEX,0.0,2025-12-24,83500.0,0.05,20,CE,BFO-OPT,BFO
4010,227080709,887034,SENSEX25DEC83500PE,SENSEX,0.0,2025-12-24,83500.0,0.05,20,PE,BFO-OPT,BFO
4011,226782213,885868,SENSEX25DEC83400PE,SENSEX,0.0,2025-12-24,83400.0,0.05,20,PE,BFO-OPT,BFO
4012,227084805,887050,SENSEX25DEC83400CE,SENSEX,0.0,2025-12-24,83400.0,0.05,20,CE,BFO-OPT,BFO
4013,226784261,885876,SENSEX25DEC83300CE,SENSEX,0.0,2025-12-24,83300.0,0.05,20,CE,BFO-OPT,BFO
4014,227063557,886967,SENSEX25DEC83300PE,SENSEX,0.0,2025-12-24,83300.0,0.05,20,PE,BFO-OPT,BFO
4015,227074053,887008,SENSEX25DEC83200CE,SENSEX,0.0,2025-12-24,83200.0,0.05,20,CE,BFO-OPT,BFO
4016,227126533,887213,SENSEX25DEC83200PE,SENSEX,0.0,2025-12-24,83200.0,0.05,20,PE,BFO-OPT,BFO
4017,226778885,885855,SENSEX25DEC83100CE,SENSEX,0.0,2025-12-24,83100.0,0.05,20,CE,BFO-OPT,BFO
4018,226801413,885943,SENSEX25DEC83100PE,SENSEX,0.0,2025-12-24,83100.0,0.05,20,PE,BFO-OPT,BFO
4019,216656389,846314,SENSEX25DEC83000CE,SENSEX,0.0,2025-12-24,83000.0,0.05,20,CE,BFO-OPT,BFO
4020,216677381,846396,SENSEX25DEC83000PE,SENSEX,0.0,2025-12-24,83000.0,0.05,20,PE,BFO-OPT,BFO
4021,226789381,885896,SENSEX25DEC82900CE,SENSEX,0.0,2025-12-24,82900.0,0.05,20,CE,BFO-OPT,BFO
4022,226813189,885989,SENSEX25DEC82900PE,SENSEX,0.0,2025-12-24,82900.0,0.05,20,PE,BFO-OPT,BFO
4023,226816517,886002,SENSEX25DEC82800CE,SENSEX,0.0,2025-12-24,82800.0,0.05,20,CE,BFO-OPT,BFO
4024,227024389,886814,SENSEX25DEC82800PE,SENSEX,0.0,2025-12-24,82800.0,0.05,20,PE,BFO-OPT,BFO
4025,226806533,885963,SENSEX25DEC82700PE,SENSEX,0.0,2025-12-24,82700.0,0.05,20,PE,BFO-OPT,BFO
4026,227032069,886844,SENSEX25DEC82700CE,SENSEX,0.0,2025-12-24,82700.0,0.05,20,CE,BFO-OPT,BFO
4027,226809861,885976,SENSEX25DEC82600CE,SENSEX,0.0,2025-12-24,82600.0,0.05,20,CE,BFO-OPT,BFO
4028,226968581,886596,SENSEX25DEC82600PE,SENSEX,0.0,2025-12-24,82600.0,0.05,20,PE,BFO-OPT,BFO
4029,226799877,885937,SENSEX25DEC82500PE,SENSEX,0.0,2025-12-24,82500.0,0.05,20,PE,BFO-OPT,BFO
4030,227002629,886729,SENSEX25DEC82500CE,SENSEX,0.0,2025-12-24,82500.0,0.05,20,CE,BFO-OPT,BFO
4031,226803461,885951,SENSEX25DEC82400CE,SENSEX,0.0,2025-12-24,82400.0,0.05,20,CE,BFO-OPT,BFO
4032,226897925,886320,SENSEX25DEC82400PE,SENSEX,0.0,2025-12-24,82400.0,0.05,20,PE,BFO-OPT,BFO
4033,226927877,886437,SENSEX25DEC82300CE,SENSEX,0.0,2025-12-24,82300.0,0.05,20,CE,BFO-OPT,BFO
4034,227052293,886923,SENSEX25DEC82300PE,SENSEX,0.0,2025-12-24,82300.0,0.05,20,PE,BFO-OPT,BFO
4035,226796549,885924,SENSEX25DEC82200CE,SENSEX,0.0,2025-12-24,82200.0,0.05,20,CE,BFO-OPT,BFO
4036,226818309,886009,SENSEX25DEC82200PE,SENSEX,0.0,2025-12-24,82200.0,0.05,20,PE,BFO-OPT,BFO
4037,226863109,886184,SENSEX25DEC82100CE,SENSEX,0.0,2025-12-24,82100.0,0.05,20,CE,BFO-OPT,BFO
4038,227037701,886866,SENSEX25DEC82100PE,SENSEX,0.0,2025-12-24,82100.0,0.05,20,PE,BFO-OPT,BFO
4039,215806213,842993,SENSEX25DEC82000PE,SENSEX,0.0,2025-12-24,82000.0,0.05,20,PE,BFO-OPT,BFO
4040,215843077,843137,SENSEX25DEC82000CE,SENSEX,0.0,2025-12-24,82000.0,0.05,20,CE,BFO-OPT,BFO
4041,226784773,885878,SENSEX25DEC81900CE,SENSEX,0.0,2025-12-24,81900.0,0.05,20,CE,BFO-OPT,BFO
4042,227066629,886979,SENSEX25DEC81900PE,SENSEX,0.0,2025-12-24,81900.0,0.05,20,PE,BFO-OPT,BFO
4043,227076101,887016,SENSEX25DEC81800CE,SENSEX,0.0,2025-12-24,81800.0,0.05,20,CE,BFO-OPT,BFO
4044,227130117,887227,SENSEX25DEC81800PE,SENSEX,0.0,2025-12-24,81800.0,0.05,20,PE,BFO-OPT,BFO
4045,226779653,885858,SENSEX25DEC81700CE,SENSEX,0.0,2025-12-24,81700.0,0.05,20,CE,BFO-OPT,BFO
4046,226802181,885946,SENSEX25DEC81700PE,SENSEX,0.0,2025-12-24,81700.0,0.05,20,PE,BFO-OPT,BFO
4047,227057413,886943,SENSEX25DEC81600CE,SENSEX,0.0,2025-12-24,81600.0,0.05,20,CE,BFO-OPT,BFO
4048,227110149,887149,SENSEX25DEC81600PE,SENSEX,0.0,2025-12-24,81600.0,0.05,20,PE,BFO-OPT,BFO
4049,226795269,885919,SENSEX25DEC81500PE,SENSEX,0.0,2025-12-24,81500.0,0.05,20,PE,BFO-OPT,BFO
4050,227119877,887187,SENSEX25DEC81500CE,SENSEX,0.0,2025-12-24,81500.0,0.05,20,CE,BFO-OPT,BFO
4051,227042565,886885,SENSEX25DEC81400CE,SENSEX,0.0,2025-12-24,81400.0,0.05,20,CE,BFO-OPT,BFO
4052,227089413,887068,SENSEX25DEC81400PE,SENSEX,0.0,2025-12-24,81400.0,0.05,20,PE,BFO-OPT,BFO
4053,226787589,885889,SENSEX25DEC81300PE,SENSEX,0.0,2025-12-24,81300.0,0.05,20,PE,BFO-OPT,BFO
4054,227096837,887097,SENSEX25DEC81300CE,SENSEX,0.0,2025-12-24,81300.0,0.05,20,CE,BFO-OPT,BFO
4055,226792709,885909,SENSEX25DEC81200CE,SENSEX,0.0,2025-12-24,81200.0,0.05,20,CE,BFO-OPT,BFO
4056,227079941,887031,SENSEX25DEC81200PE,SENSEX,0.0,2025-12-24,81200.0,0.05,20,PE,BFO-OPT,BFO
4057,226781957,885867,SENSEX25DEC81100PE,SENSEX,0.0,2025-12-24,81100.0,0.05,20,PE,BFO-OPT,BFO
4058,227084549,887049,SENSEX25DEC81100CE,SENSEX,0.0,2025-12-24,81100.0,0.05,20,CE,BFO-OPT,BFO
4059,215777541,842881,SENSEX25DEC81000CE,SENSEX,0.0,2025-12-24,81000.0,0.05,20,CE,BFO-OPT,BFO
4060,215801093,842973,SENSEX25DEC81000PE,SENSEX,0.0,2025-12-24,81000.0,0.05,20,PE,BFO-OPT,BFO
4061,226937605,886475,SENSEX25DEC80900CE,SENSEX,0.0,2025-12-24,80900.0,0.05,20,CE,BFO-OPT,BFO
4062,227055877,886937,SENSEX25DEC80900PE,SENSEX,0.0,2025-12-24,80900.0,0.05,20,PE,BFO-OPT,BFO
4063,226797317,885927,SENSEX25DEC80800CE,SENSEX,0.0,2025-12-24,80800.0,0.05,20,CE,BFO-OPT,BFO
4064,226826245,886040,SENSEX25DEC80800PE,SENSEX,0.0,2025-12-24,80800.0,0.05,20,PE,BFO-OPT,BFO
4065,226868229,886204,SENSEX25DEC80700CE,SENSEX,0.0,2025-12-24,80700.0,0.05,20,CE,BFO-OPT,BFO
4066,227040773,886878,SENSEX25DEC80700PE,SENSEX,0.0,2025-12-24,80700.0,0.05,20,PE,BFO-OPT,BFO
4067,226789125,885895,SENSEX25DEC80600CE,SENSEX,0.0,2025-12-24,80600.0,0.05,20,CE,BFO-OPT,BFO
4068,226812933,885988,SENSEX25DEC80600PE,SENSEX,0.0,2025-12-24,80600.0,0.05,20,PE,BFO-OPT,BFO
4069,226816261,886001,SENSEX25DEC80500CE,SENSEX,0.0,2025-12-24,80500.0,0.05,20,CE,BFO-OPT,BFO
4070,227023365,886810,SENSEX25DEC80500PE,SENSEX,0.0,2025-12-24,80500.0,0.05,20,PE,BFO-OPT,BFO
4071,226806277,885962,SENSEX25DEC80400PE,SENSEX,0.0,2025-12-24,80400.0,0.05,20,PE,BFO-OPT,BFO
4072,227031045,886840,SENSEX25DEC80400CE,SENSEX,0.0,2025-12-24,80400.0,0.05,20,CE,BFO-OPT,BFO
4073,226809605,885975,SENSEX25DEC80300CE,SENSEX,0.0,2025-12-24,80300.0,0.05,20,CE,BFO-OPT,BFO
4074,226961669,886569,SENSEX25DEC80300PE,SENSEX,0.0,2025-12-24,80300.0,0.05,20,PE,BFO-OPT,BFO
4075,227002117,886727,SENSEX25DEC80200CE,SENSEX,0.0,2025-12-24,80200.0,0.05,20,CE,BFO-OPT,BFO
4076,227070981,886996,SENSEX25DEC80200PE,SENSEX,0.0,2025-12-24,80200.0,0.05,20,PE,BFO-OPT,BFO
4077,226803205,885950,SENSEX25DEC80100CE,SENSEX,0.0,2025-12-24,80100.0,0.05,20,CE,BFO-OPT,BFO
4078,226896133,886313,SENSEX25DEC80100PE,SENSEX,0.0,2025-12-24,80100.0,0.05,20,PE,BFO-OPT,BFO
4079,225421573,880553,SENSEX25DEC80000CE,SENSEX,0.0,2025-12-24,80000.0,0.05,20,CE,BFO-OPT,BFO
4080,225439237,880622,SENSEX25DEC80000PE,SENSEX,0.0,2025-12-24,80000.0,0.05,20,PE,BFO-OPT,BFO
4081,227051525,886920,SENSEX25DEC79900CE,SENSEX,0.0,2025-12-24,79900.0,0.05,20,CE,BFO-OPT,BFO
4082,227104005,887125,SENSEX25DEC79900PE,SENSEX,0.0,2025-12-24,79900.0,0.05,20,PE,BFO-OPT,BFO
4083,226818053,886008,SENSEX25DEC79800CE,SENSEX,0.0,2025-12-24,79800.0,0.05,20,CE,BFO-OPT,BFO
4084,227029765,886835,SENSEX25DEC79800PE,SENSEX,0.0,2025-12-24,79800.0,0.05,20,PE,BFO-OPT,BFO
4085,227037445,886865,SENSEX25DEC79700CE,SENSEX,0.0,2025-12-24,79700.0,0.05,20,CE,BFO-OPT,BFO
4086,227087365,887060,SENSEX25DEC79700PE,SENSEX,0.0,2025-12-24,79700.0,0.05,20,PE,BFO-OPT,BFO
4087,226978565,886635,SENSEX25DEC79600PE,SENSEX,0.0,2025-12-24,79600.0,0.05,20,PE,BFO-OPT,BFO
4088,227092229,887079,SENSEX25DEC79600CE,SENSEX,0.0,2025-12-24,79600.0,0.05,20,CE,BFO-OPT,BFO
4089,227014661,886776,SENSEX25DEC79500CE,SENSEX,0.0,2025-12-24,79500.0,0.05,20,CE,BFO-OPT,BFO
4090,227077125,887020,SENSEX25DEC79500PE,SENSEX,0.0,2025-12-24,79500.0,0.05,20,PE,BFO-OPT,BFO
4091,226780165,885860,SENSEX25DEC79400PE,SENSEX,0.0,2025-12-24,79400.0,0.05,20,PE,BFO-OPT,BFO
4092,227082245,887040,SENSEX25DEC79400CE,SENSEX,0.0,2025-12-24,79400.0,0.05,20,CE,BFO-OPT,BFO
4093,226946053,886508,SENSEX25DEC79300CE,SENSEX,0.0,2025-12-24,79300.0,0.05,20,CE,BFO-OPT,BFO
4094,227059461,886951,SENSEX25DEC79300PE,SENSEX,0.0,2025-12-24,79300.0,0.05,20,PE,BFO-OPT,BFO
4095,227067909,886984,SENSEX25DEC79200CE,SENSEX,0.0,2025-12-24,79200.0,0.05,20,CE,BFO-OPT,BFO
4096,227121413,887193,SENSEX25DEC79200PE,SENSEX,0.0,2025-12-24,79200.0,0.05,20,PE,BFO-OPT,BFO
4097,226777349,885849,SENSEX25DEC79100CE,SENSEX,0.0,2025-12-24,79100.0,0.05,20,CE,BFO-OPT,BFO
4098,227043845,886890,SENSEX25DEC79100PE,SENSEX,0.0,2025-12-24,79100.0,0.05,20,PE,BFO-OPT,BFO
4099,221896453,866783,SENSEX25DEC79000CE,SENSEX,0.0,2025-12-24,79000.0,0.05,20,CE,BFO-OPT,BFO
4100,221979653,867108,SENSEX25DEC79000PE,SENSEX,0.0,2025-12-24,79000.0,0.05,20,PE,BFO-OPT,BFO
4101,226787077,885887,SENSEX25DEC78900CE,SENSEX,0.0,2025-12-24,78900.0,0.05,20,CE,BFO-OPT,BFO
4102,226811397,885982,SENSEX25DEC78900PE,SENSEX,0.0,2025-12-24,78900.0,0.05,20,PE,BFO-OPT,BFO
4103,226778117,885852,SENSEX25DEC78800PE,SENSEX,0.0,2025-12-24,78800.0,0.05,20,PE,BFO-OPT,BFO
4104,226814469,885994,SENSEX25DEC78800CE,SENSEX,0.0,2025-12-24,78800.0,0.05,20,CE,BFO-OPT,BFO
4105,226781701,885866,SENSEX25DEC78700CE,SENSEX,0.0,2025-12-24,78700.0,0.05,20,CE,BFO-OPT,BFO
4106,226804485,885955,SENSEX25DEC78700PE,SENSEX,0.0,2025-12-24,78700.0,0.05,20,PE,BFO-OPT,BFO
4107,226807557,885967,SENSEX25DEC78600CE,SENSEX,0.0,2025-12-24,78600.0,0.05,20,CE,BFO-OPT,BFO
4108,226944517,886502,SENSEX25DEC78600PE,SENSEX,0.0,2025-12-24,78600.0,0.05,20,PE,BFO-OPT,BFO
4109,226798597,885932,SENSEX25DEC78500PE,SENSEX,0.0,2025-12-24,78500.0,0.05,20,PE,BFO-OPT,BFO
4110,227125253,887208,SENSEX25DEC78500CE,SENSEX,0.0,2025-12-24,78500.0,0.05,20,CE,BFO-OPT,BFO
4111,226801157,885942,SENSEX25DEC78400CE,SENSEX,0.0,2025-12-24,78400.0,0.05,20,CE,BFO-OPT,BFO
4112,226873605,886225,SENSEX25DEC78400PE,SENSEX,0.0,2025-12-24,78400.0,0.05,20,PE,BFO-OPT,BFO
4113,226791173,885903,SENSEX25DEC78300PE,SENSEX,0.0,2025-12-24,78300.0,0.05,20,PE,BFO-OPT,BFO
4114,226903557,886342,SENSEX25DEC78300CE,SENSEX,0.0,2025-12-24,78300.0,0.05,20,CE,BFO-OPT,BFO
4115,226793733,885913,SENSEX25DEC78200CE,SENSEX,0.0,2025-12-24,78200.0,0.05,20,CE,BFO-OPT,BFO
4116,226816773,886003,SENSEX25DEC78200PE,SENSEX,0.0,2025-12-24,78200.0,0.05,20,PE,BFO-OPT,BFO
4117,226827013,886043,SENSEX25DEC78100CE,SENSEX,0.0,2025-12-24,78100.0,0.05,20,CE,BFO-OPT,BFO
4118,227033349,886849,SENSEX25DEC78100PE,SENSEX,0.0,2025-12-24,78100.0,0.05,20,PE,BFO-OPT,BFO
4119,296809477,1159412,SENSEX25DEC78000CE,SENSEX,0.0,2025-12-24,78000.0,0.05,20,CE,BFO-OPT,BFO
4120,296823813,1159468,SENSEX25DEC78000PE,SENSEX,0.0,2025-12-24,78000.0,0.05,20,PE,BFO-OPT,BFO
4121,226955525,886545,SENSEX25DEC77900CE,SENSEX,0.0,2025-12-24,77900.0,0.05,20,CE,BFO-OPT,BFO
4122,227062533,886963,SENSEX25DEC77900PE,SENSEX,0.0,2025-12-24,77900.0,0.05,20,PE,BFO-OPT,BFO
4123,227070469,886994,SENSEX25DEC77800CE,SENSEX,0.0,2025-12-24,77800.0,0.05,20,CE,BFO-OPT,BFO
4124,227122949,887199,SENSEX25DEC77800PE,SENSEX,0.0,2025-12-24,77800.0,0.05,20,PE,BFO-OPT,BFO
4125,226891525,886295,SENSEX25DEC77700CE,SENSEX,0.0,2025-12-24,77700.0,0.05,20,CE,BFO-OPT,BFO
4126,227045637,886897,SENSEX25DEC77700PE,SENSEX,0.0,2025-12-24,77700.0,0.05,20,PE,BFO-OPT,BFO
4127,227050245,886915,SENSEX25DEC77600CE,SENSEX,0.0,2025-12-24,77600.0,0.05,20,CE,BFO-OPT,BFO
4128,227101957,887117,SENSEX25DEC77600PE,SENSEX,0.0,2025-12-24,77600.0,0.05,20,PE,BFO-OPT,BFO
4129,227028741,886831,SENSEX25DEC77500PE,SENSEX,0.0,2025-12-24,77500.0,0.05,20,PE,BFO-OPT,BFO
4130,227117061,887176,SENSEX25DEC77500CE,SENSEX,0.0,2025-12-24,77500.0,0.05,20,CE,BFO-OPT,BFO
4131,227036421,886861,SENSEX25DEC77400CE,SENSEX,0.0,2025-12-24,77400.0,0.05,20,CE,BFO-OPT,BFO
4132,227086853,887058,SENSEX25DEC77400PE,SENSEX,0.0,2025-12-24,77400.0,0.05,20,PE,BFO-OPT,BFO
4133,226785285,885880,SENSEX25DEC77300PE,SENSEX,0.0,2025-12-24,77300.0,0.05,20,PE,BFO-OPT,BFO
4134,227091973,887078,SENSEX25DEC77300CE,SENSEX,0.0,2025-12-24,77300.0,0.05,20,CE,BFO-OPT,BFO
4135,227012869,886769,SENSEX25DEC77200CE,SENSEX,0.0,2025-12-24,77200.0,0.05,20,CE,BFO-OPT,BFO
4136,227076613,887018,SENSEX25DEC77200PE,SENSEX,0.0,2025-12-24,77200.0,0.05,20,PE,BFO-OPT,BFO
4137,226779909,885859,SENSEX25DEC77100PE,SENSEX,0.0,2025-12-24,77100.0,0.05,20,PE,BFO-OPT,BFO
4138,227081989,887039,SENSEX25DEC77100CE,SENSEX,0.0,2025-12-24,77100.0,0.05,20,CE,BFO-OPT,BFO
4139,285132037,1113797,SENSEX25DEC77000CE,SENSEX,0.0,2025-12-24,77000.0,0.05,20,CE,BFO-OPT,BFO
4140,285229829,1114179,SENSEX25DEC77000PE,SENSEX,0.0,2025-12-24,77000.0,0.05,20,PE,BFO-OPT,BFO
4141,226791941,885906,SENSEX25DEC76900PE,SENSEX,0.0,2025-12-24,76900.0,0.05,20,PE,BFO-OPT,BFO
4142,227108613,887143,SENSEX25DEC76900CE,SENSEX,0.0,2025-12-24,76900.0,0.05,20,CE,BFO-OPT,BFO
4143,226795013,885918,SENSEX25DEC76800CE,SENSEX,0.0,2025-12-24,76800.0,0.05,20,CE,BFO-OPT,BFO
4144,226817541,886006,SENSEX25DEC76800PE,SENSEX,0.0,2025-12-24,76800.0,0.05,20,PE,BFO-OPT,BFO
4145,226783749,885874,SENSEX25DEC76700PE,SENSEX,0.0,2025-12-24,76700.0,0.05,20,PE,BFO-OPT,BFO
4146,226858757,886167,SENSEX25DEC76700CE,SENSEX,0.0,2025-12-24,76700.0,0.05,20,CE,BFO-OPT,BFO
4147,226786821,885886,SENSEX25DEC76600CE,SENSEX,0.0,2025-12-24,76600.0,0.05,20,CE,BFO-OPT,BFO
4148,226811141,885981,SENSEX25DEC76600PE,SENSEX,0.0,2025-12-24,76600.0,0.05,20,PE,BFO-OPT,BFO
4149,226813957,885992,SENSEX25DEC76500CE,SENSEX,0.0,2025-12-24,76500.0,0.05,20,CE,BFO-OPT,BFO
4150,227008005,886750,SENSEX25DEC76500PE,SENSEX,0.0,2025-12-24,76500.0,0.05,20,PE,BFO-OPT,BFO
4151,226781445,885865,SENSEX25DEC76400CE,SENSEX,0.0,2025-12-24,76400.0,0.05,20,CE,BFO-OPT,BFO
4152,226804229,885954,SENSEX25DEC76400PE,SENSEX,0.0,2025-12-24,76400.0,0.05,20,PE,BFO-OPT,BFO
4153,226807301,885966,SENSEX25DEC76300CE,SENSEX,0.0,2025-12-24,76300.0,0.05,20,CE,BFO-OPT,BFO
4154,226939653,886483,SENSEX25DEC76300PE,SENSEX,0.0,2025-12-24,76300.0,0.05,20,PE,BFO-OPT,BFO
4155,226798341,885931,SENSEX25DEC76200PE,SENSEX,0.0,2025-12-24,76200.0,0.05,20,PE,BFO-OPT,BFO
4156,226977029,886629,SENSEX25DEC76200CE,SENSEX,0.0,2025-12-24,76200.0,0.05,20,CE,BFO-OPT,BFO
4157,226800901,885941,SENSEX25DEC76100CE,SENSEX,0.0,2025-12-24,76100.0,0.05,20,CE,BFO-OPT,BFO
4158,226872325,886220,SENSEX25DEC76100PE,SENSEX,0.0,2025-12-24,76100.0,0.05,20,PE,BFO-OPT,BFO
4159,220153605,859975,SENSEX25DEC76000CE,SENSEX,0.0,2025-12-24,76000.0,0.05,20,CE,BFO-OPT,BFO
4160,220183557,860092,SENSEX25DEC76000PE,SENSEX,0.0,2025-12-24,76000.0,0.05,20,PE,BFO-OPT,BFO
4161,226988037,886672,SENSEX25DEC75900PE,SENSEX,0.0,2025-12-24,75900.0,0.05,20,PE,BFO-OPT,BFO
4162,227092485,887080,SENSEX25DEC75900CE,SENSEX,0.0,2025-12-24,75900.0,0.05,20,CE,BFO-OPT,BFO
4163,227022853,886808,SENSEX25DEC75800CE,SENSEX,0.0,2025-12-24,75800.0,0.05,20,CE,BFO-OPT,BFO
4164,227079173,887028,SENSEX25DEC75800PE,SENSEX,0.0,2025-12-24,75800.0,0.05,20,PE,BFO-OPT,BFO
4165,226780421,885861,SENSEX25DEC75700PE,SENSEX,0.0,2025-12-24,75700.0,0.05,20,PE,BFO-OPT,BFO
4166,227083525,887045,SENSEX25DEC75700CE,SENSEX,0.0,2025-12-24,75700.0,0.05,20,CE,BFO-OPT,BFO
4167,226953477,886537,SENSEX25DEC75600CE,SENSEX,0.0,2025-12-24,75600.0,0.05,20,CE,BFO-OPT,BFO
4168,227062277,886962,SENSEX25DEC75600PE,SENSEX,0.0,2025-12-24,75600.0,0.05,20,PE,BFO-OPT,BFO
4169,227070213,886993,SENSEX25DEC75500CE,SENSEX,0.0,2025-12-24,75500.0,0.05,20,CE,BFO-OPT,BFO
4170,227121925,887195,SENSEX25DEC75500PE,SENSEX,0.0,2025-12-24,75500.0,0.05,20,PE,BFO-OPT,BFO
4171,226777861,885851,SENSEX25DEC75400CE,SENSEX,0.0,2025-12-24,75400.0,0.05,20,CE,BFO-OPT,BFO
4172,227045125,886895,SENSEX25DEC75400PE,SENSEX,0.0,2025-12-24,75400.0,0.05,20,PE,BFO-OPT,BFO
4173,227048453,886908,SENSEX25DEC75300CE,SENSEX,0.0,2025-12-24,75300.0,0.05,20,CE,BFO-OPT,BFO
4174,227101189,887114,SENSEX25DEC75300PE,SENSEX,0.0,2025-12-24,75300.0,0.05,20,PE,BFO-OPT,BFO
4175,226793477,885912,SENSEX25DEC75200PE,SENSEX,0.0,2025-12-24,75200.0,0.05,20,PE,BFO-OPT,BFO
4176,227115269,887169,SENSEX25DEC75200CE,SENSEX,0.0,2025-12-24,75200.0,0.05,20,CE,BFO-OPT,BFO
4177,227035141,886856,SENSEX25DEC75100CE,SENSEX,0.0,2025-12-24,75100.0,0.05,20,CE,BFO-OPT,BFO
4178,227086085,887055,SENSEX25DEC75100PE,SENSEX,0.0,2025-12-24,75100.0,0.05,20,PE,BFO-OPT,BFO
4179,221182469,863994,SENSEX25DEC75000PE,SENSEX,0.0,2025-12-24,75000.0,0.05,20,PE,BFO-OPT,BFO
4180,221294085,864430,SENSEX25DEC75000CE,SENSEX,0.0,2025-12-24,75000.0,0.05,20,CE,BFO-OPT,BFO
4181,226808581,885971,SENSEX25DEC74900CE,SENSEX,0.0,2025-12-24,74900.0,0.05,20,CE,BFO-OPT,BFO
4182,226945797,886507,SENSEX25DEC74900PE,SENSEX,0.0,2025-12-24,74900.0,0.05,20,PE,BFO-OPT,BFO
4183,226799109,885934,SENSEX25DEC74800PE,SENSEX,0.0,2025-12-24,74800.0,0.05,20,PE,BFO-OPT,BFO
4184,227128069,887219,SENSEX25DEC74800CE,SENSEX,0.0,2025-12-24,74800.0,0.05,20,CE,BFO-OPT,BFO
4185,226801925,885945,SENSEX25DEC74700CE,SENSEX,0.0,2025-12-24,74700.0,0.05,20,CE,BFO-OPT,BFO
4186,226876677,886237,SENSEX25DEC74700PE,SENSEX,0.0,2025-12-24,74700.0,0.05,20,PE,BFO-OPT,BFO
4187,226791685,885905,SENSEX25DEC74600PE,SENSEX,0.0,2025-12-24,74600.0,0.05,20,PE,BFO-OPT,BFO
4188,226911493,886373,SENSEX25DEC74600CE,SENSEX,0.0,2025-12-24,74600.0,0.05,20,CE,BFO-OPT,BFO
4189,226794757,885917,SENSEX25DEC74500CE,SENSEX,0.0,2025-12-24,74500.0,0.05,20,CE,BFO-OPT,BFO
4190,226817029,886004,SENSEX25DEC74500PE,SENSEX,0.0,2025-12-24,74500.0,0.05,20,PE,BFO-OPT,BFO
4191,226857221,886161,SENSEX25DEC74400CE,SENSEX,0.0,2025-12-24,74400.0,0.05,20,CE,BFO-OPT,BFO
4192,227034117,886852,SENSEX25DEC74400PE,SENSEX,0.0,2025-12-24,74400.0,0.05,20,PE,BFO-OPT,BFO
4193,226786565,885885,SENSEX25DEC74300CE,SENSEX,0.0,2025-12-24,74300.0,0.05,20,CE,BFO-OPT,BFO
4194,226810885,885980,SENSEX25DEC74300PE,SENSEX,0.0,2025-12-24,74300.0,0.05,20,PE,BFO-OPT,BFO
4195,281972741,1101456,SENSEX25DEC74200CE,SENSEX,0.0,2025-12-24,74200.0,0.05,20,CE,BFO-OPT,BFO
4196,281989125,1101520,SENSEX25DEC74200PE,SENSEX,0.0,2025-12-24,74200.0,0.05,20,PE,BFO-OPT,BFO
4197,282153477,1102162,SENSEX25DEC74100CE,SENSEX,0.0,2025-12-24,74100.0,0.05,20,CE,BFO-OPT,BFO
4198,282925317,1105177,SENSEX25DEC74100PE,SENSEX,0.0,2025-12-24,74100.0,0.05,20,PE,BFO-OPT,BFO
4199,283014405,1105525,SENSEX25DEC74000CE,SENSEX,0.0,2025-12-24,74000.0,0.05,20,CE,BFO-OPT,BFO
4200,284414981,1110996,SENSEX25DEC74000PE,SENSEX,0.0,2025-12-24,74000.0,0.05,20,PE,BFO-OPT,BFO
4201,285015301,1113341,SENSEX25DEC73900CE,SENSEX,0.0,2025-12-24,73900.0,0.05,20,CE,BFO-OPT,BFO
4202,285609733,1115663,SENSEX25DEC73900PE,SENSEX,0.0,2025-12-24,73900.0,0.05,20,PE,BFO-OPT,BFO
4203,284687877,1112062,SENSEX25DEC73800PE,SENSEX,0.0,2025-12-24,73800.0,0.05,20,PE,BFO-OPT,BFO
4204,285690373,1115978,SENSEX25DEC73800CE,SENSEX,0.0,2025-12-24,73800.0,0.05,20,CE,BFO-OPT,BFO
4205,284797445,1112490,SENSEX25DEC73700CE,SENSEX,0.0,2025-12-24,73700.0,0.05,20,CE,BFO-OPT,BFO
4206,285453061,1115051,SENSEX25DEC73700PE,SENSEX,0.0,2025-12-24,73700.0,0.05,20,PE,BFO-OPT,BFO
4207,286029573,1117303,SENSEX25DEC73600PE,SENSEX,0.0,2025-12-24,73600.0,0.05,20,PE,BFO-OPT,BFO
4208,286153989,1117789,SENSEX25DEC73600CE,SENSEX,0.0,2025-12-24,73600.0,0.05,20,CE,BFO-OPT,BFO
4209,286063877,1117437,SENSEX25DEC73500PE,SENSEX,0.0,2025-12-24,73500.0,0.05,20,PE,BFO-OPT,BFO
4210,286188805,1117925,SENSEX25DEC73500CE,SENSEX,0.0,2025-12-24,73500.0,0.05,20,CE,BFO-OPT,BFO
4211,286104325,1117595,SENSEX25DEC73400CE,SENSEX,0.0,2025-12-24,73400.0,0.05,20,CE,BFO-OPT,BFO
4212,286244613,1118143,SENSEX25DEC73400PE,SENSEX,0.0,2025-12-24,73400.0,0.05,20,PE,BFO-OPT,BFO
4213,286009349,1117224,SENSEX25DEC73300PE,SENSEX,0.0,2025-12-24,73300.0,0.05,20,PE,BFO-OPT,BFO
4214,286020101,1117266,SENSEX25DEC73300CE,SENSEX,0.0,2025-12-24,73300.0,0.05,20,CE,BFO-OPT,BFO
4215,286053637,1117397,SENSEX25DEC73200CE,SENSEX,0.0,2025-12-24,73200.0,0.05,20,CE,BFO-OPT,BFO
4216,286183941,1117906,SENSEX25DEC73200PE,SENSEX,0.0,2025-12-24,73200.0,0.05,20,PE,BFO-OPT,BFO
4217,286217733,1118038,SENSEX25DEC73100PE,SENSEX,0.0,2025-12-24,73100.0,0.05,20,PE,BFO-OPT,BFO
4218,286231045,1118090,SENSEX25DEC73100CE,SENSEX,0.0,2025-12-24,73100.0,0.05,20,CE,BFO-OPT,BFO
4219,285999109,1117184,SENSEX25DEC73000CE,SENSEX,0.0,2025-12-24,73000.0,0.05,20,CE,BFO-OPT,BFO
4220,286132997,1117707,SENSEX25DEC73000PE,SENSEX,0.0,2025-12-24,73000.0,0.05,20,PE,BFO-OPT,BFO
4221,286097669,1117569,SENSEX25DEC72900PE,SENSEX,0.0,2025-12-24,72900.0,0.05,20,PE,BFO-OPT,BFO
4222,286228997,1118082,SENSEX25DEC72900CE,SENSEX,0.0,2025-12-24,72900.0,0.05,20,CE,BFO-OPT,BFO
4223,286673157,1119817,SENSEX25DEC72800PE,SENSEX,0.0,2025-12-24,72800.0,0.05,20,PE,BFO-OPT,BFO
4224,287604997,1123457,SENSEX25DEC72800CE,SENSEX,0.0,2025-12-24,72800.0,0.05,20,CE,BFO-OPT,BFO
4225,210038277,820462,SENSEX26MAR87000CE,SENSEX,0.0,2026-03-26,87000.0,0.05,20,CE,BFO-OPT,BFO
4226,210317829,821554,SENSEX26MAR87000PE,SENSEX,0.0,2026-03-26,87000.0,0.05,20,PE,BFO-OPT,BFO
4227,215878661,843276,SENSEX26MAR88000CE,SENSEX,0.0,2026-03-26,88000.0,0.05,20,CE,BFO-OPT,BFO
4228,215997957,843742,SENSEX26MAR88000PE,SENSEX,0.0,2026-03-26,88000.0,0.05,20,PE,BFO-OPT,BFO
4229,216061445,843990,SENSEX26MAR89000CE,SENSEX,0.0,2026-03-26,89000.0,0.05,20,CE,BFO-OPT,BFO
4230,216099333,844138,SENSEX26MAR89000PE,SENSEX,0.0,2026-03-26,89000.0,0.05,20,PE,BFO-OPT,BFO
4231,220115461,859826,SENSEX26MAR76000PE,SENSEX,0.0,2026-03-26,76000.0,0.05,20,PE,BFO-OPT,BFO
4232,220218885,860230,SENSEX26MAR76000CE,SENSEX,0.0,2026-03-26,76000.0,0.05,20,CE,BFO-OPT,BFO
4233,221222149,864149,SENSEX26MAR75000CE,SENSEX,0.0,2026-03-26,75000.0,0.05,20,CE,BFO-OPT,BFO
4234,221252101,864266,SENSEX26MAR75000PE,SENSEX,0.0,2026-03-26,75000.0,0.05,20,PE,BFO-OPT,BFO
4235,281801989,1100789,SENSEX26MAR79000PE,SENSEX,0.0,2026-03-26,79000.0,0.05,20,PE,BFO-OPT,BFO
4236,281804293,1100798,SENSEX26MAR83000PE,SENSEX,0.0,2026-03-26,83000.0,0.05,20,PE,BFO-OPT,BFO
4237,281825797,1100882,SENSEX26MAR77000CE,SENSEX,0.0,2026-03-26,77000.0,0.05,20,CE,BFO-OPT,BFO
4238,281828357,1100892,SENSEX26MAR81000CE,SENSEX,0.0,2026-03-26,81000.0,0.05,20,CE,BFO-OPT,BFO
4239,281832453,1100908,SENSEX26MAR78000CE,SENSEX,0.0,2026-03-26,78000.0,0.05,20,CE,BFO-OPT,BFO
4240,281861893,1101023,SENSEX26MAR81000PE,SENSEX,0.0,2026-03-26,81000.0,0.05,20,PE,BFO-OPT,BFO
4241,281865221,1101036,SENSEX26MAR78000PE,SENSEX,0.0,2026-03-26,78000.0,0.05,20,PE,BFO-OPT,BFO
4242,281868037,1101047,SENSEX26MAR82000PE,SENSEX,0.0,2026-03-26,82000.0,0.05,20,PE,BFO-OPT,BFO
4243,281891333,1101138,SENSEX26MAR80000CE,SENSEX,0.0,2026-03-26,80000.0,0.05,20,CE,BFO-OPT,BFO
4244,281916933,1101238,SENSEX26MAR82000CE,SENSEX,0.0,2026-03-26,82000.0,0.05,20,CE,BFO-OPT,BFO
4245,281920005,1101250,SENSEX26MAR79000CE,SENSEX,0.0,2026-03-26,79000.0,0.05,20,CE,BFO-OPT,BFO
4246,281922053,1101258,SENSEX26MAR80000PE,SENSEX,0.0,2026-03-26,80000.0,0.05,20,PE,BFO-OPT,BFO
4247,281923077,1101262,SENSEX26MAR83000CE,SENSEX,0.0,2026-03-26,83000.0,0.05,20,CE,BFO-OPT,BFO
4248,281925637,1101272,SENSEX26MAR77000PE,SENSEX,0.0,2026-03-26,77000.0,0.05,20,PE,BFO-OPT,BFO
4249,288679685,1127655,SENSEX26MAR84000CE,SENSEX,0.0,2026-03-26,84000.0,0.05,20,CE,BFO-OPT,BFO
4250,288762373,1127978,SENSEX26MAR84000PE,SENSEX,0.0,2026-03-26,84000.0,0.05,20,PE,BFO-OPT,BFO
4251,290853637,1136147,SENSEX26MAR85000CE,SENSEX,0.0,2026-03-26,85000.0,0.05,20,CE,BFO-OPT,BFO
4252,290946309,1136509,SENSEX26MAR85000PE,SENSEX,0.0,2026-03-26,85000.0,0.05,20,PE,BFO-OPT,BFO
4253,292337413,1141943,SENSEX26MAR86000CE,SENSEX,0.0,2026-03-26,86000.0,0.05,20,CE,BFO-OPT,BFO
4254,292350213,1141993,SENSEX26MAR86000PE,SENSEX,0.0,2026-03-26,86000.0,0.05,20,PE,BFO-OPT,BFO
4255,209985029,820254,SENSEX26JUN87000PE,SENSEX,0.0,2026-06-25,87000.0,0.05,20,PE,BFO-OPT,BFO
4256,210322181,821571,SENSEX26JUN87000CE,SENSEX,0.0,2026-06-25,87000.0,0.05,20,CE,BFO-OPT,BFO
4257,215772165,842860,SENSEX26JUN82000PE,SENSEX,0.0,2026-06-25,82000.0,0.05,20,PE,BFO-OPT,BFO
4258,215794949,842949,SENSEX26JUN81000CE,SENSEX,0.0,2026-06-25,81000.0,0.05,20,CE,BFO-OPT,BFO
4259,215818245,843040,SENSEX26JUN81000PE,SENSEX,0.0,2026-06-25,81000.0,0.05,20,PE,BFO-OPT,BFO
4260,215854597,843182,SENSEX26JUN88000PE,SENSEX,0.0,2026-06-25,88000.0,0.05,20,PE,BFO-OPT,BFO
4261,215862533,843213,SENSEX26JUN82000CE,SENSEX,0.0,2026-06-25,82000.0,0.05,20,CE,BFO-OPT,BFO
4262,215973637,843647,SENSEX26JUN85000CE,SENSEX,0.0,2026-06-25,85000.0,0.05,20,CE,BFO-OPT,BFO
4263,215995141,843731,SENSEX26JUN85000PE,SENSEX,0.0,2026-06-25,85000.0,0.05,20,PE,BFO-OPT,BFO
4264,215999749,843749,SENSEX26JUN88000CE,SENSEX,0.0,2026-06-25,88000.0,0.05,20,CE,BFO-OPT,BFO
4265,216041221,843911,SENSEX26JUN89000PE,SENSEX,0.0,2026-06-25,89000.0,0.05,20,PE,BFO-OPT,BFO
4266,216101893,844148,SENSEX26JUN89000CE,SENSEX,0.0,2026-06-25,89000.0,0.05,20,CE,BFO-OPT,BFO
4267,216630021,846211,SENSEX26JUN83000CE,SENSEX,0.0,2026-06-25,83000.0,0.05,20,CE,BFO-OPT,BFO
4268,216649477,846287,SENSEX26JUN83000PE,SENSEX,0.0,2026-06-25,83000.0,0.05,20,PE,BFO-OPT,BFO
4269,216696581,846471,SENSEX26JUN84000CE,SENSEX,0.0,2026-06-25,84000.0,0.05,20,CE,BFO-OPT,BFO
4270,216744197,846657,SENSEX26JUN84000PE,SENSEX,0.0,2026-06-25,84000.0,0.05,20,PE,BFO-OPT,BFO
4271,220175365,860060,SENSEX26JUN76000CE,SENSEX,0.0,2026-06-25,76000.0,0.05,20,CE,BFO-OPT,BFO
4272,220205061,860176,SENSEX26JUN76000PE,SENSEX,0.0,2026-06-25,76000.0,0.05,20,PE,BFO-OPT,BFO
4273,221175045,863965,SENSEX26JUN75000CE,SENSEX,0.0,2026-06-25,75000.0,0.05,20,CE,BFO-OPT,BFO
4274,221206277,864087,SENSEX26JUN75000PE,SENSEX,0.0,2026-06-25,75000.0,0.05,20,PE,BFO-OPT,BFO
4275,221921285,866880,SENSEX26JUN79000CE,SENSEX,0.0,2026-06-25,79000.0,0.05,20,CE,BFO-OPT,BFO
4276,222012421,867236,SENSEX26JUN79000PE,SENSEX,0.0,2026-06-25,79000.0,0.05,20,PE,BFO-OPT,BFO
4277,225433861,880601,SENSEX26JUN80000CE,SENSEX,0.0,2026-06-25,80000.0,0.05,20,CE,BFO-OPT,BFO
4278,225452293,880673,SENSEX26JUN80000PE,SENSEX,0.0,2026-06-25,80000.0,0.05,20,PE,BFO-OPT,BFO
4279,285157381,1113896,SENSEX26JUN77000CE,SENSEX,0.0,2026-06-25,77000.0,0.05,20,CE,BFO-OPT,BFO
4280,285180933,1113988,SENSEX26JUN77000PE,SENSEX,0.0,2026-06-25,77000.0,0.05,20,PE,BFO-OPT,BFO
4281,292317957,1141867,SENSEX26JUN86000CE,SENSEX,0.0,2026-06-25,86000.0,0.05,20,CE,BFO-OPT,BFO
4282,292331781,1141921,SENSEX26JUN86000PE,SENSEX,0.0,2026-06-25,86000.0,0.05,20,PE,BFO-OPT,BFO
4283,296836101,1159516,SENSEX26JUN78000PE,SENSEX,0.0,2026-06-25,78000.0,0.05,20,PE,BFO-OPT,BFO
4284,296925189,1159864,SENSEX26JUN78000CE,SENSEX,0.0,2026-06-25,78000.0,0.05,20,CE,BFO-OPT,BFO
4285,282253061,1102551,SENSEX26SEP79000CE,SENSEX,0.0,2026-09-24,79000.0,0.05,20,CE,BFO-OPT,BFO
4286,282297861,1102726,SENSEX26SEP83000CE,SENSEX,0.0,2026-09-24,83000.0,0.05,20,CE,BFO-OPT,BFO
4287,282343173,1102903,SENSEX26SEP77000PE,SENSEX,0.0,2026-09-24,77000.0,0.05,20,PE,BFO-OPT,BFO
4288,282388741,1103081,SENSEX26SEP81000PE,SENSEX,0.0,2026-09-24,81000.0,0.05,20,PE,BFO-OPT,BFO
4289,282967813,1105343,SENSEX26SEP85000CE,SENSEX,0.0,2026-09-24,85000.0,0.05,20,CE,BFO-OPT,BFO
4290,283044357,1105642,SENSEX26SEP76000CE,SENSEX,0.0,2026-09-24,76000.0,0.05,20,CE,BFO-OPT,BFO
4291,283051525,1105670,SENSEX26SEP83000PE,SENSEX,0.0,2026-09-24,83000.0,0.05,20,PE,BFO-OPT,BFO
4292,283070725,1105745,SENSEX26SEP86000CE,SENSEX,0.0,2026-09-24,86000.0,0.05,20,CE,BFO-OPT,BFO
4293,283084549,1105799,SENSEX26SEP80000CE,SENSEX,0.0,2026-09-24,80000.0,0.05,20,CE,BFO-OPT,BFO
4294,284364549,1110799,SENSEX26SEP78000CE,SENSEX,0.0,2026-09-24,78000.0,0.05,20,CE,BFO-OPT,BFO
4295,284402181,1110946,SENSEX26SEP82000CE,SENSEX,0.0,2026-09-24,82000.0,0.05,20,CE,BFO-OPT,BFO
4296,284443141,1111106,SENSEX26SEP76000PE,SENSEX,0.0,2026-09-24,76000.0,0.05,20,PE,BFO-OPT,BFO
4297,284464645,1111190,SENSEX26SEP86000PE,SENSEX,0.0,2026-09-24,86000.0,0.05,20,PE,BFO-OPT,BFO
4298,284477701,1111241,SENSEX26SEP80000PE,SENSEX,0.0,2026-09-24,80000.0,0.05,20,PE,BFO-OPT,BFO
4299,284924933,1112988,SENSEX26SEP84000CE,SENSEX,0.0,2026-09-24,84000.0,0.05,20,CE,BFO-OPT,BFO
4300,284986885,1113230,SENSEX26SEP78000PE,SENSEX,0.0,2026-09-24,78000.0,0.05,20,PE,BFO-OPT,BFO
4301,285030405,1113400,SENSEX26SEP82000PE,SENSEX,0.0,2026-09-24,82000.0,0.05,20,PE,BFO-OPT,BFO
4302,285115909,1113734,SENSEX26SEP79000PE,SENSEX,0.0,2026-09-24,79000.0,0.05,20,PE,BFO-OPT,BFO
4303,285541637,1115397,SENSEX26SEP77000CE,SENSEX,0.0,2026-09-24,77000.0,0.05,20,CE,BFO-OPT,BFO
4304,285549317,1115427,SENSEX26SEP84000PE,SENSEX,0.0,2026-09-24,84000.0,0.05,20,PE,BFO-OPT,BFO
4305,285581829,1115554,SENSEX26SEP81000CE,SENSEX,0.0,2026-09-24,81000.0,0.05,20,CE,BFO-OPT,BFO
4306,285637637,1115772,SENSEX26SEP85000PE,SENSEX,0.0,2026-09-24,85000.0,0.05,20,PE,BFO-OPT,BFO
4307,285987845,1117140,SENSEX26SEP75000CE,SENSEX,0.0,2026-09-24,75000.0,0.05,20,CE,BFO-OPT,BFO
4308,286125317,1117677,SENSEX26SEP75000PE,SENSEX,0.0,2026-09-24,75000.0,0.05,20,PE,BFO-OPT,BFO
4309,289129221,1129411,SENSEX26SEP87000PE,SENSEX,0.0,2026-09-24,87000.0,0.05,20,PE,BFO-OPT,BFO
4310,289225221,1129786,SENSEX26SEP87000CE,SENSEX,0.0,2026-09-24,87000.0,0.05,20,CE,BFO-OPT,BFO
4311,289457925,1130695,SENSEX26SEP88000CE,SENSEX,0.0,2026-09-24,88000.0,0.05,20,CE,BFO-OPT,BFO
4312,289473285,1130755,SENSEX26SEP88000PE,SENSEX,0.0,2026-09-24,88000.0,0.05,20,PE,BFO-OPT,BFO
4313,290113797,1133257,SENSEX26SEP89000CE,SENSEX,0.0,2026-09-24,89000.0,0.05,20,CE,BFO-OPT,BFO
4314,290136325,1133345,SENSEX26SEP89000PE,SENSEX,0.0,2026-09-24,89000.0,0.05,20,PE,BFO-OPT,BFO
4315,216727301,846591,SENSEX26DEC84000CE,SENSEX,0.0,2026-12-31,84000.0,0.05,20,CE,BFO-OPT,BFO
4316,216744709,846659,SENSEX26DEC84000PE,SENSEX,0.0,2026-12-31,84000.0,0.05,20,PE,BFO-OPT,BFO
4317,215974405,843650,SENSEX26DEC85000CE,SENSEX,0.0,2026-12-31,85000.0,0.05,20,CE,BFO-OPT,BFO
4318,215996421,843736,SENSEX26DEC85000PE,SENSEX,0.0,2026-12-31,85000.0,0.05,20,PE,BFO-OPT,BFO
4319,216595717,846077,SENSEX26DEC83000PE,SENSEX,0.0,2026-12-31,83000.0,0.05,20,PE,BFO-OPT,BFO
4320,216630789,846214,SENSEX26DEC83000CE,SENSEX,0.0,2026-12-31,83000.0,0.05,20,CE,BFO-OPT,BFO
4321,292320261,1141876,SENSEX26DEC86000CE,SENSEX,0.0,2026-12-31,86000.0,0.05,20,CE,BFO-OPT,BFO
4322,292332293,1141923,SENSEX26DEC86000PE,SENSEX,0.0,2026-12-31,86000.0,0.05,20,PE,BFO-OPT,BFO
4323,215772933,842863,SENSEX26DEC82000PE,SENSEX,0.0,2026-12-31,82000.0,0.05,20,PE,BFO-OPT,BFO
4324,215863045,843215,SENSEX26DEC82000CE,SENSEX,0.0,2026-12-31,82000.0,0.05,20,CE,BFO-OPT,BFO
4325,209988613,820268,SENSEX26DEC87000PE,SENSEX,0.0,2026-12-31,87000.0,0.05,20,PE,BFO-OPT,BFO
4326,210325253,821583,SENSEX26DEC87000CE,SENSEX,0.0,2026-12-31,87000.0,0.05,20,CE,BFO-OPT,BFO
4327,215795717,842952,SENSEX26DEC81000CE,SENSEX,0.0,2026-12-31,81000.0,0.05,20,CE,BFO-OPT,BFO
4328,215819013,843043,SENSEX26DEC81000PE,SENSEX,0.0,2026-12-31,81000.0,0.05,20,PE,BFO-OPT,BFO
4329,215881989,843289,SENSEX26DEC88000PE,SENSEX,0.0,2026-12-31,88000.0,0.05,20,PE,BFO-OPT,BFO
4330,215938053,843508,SENSEX26DEC88000CE,SENSEX,0.0,2026-12-31,88000.0,0.05,20,CE,BFO-OPT,BFO
4331,225434373,880603,SENSEX26DEC80000CE,SENSEX,0.0,2026-12-31,80000.0,0.05,20,CE,BFO-OPT,BFO
4332,225453829,880679,SENSEX26DEC80000PE,SENSEX,0.0,2026-12-31,80000.0,0.05,20,PE,BFO-OPT,BFO
4333,216125957,844242,SENSEX26DEC89000CE,SENSEX,0.0,2026-12-31,89000.0,0.05,20,CE,BFO-OPT,BFO
4334,216162053,844383,SENSEX26DEC89000PE,SENSEX,0.0,2026-12-31,89000.0,0.05,20,PE,BFO-OPT,BFO
4335,221934853,866933,SENSEX26DEC79000CE,SENSEX,0.0,2026-12-31,79000.0,0.05,20,CE,BFO-OPT,BFO
4336,222027781,867296,SENSEX26DEC79000PE,SENSEX,0.0,2026-12-31,79000.0,0.05,20,PE,BFO-OPT,BFO
4337,296823045,1159465,SENSEX26DEC78000CE,SENSEX,0.0,2026-12-31,78000.0,0.05,20,CE,BFO-OPT,BFO
4338,296835333,1159513,SENSEX26DEC78000PE,SENSEX,0.0,2026-12-31,78000.0,0.05,20,PE,BFO-OPT,BFO
4339,285155589,1113889,SENSEX26DEC77000CE,SENSEX,0.0,2026-12-31,77000.0,0.05,20,CE,BFO-OPT,BFO
4340,285253381,1114271,SENSEX26DEC77000PE,SENSEX,0.0,2026-12-31,77000.0,0.05,20,PE,BFO-OPT,BFO
4341,220134917,859902,SENSEX26DEC76000CE,SENSEX,0.0,2026-12-31,76000.0,0.05,20,CE,BFO-OPT,BFO
4342,220161797,860007,SENSEX26DEC76000PE,SENSEX,0.0,2026-12-31,76000.0,0.05,20,PE,BFO-OPT,BFO
4343,221270533,864338,SENSEX26DEC75000CE,SENSEX,0.0,2026-12-31,75000.0,0.05,20,CE,BFO-OPT,BFO
4344,221301509,864459,SENSEX26DEC75000PE,SENSEX,0.0,2026-12-31,75000.0,0.05,20,PE,BFO-OPT,BFO
4345,209961733,820163,SENSEX27JUN87000CE,SENSEX,0.0,2027-06-24,87000.0,0.05,20,CE,BFO-OPT,BFO
4346,210055685,820530,SENSEX27JUN87000PE,SENSEX,0.0,2027-06-24,87000.0,0.05,20,PE,BFO-OPT,BFO
4347,215791365,842935,SENSEX27JUN82000PE,SENSEX,0.0,2027-06-24,82000.0,0.05,20,PE,BFO-OPT,BFO
4348,215813637,843022,SENSEX27JUN81000CE,SENSEX,0.0,2027-06-24,81000.0,0.05,20,CE,BFO-OPT,BFO
4349,215836421,843111,SENSEX27JUN81000PE,SENSEX,0.0,2027-06-24,81000.0,0.05,20,PE,BFO-OPT,BFO
4350,215880453,843283,SENSEX27JUN82000CE,SENSEX,0.0,2027-06-24,82000.0,0.05,20,CE,BFO-OPT,BFO
4351,215886597,843307,SENSEX27JUN88000PE,SENSEX,0.0,2027-06-24,88000.0,0.05,20,PE,BFO-OPT,BFO
4352,215924485,843455,SENSEX27JUN85000PE,SENSEX,0.0,2027-06-24,85000.0,0.05,20,PE,BFO-OPT,BFO
4353,215990021,843711,SENSEX27JUN85000CE,SENSEX,0.0,2027-06-24,85000.0,0.05,20,CE,BFO-OPT,BFO
4354,216028421,843861,SENSEX27JUN88000CE,SENSEX,0.0,2027-06-24,88000.0,0.05,20,CE,BFO-OPT,BFO
4355,216132869,844269,SENSEX27JUN89000CE,SENSEX,0.0,2027-06-24,89000.0,0.05,20,CE,BFO-OPT,BFO
4356,216169477,844412,SENSEX27JUN89000PE,SENSEX,0.0,2027-06-24,89000.0,0.05,20,PE,BFO-OPT,BFO
4357,216645381,846271,SENSEX27JUN83000CE,SENSEX,0.0,2027-06-24,83000.0,0.05,20,CE,BFO-OPT,BFO
4358,216666373,846353,SENSEX27JUN83000PE,SENSEX,0.0,2027-06-24,83000.0,0.05,20,PE,BFO-OPT,BFO
4359,216706821,846511,SENSEX27JUN84000CE,SENSEX,0.0,2027-06-24,84000.0,0.05,20,CE,BFO-OPT,BFO
4360,216721925,846570,SENSEX27JUN84000PE,SENSEX,0.0,2027-06-24,84000.0,0.05,20,PE,BFO-OPT,BFO
4361,220095237,859747,SENSEX27JUN76000PE,SENSEX,0.0,2027-06-24,76000.0,0.05,20,PE,BFO-OPT,BFO
4362,220197125,860145,SENSEX27JUN76000CE,SENSEX,0.0,2027-06-24,76000.0,0.05,20,CE,BFO-OPT,BFO
4363,221199621,864061,SENSEX27JUN75000CE,SENSEX,0.0,2027-06-24,75000.0,0.05,20,CE,BFO-OPT,BFO
4364,221230853,864183,SENSEX27JUN75000PE,SENSEX,0.0,2027-06-24,75000.0,0.05,20,PE,BFO-OPT,BFO
4365,221886213,866743,SENSEX27JUN79000PE,SENSEX,0.0,2027-06-24,79000.0,0.05,20,PE,BFO-OPT,BFO
4366,221893637,866772,SENSEX27JUN79000CE,SENSEX,0.0,2027-06-24,79000.0,0.05,20,CE,BFO-OPT,BFO
4367,225379333,880388,SENSEX27JUN80000PE,SENSEX,0.0,2027-06-24,80000.0,0.05,20,PE,BFO-OPT,BFO
4368,225447429,880654,SENSEX27JUN80000CE,SENSEX,0.0,2027-06-24,80000.0,0.05,20,CE,BFO-OPT,BFO
4369,285180165,1113985,SENSEX27JUN77000CE,SENSEX,0.0,2027-06-24,77000.0,0.05,20,CE,BFO-OPT,BFO
4370,285203717,1114077,SENSEX27JUN77000PE,SENSEX,0.0,2027-06-24,77000.0,0.05,20,PE,BFO-OPT,BFO
4371,292328197,1141907,SENSEX27JUN86000CE,SENSEX,0.0,2027-06-24,86000.0,0.05,20,CE,BFO-OPT,BFO
4372,292339461,1141951,SENSEX27JUN86000PE,SENSEX,0.0,2027-06-24,86000.0,0.05,20,PE,BFO-OPT,BFO
4373,296799493,1159373,SENSEX27JUN78000CE,SENSEX,0.0,2027-06-24,78000.0,0.05,20,CE,BFO-OPT,BFO
4374,296811525,1159420,SENSEX27JUN78000PE,SENSEX,0.0,2027-06-24,78000.0,0.05,20,PE,BFO-OPT,BFO
4375,216716293,846548,SENSEX27DEC84000CE,SENSEX,0.0,2027-12-30,84000.0,0.05,20,CE,BFO-OPT,BFO
4376,216732165,846610,SENSEX27DEC84000PE,SENSEX,0.0,2027-12-30,84000.0,0.05,20,PE,BFO-OPT,BFO
4377,215925509,843459,SENSEX27DEC85000PE,SENSEX,0.0,2027-12-30,85000.0,0.05,20,PE,BFO-OPT,BFO
4378,215991557,843717,SENSEX27DEC85000CE,SENSEX,0.0,2027-12-30,85000.0,0.05,20,CE,BFO-OPT,BFO
4379,216615941,846156,SENSEX27DEC83000CE,SENSEX,0.0,2027-12-30,83000.0,0.05,20,CE,BFO-OPT,BFO
4380,216679429,846404,SENSEX27DEC83000PE,SENSEX,0.0,2027-12-30,83000.0,0.05,20,PE,BFO-OPT,BFO
4381,292329221,1141911,SENSEX27DEC86000CE,SENSEX,0.0,2027-12-30,86000.0,0.05,20,CE,BFO-OPT,BFO
4382,292339973,1141953,SENSEX27DEC86000PE,SENSEX,0.0,2027-12-30,86000.0,0.05,20,PE,BFO-OPT,BFO
4383,215844869,843144,SENSEX27DEC82000CE,SENSEX,0.0,2027-12-30,82000.0,0.05,20,CE,BFO-OPT,BFO
4384,215872005,843250,SENSEX27DEC82000PE,SENSEX,0.0,2027-12-30,82000.0,0.05,20,PE,BFO-OPT,BFO
4385,209965317,820177,SENSEX27DEC87000CE,SENSEX,0.0,2027-12-30,87000.0,0.05,20,CE,BFO-OPT,BFO
4386,210059525,820545,SENSEX27DEC87000PE,SENSEX,0.0,2027-12-30,87000.0,0.05,20,PE,BFO-OPT,BFO
4387,215779333,842888,SENSEX27DEC81000CE,SENSEX,0.0,2027-12-30,81000.0,0.05,20,CE,BFO-OPT,BFO
4388,215803141,842981,SENSEX27DEC81000PE,SENSEX,0.0,2027-12-30,81000.0,0.05,20,PE,BFO-OPT,BFO
4389,215908101,843391,SENSEX27DEC88000PE,SENSEX,0.0,2027-12-30,88000.0,0.05,20,PE,BFO-OPT,BFO
4390,215967749,843624,SENSEX27DEC88000CE,SENSEX,0.0,2027-12-30,88000.0,0.05,20,CE,BFO-OPT,BFO
4391,225422597,880557,SENSEX27DEC80000CE,SENSEX,0.0,2027-12-30,80000.0,0.05,20,CE,BFO-OPT,BFO
4392,225440005,880625,SENSEX27DEC80000PE,SENSEX,0.0,2027-12-30,80000.0,0.05,20,PE,BFO-OPT,BFO
4393,216152581,844346,SENSEX27DEC89000CE,SENSEX,0.0,2027-12-30,89000.0,0.05,20,CE,BFO-OPT,BFO
4394,216189189,844489,SENSEX27DEC89000PE,SENSEX,0.0,2027-12-30,89000.0,0.05,20,PE,BFO-OPT,BFO
4395,221884933,866738,SENSEX27DEC79000CE,SENSEX,0.0,2027-12-30,79000.0,0.05,20,CE,BFO-OPT,BFO
4396,221968645,867065,SENSEX27DEC79000PE,SENSEX,0.0,2027-12-30,79000.0,0.05,20,PE,BFO-OPT,BFO
4397,296844037,1159547,SENSEX27DEC78000CE,SENSEX,0.0,2027-12-30,78000.0,0.05,20,CE,BFO-OPT,BFO
4398,296894213,1159743,SENSEX27DEC78000PE,SENSEX,0.0,2027-12-30,78000.0,0.05,20,PE,BFO-OPT,BFO
4399,285004293,1113298,SENSEX27DEC77000CE,SENSEX,0.0,2027-12-30,77000.0,0.05,20,CE,BFO-OPT,BFO
4400,285024005,1113375,SENSEX27DEC77000PE,SENSEX,0.0,2027-12-30,77000.0,0.05,20,PE,BFO-OPT,BFO
4401,220155397,859982,SENSEX27DEC76000CE,SENSEX,0.0,2027-12-30,76000.0,0.05,20,CE,BFO-OPT,BFO
4402,220185093,860098,SENSEX27DEC76000PE,SENSEX,0.0,2027-12-30,76000.0,0.05,20,PE,BFO-OPT,BFO
4403,221184005,864000,SENSEX27DEC75000PE,SENSEX,0.0,2027-12-30,75000.0,0.05,20,PE,BFO-OPT,BFO
4404,221296645,864440,SENSEX27DEC75000CE,SENSEX,0.0,2027-12-30,75000.0,0.05,20,CE,BFO-OPT,BFO
4405,216697093,846473,SENSEX28JUN84000CE,SENSEX,0.0,2028-06-29,84000.0,0.05,20,CE,BFO-OPT,BFO
4406,216711173,846528,SENSEX28JUN84000PE,SENSEX,0.0,2028-06-29,84000.0,0.05,20,PE,BFO-OPT,BFO
4407,215938821,843511,SENSEX28JUN85000PE,SENSEX,0.0,2028-06-29,85000.0,0.05,20,PE,BFO-OPT,BFO
4408,215964421,843611,SENSEX28JUN85000CE,SENSEX,0.0,2028-06-29,85000.0,0.05,20,CE,BFO-OPT,BFO
4409,216631557,846217,SENSEX28JUN83000CE,SENSEX,0.0,2028-06-29,83000.0,0.05,20,CE,BFO-OPT,BFO
4410,216650501,846291,SENSEX28JUN83000PE,SENSEX,0.0,2028-06-29,83000.0,0.05,20,PE,BFO-OPT,BFO
4411,292336901,1141941,SENSEX28JUN86000CE,SENSEX,0.0,2028-06-29,86000.0,0.05,20,CE,BFO-OPT,BFO
4412,292349701,1141991,SENSEX28JUN86000PE,SENSEX,0.0,2028-06-29,86000.0,0.05,20,PE,BFO-OPT,BFO
4413,215773701,842866,SENSEX28JUN82000PE,SENSEX,0.0,2028-06-29,82000.0,0.05,20,PE,BFO-OPT,BFO
4414,215864325,843220,SENSEX28JUN82000CE,SENSEX,0.0,2028-06-29,82000.0,0.05,20,CE,BFO-OPT,BFO
4415,210036997,820457,SENSEX28JUN87000CE,SENSEX,0.0,2028-06-29,87000.0,0.05,20,CE,BFO-OPT,BFO
4416,210124293,820798,SENSEX28JUN87000PE,SENSEX,0.0,2028-06-29,87000.0,0.05,20,PE,BFO-OPT,BFO
4417,215796485,842955,SENSEX28JUN81000CE,SENSEX,0.0,2028-06-29,81000.0,0.05,20,CE,BFO-OPT,BFO
4418,215819525,843045,SENSEX28JUN81000PE,SENSEX,0.0,2028-06-29,81000.0,0.05,20,PE,BFO-OPT,BFO
4419,215856133,843188,SENSEX28JUN88000PE,SENSEX,0.0,2028-06-29,88000.0,0.05,20,PE,BFO-OPT,BFO
4420,216002309,843759,SENSEX28JUN88000CE,SENSEX,0.0,2028-06-29,88000.0,0.05,20,CE,BFO-OPT,BFO
4421,225395717,880452,SENSEX28JUN80000CE,SENSEX,0.0,2028-06-29,80000.0,0.05,20,CE,BFO-OPT,BFO
4422,225454597,880682,SENSEX28JUN80000PE,SENSEX,0.0,2028-06-29,80000.0,0.05,20,PE,BFO-OPT,BFO
4423,216103429,844154,SENSEX28JUN89000CE,SENSEX,0.0,2028-06-29,89000.0,0.05,20,CE,BFO-OPT,BFO
4424,216141829,844304,SENSEX28JUN89000PE,SENSEX,0.0,2028-06-29,89000.0,0.05,20,PE,BFO-OPT,BFO
4425,221999109,867184,SENSEX28JUN79000PE,SENSEX,0.0,2028-06-29,79000.0,0.05,20,PE,BFO-OPT,BFO
4426,222008581,867221,SENSEX28JUN79000CE,SENSEX,0.0,2028-06-29,79000.0,0.05,20,CE,BFO-OPT,BFO
4427,296858629,1159604,SENSEX28JUN78000CE,SENSEX,0.0,2028-06-29,78000.0,0.05,20,CE,BFO-OPT,BFO
4428,296870661,1159651,SENSEX28JUN78000PE,SENSEX,0.0,2028-06-29,78000.0,0.05,20,PE,BFO-OPT,BFO
4429,285025285,1113380,SENSEX28JUN77000CE,SENSEX,0.0,2028-06-29,77000.0,0.05,20,CE,BFO-OPT,BFO
4430,285052933,1113488,SENSEX28JUN77000PE,SENSEX,0.0,2028-06-29,77000.0,0.05,20,PE,BFO-OPT,BFO
4431,220177413,860068,SENSEX28JUN76000CE,SENSEX,0.0,2028-06-29,76000.0,0.05,20,CE,BFO-OPT,BFO
4432,220205573,860178,SENSEX28JUN76000PE,SENSEX,0.0,2028-06-29,76000.0,0.05,20,PE,BFO-OPT,BFO
4433,221176069,863969,SENSEX28JUN75000CE,SENSEX,0.0,2028-06-29,75000.0,0.05,20,CE,BFO-OPT,BFO
4434,221207301,864091,SENSEX28JUN75000PE,SENSEX,0.0,2028-06-29,75000.0,0.05,20,PE,BFO-OPT,BFO
4435,216697861,846476,SENSEX28DEC84000CE,SENSEX,0.0,2028-12-28,84000.0,0.05,20,CE,BFO-OPT,BFO
4436,216745221,846661,SENSEX28DEC84000PE,SENSEX,0.0,2028-12-28,84000.0,0.05,20,PE,BFO-OPT,BFO
4437,215920645,843440,SENSEX28DEC85000CE,SENSEX,0.0,2028-12-28,85000.0,0.05,20,CE,BFO-OPT,BFO
4438,215939077,843512,SENSEX28DEC85000PE,SENSEX,0.0,2028-12-28,85000.0,0.05,20,PE,BFO-OPT,BFO
4439,216633093,846223,SENSEX28DEC83000CE,SENSEX,0.0,2028-12-28,83000.0,0.05,20,CE,BFO-OPT,BFO
4440,216651269,846294,SENSEX28DEC83000PE,SENSEX,0.0,2028-12-28,83000.0,0.05,20,PE,BFO-OPT,BFO
4441,292337669,1141944,SENSEX28DEC86000CE,SENSEX,0.0,2028-12-28,86000.0,0.05,20,CE,BFO-OPT,BFO
4442,292350469,1141994,SENSEX28DEC86000PE,SENSEX,0.0,2028-12-28,86000.0,0.05,20,PE,BFO-OPT,BFO
4443,215774469,842869,SENSEX28DEC82000PE,SENSEX,0.0,2028-12-28,82000.0,0.05,20,PE,BFO-OPT,BFO
4444,215864837,843222,SENSEX28DEC82000CE,SENSEX,0.0,2028-12-28,82000.0,0.05,20,CE,BFO-OPT,BFO
4445,210039301,820466,SENSEX28DEC87000CE,SENSEX,0.0,2028-12-28,87000.0,0.05,20,CE,BFO-OPT,BFO
4446,210128133,820813,SENSEX28DEC87000PE,SENSEX,0.0,2028-12-28,87000.0,0.05,20,PE,BFO-OPT,BFO
4447,215797509,842959,SENSEX28DEC81000CE,SENSEX,0.0,2028-12-28,81000.0,0.05,20,CE,BFO-OPT,BFO
4448,215820805,843050,SENSEX28DEC81000PE,SENSEX,0.0,2028-12-28,81000.0,0.05,20,PE,BFO-OPT,BFO
4449,215857413,843193,SENSEX28DEC88000PE,SENSEX,0.0,2028-12-28,88000.0,0.05,20,PE,BFO-OPT,BFO
4450,216002821,843761,SENSEX28DEC88000CE,SENSEX,0.0,2028-12-28,88000.0,0.05,20,CE,BFO-OPT,BFO
4451,225435653,880608,SENSEX28DEC80000CE,SENSEX,0.0,2028-12-28,80000.0,0.05,20,CE,BFO-OPT,BFO
4452,225454853,880683,SENSEX28DEC80000PE,SENSEX,0.0,2028-12-28,80000.0,0.05,20,PE,BFO-OPT,BFO
4453,216044037,843922,SENSEX28DEC89000PE,SENSEX,0.0,2028-12-28,89000.0,0.05,20,PE,BFO-OPT,BFO
4454,216105221,844161,SENSEX28DEC89000CE,SENSEX,0.0,2028-12-28,89000.0,0.05,20,CE,BFO-OPT,BFO
4455,221923845,866890,SENSEX28DEC79000CE,SENSEX,0.0,2028-12-28,79000.0,0.05,20,CE,BFO-OPT,BFO
4456,222015493,867248,SENSEX28DEC79000PE,SENSEX,0.0,2028-12-28,79000.0,0.05,20,PE,BFO-OPT,BFO
4457,296857093,1159598,SENSEX28DEC78000CE,SENSEX,0.0,2028-12-28,78000.0,0.05,20,CE,BFO-OPT,BFO
4458,296907269,1159794,SENSEX28DEC78000PE,SENSEX,0.0,2028-12-28,78000.0,0.05,20,PE,BFO-OPT,BFO
4459,291380741,1138206,SENSEX28DEC77000CE,SENSEX,0.0,2028-12-28,77000.0,0.05,20,CE,BFO-OPT,BFO
4460,291442181,1138446,SENSEX28DEC77000PE,SENSEX,0.0,2028-12-28,77000.0,0.05,20,PE,BFO-OPT,BFO
4461,220178693,860073,SENSEX28DEC76000CE,SENSEX,0.0,2028-12-28,76000.0,0.05,20,CE,BFO-OPT,BFO
4462,220206341,860181,SENSEX28DEC76000PE,SENSEX,0.0,2028-12-28,76000.0,0.05,20,PE,BFO-OPT,BFO
4463,221176837,863972,SENSEX28DEC75000CE,SENSEX,0.0,2028-12-28,75000.0,0.05,20,CE,BFO-OPT,BFO
4464,221209093,864098,SENSEX28DEC75000PE,SENSEX,0.0,2028-12-28,75000.0,0.05,20,PE,BFO-OPT,BFO
4465,218978565,855385,SENSEX29JUN84000CE,SENSEX,0.0,2029-06-28,84000.0,0.05,20,CE,BFO-OPT,BFO
4466,220349957,860742,SENSEX29JUN84000PE,SENSEX,0.0,2029-06-28,84000.0,0.05,20,PE,BFO-OPT,BFO
4467,215978501,843666,SENSEX29JUN85000CE,SENSEX,0.0,2029-06-28,85000.0,0.05,20,CE,BFO-OPT,BFO
4468,216001285,843755,SENSEX29JUN85000PE,SENSEX,0.0,2029-06-28,85000.0,0.05,20,PE,BFO-OPT,BFO
4469,219610885,857855,SENSEX29JUN83000PE,SENSEX,0.0,2029-06-28,83000.0,0.05,20,PE,BFO-OPT,BFO
4470,220948741,863081,SENSEX29JUN83000CE,SENSEX,0.0,2029-06-28,83000.0,0.05,20,CE,BFO-OPT,BFO
4471,292298245,1141790,SENSEX29JUN86000PE,SENSEX,0.0,2029-06-28,86000.0,0.05,20,PE,BFO-OPT,BFO
4472,292321541,1141881,SENSEX29JUN86000CE,SENSEX,0.0,2029-06-28,86000.0,0.05,20,CE,BFO-OPT,BFO
4473,218908933,855113,SENSEX29JUN82000PE,SENSEX,0.0,2029-06-28,82000.0,0.05,20,PE,BFO-OPT,BFO
4474,220223237,860247,SENSEX29JUN82000CE,SENSEX,0.0,2029-06-28,82000.0,0.05,20,CE,BFO-OPT,BFO
4475,210106629,820729,SENSEX29JUN87000CE,SENSEX,0.0,2029-06-28,87000.0,0.05,20,CE,BFO-OPT,BFO
4476,210198533,821088,SENSEX29JUN87000PE,SENSEX,0.0,2029-06-28,87000.0,0.05,20,PE,BFO-OPT,BFO
4477,219500037,857422,SENSEX29JUN81000CE,SENSEX,0.0,2029-06-28,81000.0,0.05,20,CE,BFO-OPT,BFO
4478,220879621,862811,SENSEX29JUN81000PE,SENSEX,0.0,2029-06-28,81000.0,0.05,20,PE,BFO-OPT,BFO
4479,215887877,843312,SENSEX29JUN88000PE,SENSEX,0.0,2029-06-28,88000.0,0.05,20,PE,BFO-OPT,BFO
4480,216029445,843865,SENSEX29JUN88000CE,SENSEX,0.0,2029-06-28,88000.0,0.05,20,CE,BFO-OPT,BFO
4481,220156421,859986,SENSEX29JUN80000PE,SENSEX,0.0,2029-06-28,80000.0,0.05,20,PE,BFO-OPT,BFO
4482,220286981,860496,SENSEX29JUN80000CE,SENSEX,0.0,2029-06-28,80000.0,0.05,20,CE,BFO-OPT,BFO
4483,216134149,844274,SENSEX29JUN89000CE,SENSEX,0.0,2029-06-28,89000.0,0.05,20,CE,BFO-OPT,BFO
4484,216169989,844414,SENSEX29JUN89000PE,SENSEX,0.0,2029-06-28,89000.0,0.05,20,PE,BFO-OPT,BFO
4485,218527749,853624,SENSEX29JUN79000CE,SENSEX,0.0,2029-06-28,79000.0,0.05,20,CE,BFO-OPT,BFO
4486,219864325,858845,SENSEX29JUN79000PE,SENSEX,0.0,2029-06-28,79000.0,0.05,20,PE,BFO-OPT,BFO
4487,219168773,856128,SENSEX29JUN78000PE,SENSEX,0.0,2029-06-28,78000.0,0.05,20,PE,BFO-OPT,BFO
4488,220494341,861306,SENSEX29JUN78000CE,SENSEX,0.0,2029-06-28,78000.0,0.05,20,CE,BFO-OPT,BFO
4489,219753733,858413,SENSEX29JUN77000CE,SENSEX,0.0,2029-06-28,77000.0,0.05,20,CE,BFO-OPT,BFO
4490,221141253,863833,SENSEX29JUN77000PE,SENSEX,0.0,2029-06-28,77000.0,0.05,20,PE,BFO-OPT,BFO
4491,220097029,859754,SENSEX29JUN76000PE,SENSEX,0.0,2029-06-28,76000.0,0.05,20,PE,BFO-OPT,BFO
4492,220198405,860150,SENSEX29JUN76000CE,SENSEX,0.0,2029-06-28,76000.0,0.05,20,CE,BFO-OPT,BFO
4493,221232901,864191,SENSEX29JUN75000PE,SENSEX,0.0,2029-06-28,75000.0,0.05,20,PE,BFO-OPT,BFO
4494,221277189,864364,SENSEX29JUN75000CE,SENSEX,0.0,2029-06-28,75000.0,0.05,20,CE,BFO-OPT,BFO
4495,215506181,841821,SENSEX29DEC84000CE,SENSEX,0.0,2029-12-27,84000.0,0.05,20,CE,BFO-OPT,BFO
4496,215529477,841912,SENSEX29DEC84000PE,SENSEX,0.0,2029-12-27,84000.0,0.05,20,PE,BFO-OPT,BFO
4497,215952389,843564,SENSEX29DEC85000PE,SENSEX,0.0,2029-12-27,85000.0,0.05,20,PE,BFO-OPT,BFO
4498,215979525,843670,SENSEX29DEC85000CE,SENSEX,0.0,2029-12-27,85000.0,0.05,20,CE,BFO-OPT,BFO
4499,215549445,841990,SENSEX29DEC83000CE,SENSEX,0.0,2029-12-27,83000.0,0.05,20,CE,BFO-OPT,BFO
4500,215569925,842070,SENSEX29DEC83000PE,SENSEX,0.0,2029-12-27,83000.0,0.05,20,PE,BFO-OPT,BFO
4501,292299013,1141793,SENSEX29DEC86000PE,SENSEX,0.0,2029-12-27,86000.0,0.05,20,PE,BFO-OPT,BFO
4502,292345861,1141976,SENSEX29DEC86000CE,SENSEX,0.0,2029-12-27,86000.0,0.05,20,CE,BFO-OPT,BFO
4503,215488261,841751,SENSEX29DEC82000CE,SENSEX,0.0,2029-12-27,82000.0,0.05,20,CE,BFO-OPT,BFO
4504,215510021,841836,SENSEX29DEC82000PE,SENSEX,0.0,2029-12-27,82000.0,0.05,20,PE,BFO-OPT,BFO
4505,210108677,820737,SENSEX29DEC87000CE,SENSEX,0.0,2029-12-27,87000.0,0.05,20,CE,BFO-OPT,BFO
4506,210200837,821097,SENSEX29DEC87000PE,SENSEX,0.0,2029-12-27,87000.0,0.05,20,PE,BFO-OPT,BFO
4507,215530501,841916,SENSEX29DEC81000CE,SENSEX,0.0,2029-12-27,81000.0,0.05,20,CE,BFO-OPT,BFO
4508,215552261,842001,SENSEX29DEC81000PE,SENSEX,0.0,2029-12-27,81000.0,0.05,20,PE,BFO-OPT,BFO
4509,215848197,843157,SENSEX29DEC88000CE,SENSEX,0.0,2029-12-27,88000.0,0.05,20,CE,BFO-OPT,BFO
4510,215888645,843315,SENSEX29DEC88000PE,SENSEX,0.0,2029-12-27,88000.0,0.05,20,PE,BFO-OPT,BFO
4511,215490821,841761,SENSEX29DEC80000PE,SENSEX,0.0,2029-12-27,80000.0,0.05,20,PE,BFO-OPT,BFO
4512,215526661,841901,SENSEX29DEC80000CE,SENSEX,0.0,2029-12-27,80000.0,0.05,20,CE,BFO-OPT,BFO
4513,216136197,844282,SENSEX29DEC89000CE,SENSEX,0.0,2029-12-27,89000.0,0.05,20,CE,BFO-OPT,BFO
4514,216171781,844421,SENSEX29DEC89000PE,SENSEX,0.0,2029-12-27,89000.0,0.05,20,PE,BFO-OPT,BFO
4515,215512837,841847,SENSEX29DEC79000PE,SENSEX,0.0,2029-12-27,79000.0,0.05,20,PE,BFO-OPT,BFO
4516,215547397,841982,SENSEX29DEC79000CE,SENSEX,0.0,2029-12-27,79000.0,0.05,20,CE,BFO-OPT,BFO
4517,215508229,841829,SENSEX29DEC78000PE,SENSEX,0.0,2029-12-27,78000.0,0.05,20,PE,BFO-OPT,BFO
4518,215585797,842132,SENSEX29DEC78000CE,SENSEX,0.0,2029-12-27,78000.0,0.05,20,CE,BFO-OPT,BFO
4519,215528965,841910,SENSEX29DEC77000CE,SENSEX,0.0,2029-12-27,77000.0,0.05,20,CE,BFO-OPT,BFO
4520,215551237,841997,SENSEX29DEC77000PE,SENSEX,0.0,2029-12-27,77000.0,0.05,20,PE,BFO-OPT,BFO
4521,220098309,859759,SENSEX29DEC76000PE,SENSEX,0.0,2029-12-27,76000.0,0.05,20,PE,BFO-OPT,BFO
4522,220198917,860152,SENSEX29DEC76000CE,SENSEX,0.0,2029-12-27,76000.0,0.05,20,CE,BFO-OPT,BFO
4523,221202693,864073,SENSEX29DEC75000CE,SENSEX,0.0,2029-12-27,75000.0,0.05,20,CE,BFO-OPT,BFO
4524,221233669,864194,SENSEX29DEC75000PE,SENSEX,0.0,2029-12-27,75000.0,0.05,20,PE,BFO-OPT,BFO
4525,216134661,844276,SENSEX30JUN84000CE,SENSEX,0.0,2030-06-27,84000.0,0.05,20,CE,BFO-OPT,BFO
4526,216170501,844416,SENSEX30JUN84000PE,SENSEX,0.0,2030-06-27,84000.0,0.05,20,PE,BFO-OPT,BFO
4527,216059909,843984,SENSEX30JUN85000CE,SENSEX,0.0,2030-06-27,85000.0,0.05,20,CE,BFO-OPT,BFO
4528,216097797,844132,SENSEX30JUN85000PE,SENSEX,0.0,2030-06-27,85000.0,0.05,20,PE,BFO-OPT,BFO
4529,216066821,844011,SENSEX30JUN83000PE,SENSEX,0.0,2030-06-27,83000.0,0.05,20,PE,BFO-OPT,BFO
4530,216128261,844251,SENSEX30JUN83000CE,SENSEX,0.0,2030-06-27,83000.0,0.05,20,CE,BFO-OPT,BFO
4531,216164357,844392,SENSEX30JUN86000CE,SENSEX,0.0,2030-06-27,86000.0,0.05,20,CE,BFO-OPT,BFO
4532,216198661,844526,SENSEX30JUN86000PE,SENSEX,0.0,2030-06-27,86000.0,0.05,20,PE,BFO-OPT,BFO
4533,216058629,843979,SENSEX30JUN82000PE,SENSEX,0.0,2030-06-27,82000.0,0.05,20,PE,BFO-OPT,BFO
4534,216194565,844510,SENSEX30JUN82000CE,SENSEX,0.0,2030-06-27,82000.0,0.05,20,CE,BFO-OPT,BFO
4535,216093701,844116,SENSEX30JUN87000CE,SENSEX,0.0,2030-06-27,87000.0,0.05,20,CE,BFO-OPT,BFO
4536,216132613,844268,SENSEX30JUN87000PE,SENSEX,0.0,2030-06-27,87000.0,0.05,20,PE,BFO-OPT,BFO
4537,216094469,844119,SENSEX30JUN81000CE,SENSEX,0.0,2030-06-27,81000.0,0.05,20,CE,BFO-OPT,BFO
4538,216133637,844272,SENSEX30JUN81000PE,SENSEX,0.0,2030-06-27,81000.0,0.05,20,PE,BFO-OPT,BFO
4539,216057605,843975,SENSEX30JUN88000PE,SENSEX,0.0,2030-06-27,88000.0,0.05,20,PE,BFO-OPT,BFO
4540,216193029,844504,SENSEX30JUN88000CE,SENSEX,0.0,2030-06-27,88000.0,0.05,20,CE,BFO-OPT,BFO
4541,216166405,844400,SENSEX30JUN80000CE,SENSEX,0.0,2030-06-27,80000.0,0.05,20,CE,BFO-OPT,BFO
4542,216200197,844532,SENSEX30JUN80000PE,SENSEX,0.0,2030-06-27,80000.0,0.05,20,PE,BFO-OPT,BFO
4543,216065541,844006,SENSEX30JUN89000PE,SENSEX,0.0,2030-06-27,89000.0,0.05,20,PE,BFO-OPT,BFO
4544,216127237,844247,SENSEX30JUN89000CE,SENSEX,0.0,2030-06-27,89000.0,0.05,20,CE,BFO-OPT,BFO
4545,216063493,843998,SENSEX30JUN79000PE,SENSEX,0.0,2030-06-27,79000.0,0.05,20,PE,BFO-OPT,BFO
4546,216198149,844524,SENSEX30JUN79000CE,SENSEX,0.0,2030-06-27,79000.0,0.05,20,CE,BFO-OPT,BFO
4547,216958213,847493,SENSEX30JUN78000PE,SENSEX,0.0,2030-06-27,78000.0,0.05,20,PE,BFO-OPT,BFO
4548,216980485,847580,SENSEX30JUN78000CE,SENSEX,0.0,2030-06-27,78000.0,0.05,20,CE,BFO-OPT,BFO
4549,219280389,856564,SENSEX30JUN77000PE,SENSEX,0.0,2030-06-27,77000.0,0.05,20,PE,BFO-OPT,BFO
4550,219324165,856735,SENSEX30JUN77000CE,SENSEX,0.0,2030-06-27,77000.0,0.05,20,CE,BFO-OPT,BFO
4551,220194565,860135,SENSEX30JUN76000CE,SENSEX,0.0,2030-06-27,76000.0,0.05,20,CE,BFO-OPT,BFO
4552,220221445,860240,SENSEX30JUN76000PE,SENSEX,0.0,2030-06-27,76000.0,0.05,20,PE,BFO-OPT,BFO
4553,221195525,864045,SENSEX30JUN75000CE,SENSEX,0.0,2030-06-27,75000.0,0.05,20,CE,BFO-OPT,BFO
4554,221225221,864161,SENSEX30JUN75000PE,SENSEX,0.0,2030-06-27,75000.0,0.05,20,PE,BFO-OPT,BFO
4555,223417349,872724,SENSEX5025OCT27050CE,SENSEX50,0.0,2025-10-30,27050.0,0.05,75,CE,BFO-OPT,BFO
4556,223433733,872788,SENSEX5025OCT27050PE,SENSEX50,0.0,2025-10-30,27050.0,0.05,75,PE,BFO-OPT,BFO
4557,223354629,872479,SENSEX5025OCT27000PE,SENSEX50,0.0,2025-10-30,27000.0,0.05,75,PE,BFO-OPT,BFO
4558,223390213,872618,SENSEX5025OCT27000CE,SENSEX50,0.0,2025-10-30,27000.0,0.05,75,CE,BFO-OPT,BFO
4559,223444229,872829,SENSEX5025OCT27100CE,SENSEX50,0.0,2025-10-30,27100.0,0.05,75,CE,BFO-OPT,BFO
4560,223461381,872896,SENSEX5025OCT27100PE,SENSEX50,0.0,2025-10-30,27100.0,0.05,75,PE,BFO-OPT,BFO
4561,220587269,861669,SENSEX5025OCT26950CE,SENSEX50,0.0,2025-10-30,26950.0,0.05,75,CE,BFO-OPT,BFO
4562,220625413,861818,SENSEX5025OCT26950PE,SENSEX50,0.0,2025-10-30,26950.0,0.05,75,PE,BFO-OPT,BFO
4563,223448581,872846,SENSEX5025OCT27150PE,SENSEX50,0.0,2025-10-30,27150.0,0.05,75,PE,BFO-OPT,BFO
4564,223465733,872913,SENSEX5025OCT27150CE,SENSEX50,0.0,2025-10-30,27150.0,0.05,75,CE,BFO-OPT,BFO
4565,220474629,861229,SENSEX5025OCT26900PE,SENSEX50,0.0,2025-10-30,26900.0,0.05,75,PE,BFO-OPT,BFO
4566,220616197,861782,SENSEX5025OCT26900CE,SENSEX50,0.0,2025-10-30,26900.0,0.05,75,CE,BFO-OPT,BFO
4567,223519749,873124,SENSEX5025OCT27200PE,SENSEX50,0.0,2025-10-30,27200.0,0.05,75,PE,BFO-OPT,BFO
4568,223568389,873314,SENSEX5025OCT27200CE,SENSEX50,0.0,2025-10-30,27200.0,0.05,75,CE,BFO-OPT,BFO
4569,220569861,861601,SENSEX5025OCT26850PE,SENSEX50,0.0,2025-10-30,26850.0,0.05,75,PE,BFO-OPT,BFO
4570,220630021,861836,SENSEX5025OCT26850CE,SENSEX50,0.0,2025-10-30,26850.0,0.05,75,CE,BFO-OPT,BFO
4571,227203845,887515,SENSEX5025OCT27250CE,SENSEX50,0.0,2025-10-30,27250.0,0.05,75,CE,BFO-OPT,BFO
4572,227245573,887678,SENSEX5025OCT27250PE,SENSEX50,0.0,2025-10-30,27250.0,0.05,75,PE,BFO-OPT,BFO
4573,220563461,861576,SENSEX5025OCT26800CE,SENSEX50,0.0,2025-10-30,26800.0,0.05,75,CE,BFO-OPT,BFO
4574,220599301,861716,SENSEX5025OCT26800PE,SENSEX50,0.0,2025-10-30,26800.0,0.05,75,PE,BFO-OPT,BFO
4575,227189765,887460,SENSEX5025OCT27300CE,SENSEX50,0.0,2025-10-30,27300.0,0.05,75,CE,BFO-OPT,BFO
4576,227234565,887635,SENSEX5025OCT27300PE,SENSEX50,0.0,2025-10-30,27300.0,0.05,75,PE,BFO-OPT,BFO
4577,220575749,861624,SENSEX5025OCT26750CE,SENSEX50,0.0,2025-10-30,26750.0,0.05,75,CE,BFO-OPT,BFO
4578,220613125,861770,SENSEX5025OCT26750PE,SENSEX50,0.0,2025-10-30,26750.0,0.05,75,PE,BFO-OPT,BFO
4579,227160837,887347,SENSEX5025OCT27350CE,SENSEX50,0.0,2025-10-30,27350.0,0.05,75,CE,BFO-OPT,BFO
4580,227199237,887497,SENSEX5025OCT27350PE,SENSEX50,0.0,2025-10-30,27350.0,0.05,75,PE,BFO-OPT,BFO
4581,220463365,861185,SENSEX5025OCT26700PE,SENSEX50,0.0,2025-10-30,26700.0,0.05,75,PE,BFO-OPT,BFO
4582,220605445,861740,SENSEX5025OCT26700CE,SENSEX50,0.0,2025-10-30,26700.0,0.05,75,CE,BFO-OPT,BFO
4583,227366149,888149,SENSEX5025OCT27400PE,SENSEX50,0.0,2025-10-30,27400.0,0.05,75,PE,BFO-OPT,BFO
4584,227443205,888450,SENSEX5025OCT27400CE,SENSEX50,0.0,2025-10-30,27400.0,0.05,75,CE,BFO-OPT,BFO
4585,227398149,888274,SENSEX5025OCT27450CE,SENSEX50,0.0,2025-10-30,27450.0,0.05,75,CE,BFO-OPT,BFO
4586,290207749,1133624,SENSEX5025OCT28000CE,SENSEX50,0.0,2025-10-30,28000.0,0.05,75,CE,BFO-OPT,BFO
4587,290233349,1133724,SENSEX5025OCT28000PE,SENSEX50,0.0,2025-10-30,28000.0,0.05,75,PE,BFO-OPT,BFO
4588,290237701,1133741,SENSEX5025OCT27950CE,SENSEX50,0.0,2025-10-30,27950.0,0.05,75,CE,BFO-OPT,BFO
4589,290264837,1133847,SENSEX5025OCT27950PE,SENSEX50,0.0,2025-10-30,27950.0,0.05,75,PE,BFO-OPT,BFO
4590,290215941,1133656,SENSEX5025OCT27900PE,SENSEX50,0.0,2025-10-30,27900.0,0.05,75,PE,BFO-OPT,BFO
4591,290260741,1133831,SENSEX5025OCT27900CE,SENSEX50,0.0,2025-10-30,27900.0,0.05,75,CE,BFO-OPT,BFO
4592,290106629,1133229,SENSEX5025OCT27850CE,SENSEX50,0.0,2025-10-30,27850.0,0.05,75,CE,BFO-OPT,BFO
4593,290128645,1133315,SENSEX5025OCT27850PE,SENSEX50,0.0,2025-10-30,27850.0,0.05,75,PE,BFO-OPT,BFO
4594,290125061,1133301,SENSEX5025OCT27800CE,SENSEX50,0.0,2025-10-30,27800.0,0.05,75,CE,BFO-OPT,BFO
4595,290145797,1133382,SENSEX5025OCT27800PE,SENSEX50,0.0,2025-10-30,27800.0,0.05,75,PE,BFO-OPT,BFO
4596,290133509,1133334,SENSEX5025OCT27750CE,SENSEX50,0.0,2025-10-30,27750.0,0.05,75,CE,BFO-OPT,BFO
4597,290152709,1133409,SENSEX5025OCT27750PE,SENSEX50,0.0,2025-10-30,27750.0,0.05,75,PE,BFO-OPT,BFO
4598,289985285,1132755,SENSEX5025OCT27700CE,SENSEX50,0.0,2025-10-30,27700.0,0.05,75,CE,BFO-OPT,BFO
4599,290030341,1132931,SENSEX5025OCT27700PE,SENSEX50,0.0,2025-10-30,27700.0,0.05,75,PE,BFO-OPT,BFO
4600,289933061,1132551,SENSEX5025OCT27650PE,SENSEX50,0.0,2025-10-30,27650.0,0.05,75,PE,BFO-OPT,BFO
4601,290002437,1132822,SENSEX5025OCT27650CE,SENSEX50,0.0,2025-10-30,27650.0,0.05,75,CE,BFO-OPT,BFO
4602,289927429,1132529,SENSEX5025OCT27600CE,SENSEX50,0.0,2025-10-30,27600.0,0.05,75,CE,BFO-OPT,BFO
4603,289966597,1132682,SENSEX5025OCT27600PE,SENSEX50,0.0,2025-10-30,27600.0,0.05,75,PE,BFO-OPT,BFO
4604,227555589,888889,SENSEX5025OCT27550CE,SENSEX50,0.0,2025-10-30,27550.0,0.05,75,CE,BFO-OPT,BFO
4605,227616005,889125,SENSEX5025OCT27550PE,SENSEX50,0.0,2025-10-30,27550.0,0.05,75,PE,BFO-OPT,BFO
4606,227596037,889047,SENSEX5025OCT27500CE,SENSEX50,0.0,2025-10-30,27500.0,0.05,75,CE,BFO-OPT,BFO
4607,227668997,889332,SENSEX5025OCT27500PE,SENSEX50,0.0,2025-10-30,27500.0,0.05,75,PE,BFO-OPT,BFO
4608,227335429,888029,SENSEX5025OCT27450PE,SENSEX50,0.0,2025-10-30,27450.0,0.05,75,PE,BFO-OPT,BFO
4609,220478725,861245,SENSEX5025OCT26650PE,SENSEX50,0.0,2025-10-30,26650.0,0.05,75,PE,BFO-OPT,BFO
4610,220618757,861792,SENSEX5025OCT26650CE,SENSEX50,0.0,2025-10-30,26650.0,0.05,75,CE,BFO-OPT,BFO
4611,220469253,861208,SENSEX5025OCT26600CE,SENSEX50,0.0,2025-10-30,26600.0,0.05,75,CE,BFO-OPT,BFO
4612,220589061,861676,SENSEX5025OCT26600PE,SENSEX50,0.0,2025-10-30,26600.0,0.05,75,PE,BFO-OPT,BFO
4613,220565253,861583,SENSEX5025OCT26550CE,SENSEX50,0.0,2025-10-30,26550.0,0.05,75,CE,BFO-OPT,BFO
4614,220602885,861730,SENSEX5025OCT26550PE,SENSEX50,0.0,2025-10-30,26550.0,0.05,75,PE,BFO-OPT,BFO
4615,220594949,861699,SENSEX5025OCT26500CE,SENSEX50,0.0,2025-10-30,26500.0,0.05,75,CE,BFO-OPT,BFO
4616,220631045,861840,SENSEX5025OCT26500PE,SENSEX50,0.0,2025-10-30,26500.0,0.05,75,PE,BFO-OPT,BFO
4617,220466949,861199,SENSEX5025OCT26450PE,SENSEX50,0.0,2025-10-30,26450.0,0.05,75,PE,BFO-OPT,BFO
4618,220607493,861748,SENSEX5025OCT26450CE,SENSEX50,0.0,2025-10-30,26450.0,0.05,75,CE,BFO-OPT,BFO
4619,220459525,861170,SENSEX5025OCT26400CE,SENSEX50,0.0,2025-10-30,26400.0,0.05,75,CE,BFO-OPT,BFO
4620,220497157,861317,SENSEX5025OCT26400PE,SENSEX50,0.0,2025-10-30,26400.0,0.05,75,PE,BFO-OPT,BFO
4621,220554757,861542,SENSEX5025OCT26350CE,SENSEX50,0.0,2025-10-30,26350.0,0.05,75,CE,BFO-OPT,BFO
4622,220592133,861688,SENSEX5025OCT26350PE,SENSEX50,0.0,2025-10-30,26350.0,0.05,75,PE,BFO-OPT,BFO
4623,220582917,861652,SENSEX5025OCT26300CE,SENSEX50,0.0,2025-10-30,26300.0,0.05,75,CE,BFO-OPT,BFO
4624,220619781,861796,SENSEX5025OCT26300PE,SENSEX50,0.0,2025-10-30,26300.0,0.05,75,PE,BFO-OPT,BFO
4625,220456965,861160,SENSEX5025OCT26250PE,SENSEX50,0.0,2025-10-30,26250.0,0.05,75,PE,BFO-OPT,BFO
4626,220597509,861709,SENSEX5025OCT26250CE,SENSEX50,0.0,2025-10-30,26250.0,0.05,75,CE,BFO-OPT,BFO
4627,220485381,861271,SENSEX5025OCT26200PE,SENSEX50,0.0,2025-10-30,26200.0,0.05,75,PE,BFO-OPT,BFO
4628,220627205,861825,SENSEX5025OCT26200CE,SENSEX50,0.0,2025-10-30,26200.0,0.05,75,CE,BFO-OPT,BFO
4629,220462341,861181,SENSEX5025OCT26150CE,SENSEX50,0.0,2025-10-30,26150.0,0.05,75,CE,BFO-OPT,BFO
4630,220579333,861638,SENSEX5025OCT26150PE,SENSEX50,0.0,2025-10-30,26150.0,0.05,75,PE,BFO-OPT,BFO
4631,220492293,861298,SENSEX5025OCT26100CE,SENSEX50,0.0,2025-10-30,26100.0,0.05,75,CE,BFO-OPT,BFO
4632,220608773,861753,SENSEX5025OCT26100PE,SENSEX50,0.0,2025-10-30,26100.0,0.05,75,PE,BFO-OPT,BFO
4633,220586501,861666,SENSEX5025OCT26050CE,SENSEX50,0.0,2025-10-30,26050.0,0.05,75,CE,BFO-OPT,BFO
4634,220624389,861814,SENSEX5025OCT26050PE,SENSEX50,0.0,2025-10-30,26050.0,0.05,75,PE,BFO-OPT,BFO
4635,220472837,861222,SENSEX5025OCT26000PE,SENSEX50,0.0,2025-10-30,26000.0,0.05,75,PE,BFO-OPT,BFO
4636,220614917,861777,SENSEX5025OCT26000CE,SENSEX50,0.0,2025-10-30,26000.0,0.05,75,CE,BFO-OPT,BFO
4637,220480261,861251,SENSEX5025OCT25950CE,SENSEX50,0.0,2025-10-30,25950.0,0.05,75,CE,BFO-OPT,BFO
4638,220521989,861414,SENSEX5025OCT25950PE,SENSEX50,0.0,2025-10-30,25950.0,0.05,75,PE,BFO-OPT,BFO
4639,220512517,861377,SENSEX5025OCT25900CE,SENSEX50,0.0,2025-10-30,25900.0,0.05,75,CE,BFO-OPT,BFO
4640,220550405,861525,SENSEX5025OCT25900PE,SENSEX50,0.0,2025-10-30,25900.0,0.05,75,PE,BFO-OPT,BFO
4641,220526853,861433,SENSEX5025OCT25850CE,SENSEX50,0.0,2025-10-30,25850.0,0.05,75,CE,BFO-OPT,BFO
4642,220564741,861581,SENSEX5025OCT25850PE,SENSEX50,0.0,2025-10-30,25850.0,0.05,75,PE,BFO-OPT,BFO
4643,220494597,861307,SENSEX5025OCT25800PE,SENSEX50,0.0,2025-10-30,25800.0,0.05,75,PE,BFO-OPT,BFO
4644,220557061,861551,SENSEX5025OCT25800CE,SENSEX50,0.0,2025-10-30,25800.0,0.05,75,CE,BFO-OPT,BFO
4645,220468229,861204,SENSEX5025OCT25750CE,SENSEX50,0.0,2025-10-30,25750.0,0.05,75,CE,BFO-OPT,BFO
4646,220508165,861360,SENSEX5025OCT25750PE,SENSEX50,0.0,2025-10-30,25750.0,0.05,75,PE,BFO-OPT,BFO
4647,220500741,861331,SENSEX5025OCT25700CE,SENSEX50,0.0,2025-10-30,25700.0,0.05,75,CE,BFO-OPT,BFO
4648,220539141,861481,SENSEX5025OCT25700PE,SENSEX50,0.0,2025-10-30,25700.0,0.05,75,PE,BFO-OPT,BFO
4649,220514821,861386,SENSEX5025OCT25650CE,SENSEX50,0.0,2025-10-30,25650.0,0.05,75,CE,BFO-OPT,BFO
4650,220553989,861539,SENSEX5025OCT25650PE,SENSEX50,0.0,2025-10-30,25650.0,0.05,75,PE,BFO-OPT,BFO
4651,220544517,861502,SENSEX5025OCT25600CE,SENSEX50,0.0,2025-10-30,25600.0,0.05,75,CE,BFO-OPT,BFO
4652,220580869,861644,SENSEX5025OCT25600PE,SENSEX50,0.0,2025-10-30,25600.0,0.05,75,PE,BFO-OPT,BFO
4653,220458501,861166,SENSEX5025OCT25550CE,SENSEX50,0.0,2025-10-30,25550.0,0.05,75,CE,BFO-OPT,BFO
4654,220496645,861315,SENSEX5025OCT25550PE,SENSEX50,0.0,2025-10-30,25550.0,0.05,75,PE,BFO-OPT,BFO
4655,220488709,861284,SENSEX5025OCT25500CE,SENSEX50,0.0,2025-10-30,25500.0,0.05,75,CE,BFO-OPT,BFO
4656,220528133,861438,SENSEX5025OCT25500PE,SENSEX50,0.0,2025-10-30,25500.0,0.05,75,PE,BFO-OPT,BFO
4657,220502789,861339,SENSEX5025OCT25450CE,SENSEX50,0.0,2025-10-30,25450.0,0.05,75,CE,BFO-OPT,BFO
4658,220542213,861493,SENSEX5025OCT25450PE,SENSEX50,0.0,2025-10-30,25450.0,0.05,75,PE,BFO-OPT,BFO
4659,220534533,861463,SENSEX5025OCT25400CE,SENSEX50,0.0,2025-10-30,25400.0,0.05,75,CE,BFO-OPT,BFO
4660,220570373,861603,SENSEX5025OCT25400PE,SENSEX50,0.0,2025-10-30,25400.0,0.05,75,PE,BFO-OPT,BFO
4661,220485125,861270,SENSEX5025OCT25350PE,SENSEX50,0.0,2025-10-30,25350.0,0.05,75,PE,BFO-OPT,BFO
4662,220547077,861512,SENSEX5025OCT25350CE,SENSEX50,0.0,2025-10-30,25350.0,0.05,75,CE,BFO-OPT,BFO
4663,220516869,861394,SENSEX5025OCT25300PE,SENSEX50,0.0,2025-10-30,25300.0,0.05,75,PE,BFO-OPT,BFO
4664,220576773,861628,SENSEX5025OCT25300CE,SENSEX50,0.0,2025-10-30,25300.0,0.05,75,CE,BFO-OPT,BFO
4665,220491269,861294,SENSEX5025OCT25250CE,SENSEX50,0.0,2025-10-30,25250.0,0.05,75,CE,BFO-OPT,BFO
4666,220532229,861454,SENSEX5025OCT25250PE,SENSEX50,0.0,2025-10-30,25250.0,0.05,75,PE,BFO-OPT,BFO
4667,220524037,861422,SENSEX5025OCT25200CE,SENSEX50,0.0,2025-10-30,25200.0,0.05,75,CE,BFO-OPT,BFO
4668,220560389,861564,SENSEX5025OCT25200PE,SENSEX50,0.0,2025-10-30,25200.0,0.05,75,PE,BFO-OPT,BFO
4669,220537349,861474,SENSEX5025OCT25150CE,SENSEX50,0.0,2025-10-30,25150.0,0.05,75,CE,BFO-OPT,BFO
4670,220574213,861618,SENSEX5025OCT25150PE,SENSEX50,0.0,2025-10-30,25150.0,0.05,75,PE,BFO-OPT,BFO
4671,220566277,861587,SENSEX5025OCT25100CE,SENSEX50,0.0,2025-10-30,25100.0,0.05,75,CE,BFO-OPT,BFO
4672,220603397,861732,SENSEX5025OCT25100PE,SENSEX50,0.0,2025-10-30,25100.0,0.05,75,PE,BFO-OPT,BFO
4673,220479493,861248,SENSEX5025OCT25050CE,SENSEX50,0.0,2025-10-30,25050.0,0.05,75,CE,BFO-OPT,BFO
4674,220521221,861411,SENSEX5025OCT25050PE,SENSEX50,0.0,2025-10-30,25050.0,0.05,75,PE,BFO-OPT,BFO
4675,220510725,861370,SENSEX5025OCT25000CE,SENSEX50,0.0,2025-10-30,25000.0,0.05,75,CE,BFO-OPT,BFO
4676,220548357,861517,SENSEX5025OCT25000PE,SENSEX50,0.0,2025-10-30,25000.0,0.05,75,PE,BFO-OPT,BFO
4677,220556037,861547,SENSEX5025OCT24950CE,SENSEX50,0.0,2025-10-30,24950.0,0.05,75,CE,BFO-OPT,BFO
4678,220592645,861690,SENSEX5025OCT24950PE,SENSEX50,0.0,2025-10-30,24950.0,0.05,75,PE,BFO-OPT,BFO
4679,220769797,862382,SENSEX5025OCT24900CE,SENSEX50,0.0,2025-10-30,24900.0,0.05,75,CE,BFO-OPT,BFO
4680,220799237,862497,SENSEX5025OCT24900PE,SENSEX50,0.0,2025-10-30,24900.0,0.05,75,PE,BFO-OPT,BFO
4681,220853765,862710,SENSEX5025OCT24850PE,SENSEX50,0.0,2025-10-30,24850.0,0.05,75,PE,BFO-OPT,BFO
4682,220984325,863220,SENSEX5025OCT24850CE,SENSEX50,0.0,2025-10-30,24850.0,0.05,75,CE,BFO-OPT,BFO
4683,220882693,862823,SENSEX5025OCT24800PE,SENSEX50,0.0,2025-10-30,24800.0,0.05,75,PE,BFO-OPT,BFO
4684,221014533,863338,SENSEX5025OCT24800CE,SENSEX50,0.0,2025-10-30,24800.0,0.05,75,CE,BFO-OPT,BFO
4685,220932869,863019,SENSEX5025OCT24750CE,SENSEX50,0.0,2025-10-30,24750.0,0.05,75,CE,BFO-OPT,BFO
4686,220967173,863153,SENSEX5025OCT24750PE,SENSEX50,0.0,2025-10-30,24750.0,0.05,75,PE,BFO-OPT,BFO
4687,220960005,863125,SENSEX5025OCT24700CE,SENSEX50,0.0,2025-10-30,24700.0,0.05,75,CE,BFO-OPT,BFO
4688,220997381,863271,SENSEX5025OCT24700PE,SENSEX50,0.0,2025-10-30,24700.0,0.05,75,PE,BFO-OPT,BFO
4689,220972293,863173,SENSEX5025OCT24650CE,SENSEX50,0.0,2025-10-30,24650.0,0.05,75,CE,BFO-OPT,BFO
4690,221011717,863327,SENSEX5025OCT24650PE,SENSEX50,0.0,2025-10-30,24650.0,0.05,75,PE,BFO-OPT,BFO
4691,221187077,864012,SENSEX5025OCT24600PE,SENSEX50,0.0,2025-10-30,24600.0,0.05,75,PE,BFO-OPT,BFO
4692,221299205,864450,SENSEX5025OCT24600CE,SENSEX50,0.0,2025-10-30,24600.0,0.05,75,CE,BFO-OPT,BFO
4693,221261061,864301,SENSEX5025OCT24550PE,SENSEX50,0.0,2025-10-30,24550.0,0.05,75,PE,BFO-OPT,BFO
4694,221307141,864481,SENSEX5025OCT24550CE,SENSEX50,0.0,2025-10-30,24550.0,0.05,75,CE,BFO-OPT,BFO
4695,221192965,864035,SENSEX5025OCT24500CE,SENSEX50,0.0,2025-10-30,24500.0,0.05,75,CE,BFO-OPT,BFO
4696,221284101,864391,SENSEX5025OCT24500PE,SENSEX50,0.0,2025-10-30,24500.0,0.05,75,PE,BFO-OPT,BFO
4697,221266181,864321,SENSEX5025OCT24450CE,SENSEX50,0.0,2025-10-30,24450.0,0.05,75,CE,BFO-OPT,BFO
4698,221296389,864439,SENSEX5025OCT24450PE,SENSEX50,0.0,2025-10-30,24450.0,0.05,75,PE,BFO-OPT,BFO
4699,226743045,885715,SENSEX5025NOV27150CE,SENSEX50,0.0,2025-11-27,27150.0,0.05,75,CE,BFO-OPT,BFO
4700,226749957,885742,SENSEX5025NOV27150PE,SENSEX50,0.0,2025-11-27,27150.0,0.05,75,PE,BFO-OPT,BFO
4701,226716421,885611,SENSEX5025NOV27100CE,SENSEX50,0.0,2025-11-27,27100.0,0.05,75,CE,BFO-OPT,BFO
4702,226721541,885631,SENSEX5025NOV27100PE,SENSEX50,0.0,2025-11-27,27100.0,0.05,75,PE,BFO-OPT,BFO
4703,226760453,885783,SENSEX5025NOV27200CE,SENSEX50,0.0,2025-11-27,27200.0,0.05,75,CE,BFO-OPT,BFO
4704,226770181,885821,SENSEX5025NOV27200PE,SENSEX50,0.0,2025-11-27,27200.0,0.05,75,PE,BFO-OPT,BFO
4705,226092293,883173,SENSEX5025NOV27050CE,SENSEX50,0.0,2025-11-27,27050.0,0.05,75,CE,BFO-OPT,BFO
4706,226235909,883734,SENSEX5025NOV27050PE,SENSEX50,0.0,2025-11-27,27050.0,0.05,75,PE,BFO-OPT,BFO
4707,227226117,887602,SENSEX5025NOV27250CE,SENSEX50,0.0,2025-11-27,27250.0,0.05,75,CE,BFO-OPT,BFO
4708,227260933,887738,SENSEX5025NOV27250PE,SENSEX50,0.0,2025-11-27,27250.0,0.05,75,PE,BFO-OPT,BFO
4709,226204421,883611,SENSEX5025NOV27000CE,SENSEX50,0.0,2025-11-27,27000.0,0.05,75,CE,BFO-OPT,BFO
4710,226434053,884508,SENSEX5025NOV27000PE,SENSEX50,0.0,2025-11-27,27000.0,0.05,75,PE,BFO-OPT,BFO
4711,227210245,887540,SENSEX5025NOV27300CE,SENSEX50,0.0,2025-11-27,27300.0,0.05,75,CE,BFO-OPT,BFO
4712,227247621,887686,SENSEX5025NOV27300PE,SENSEX50,0.0,2025-11-27,27300.0,0.05,75,PE,BFO-OPT,BFO
4713,224980485,878830,SENSEX5025NOV26950PE,SENSEX50,0.0,2025-11-27,26950.0,0.05,75,PE,BFO-OPT,BFO
4714,225272837,879972,SENSEX5025NOV26950CE,SENSEX50,0.0,2025-11-27,26950.0,0.05,75,CE,BFO-OPT,BFO
4715,227182085,887430,SENSEX5025NOV27350CE,SENSEX50,0.0,2025-11-27,27350.0,0.05,75,CE,BFO-OPT,BFO
4716,227220741,887581,SENSEX5025NOV27350PE,SENSEX50,0.0,2025-11-27,27350.0,0.05,75,PE,BFO-OPT,BFO
4717,225207301,879716,SENSEX5025NOV26900PE,SENSEX50,0.0,2025-11-27,26900.0,0.05,75,PE,BFO-OPT,BFO
4718,225459973,880703,SENSEX5025NOV26900CE,SENSEX50,0.0,2025-11-27,26900.0,0.05,75,CE,BFO-OPT,BFO
4719,227387909,888234,SENSEX5025NOV27400PE,SENSEX50,0.0,2025-11-27,27400.0,0.05,75,PE,BFO-OPT,BFO
4720,227459077,888512,SENSEX5025NOV27400CE,SENSEX50,0.0,2025-11-27,27400.0,0.05,75,CE,BFO-OPT,BFO
4721,224874757,878417,SENSEX5025NOV26850PE,SENSEX50,0.0,2025-11-27,26850.0,0.05,75,PE,BFO-OPT,BFO
4722,224913925,878570,SENSEX5025NOV26850CE,SENSEX50,0.0,2025-11-27,26850.0,0.05,75,CE,BFO-OPT,BFO
4723,227352581,888096,SENSEX5025NOV27450PE,SENSEX50,0.0,2025-11-27,27450.0,0.05,75,PE,BFO-OPT,BFO
4724,227428357,888392,SENSEX5025NOV27450CE,SENSEX50,0.0,2025-11-27,27450.0,0.05,75,CE,BFO-OPT,BFO
4725,224699653,877733,SENSEX5025NOV26800CE,SENSEX50,0.0,2025-11-27,26800.0,0.05,75,CE,BFO-OPT,BFO
4726,224765445,877990,SENSEX5025NOV26800PE,SENSEX50,0.0,2025-11-27,26800.0,0.05,75,PE,BFO-OPT,BFO
4727,227638789,889214,SENSEX5025NOV27500CE,SENSEX50,0.0,2025-11-27,27500.0,0.05,75,CE,BFO-OPT,BFO
4728,227708677,889487,SENSEX5025NOV27500PE,SENSEX50,0.0,2025-11-27,27500.0,0.05,75,PE,BFO-OPT,BFO
4729,227651077,889262,SENSEX5025NOV27550PE,SENSEX50,0.0,2025-11-27,27550.0,0.05,75,PE,BFO-OPT,BFO
4730,290220293,1133673,SENSEX5025NOV28000CE,SENSEX50,0.0,2025-11-27,28000.0,0.05,75,CE,BFO-OPT,BFO
4731,290248197,1133782,SENSEX5025NOV28000PE,SENSEX50,0.0,2025-11-27,28000.0,0.05,75,PE,BFO-OPT,BFO
4732,290209541,1133631,SENSEX5025NOV27950PE,SENSEX50,0.0,2025-11-27,27950.0,0.05,75,PE,BFO-OPT,BFO
4733,290252549,1133799,SENSEX5025NOV27950CE,SENSEX50,0.0,2025-11-27,27950.0,0.05,75,CE,BFO-OPT,BFO
4734,290229253,1133708,SENSEX5025NOV27900PE,SENSEX50,0.0,2025-11-27,27900.0,0.05,75,PE,BFO-OPT,BFO
4735,290273797,1133882,SENSEX5025NOV27900CE,SENSEX50,0.0,2025-11-27,27900.0,0.05,75,CE,BFO-OPT,BFO
4736,290119173,1133278,SENSEX5025NOV27850CE,SENSEX50,0.0,2025-11-27,27850.0,0.05,75,CE,BFO-OPT,BFO
4737,290141701,1133366,SENSEX5025NOV27850PE,SENSEX50,0.0,2025-11-27,27850.0,0.05,75,PE,BFO-OPT,BFO
4738,290137605,1133350,SENSEX5025NOV27800CE,SENSEX50,0.0,2025-11-27,27800.0,0.05,75,CE,BFO-OPT,BFO
4739,290154757,1133417,SENSEX5025NOV27800PE,SENSEX50,0.0,2025-11-27,27800.0,0.05,75,PE,BFO-OPT,BFO
4740,290144517,1133377,SENSEX5025NOV27750CE,SENSEX50,0.0,2025-11-27,27750.0,0.05,75,CE,BFO-OPT,BFO
4741,290160645,1133440,SENSEX5025NOV27750PE,SENSEX50,0.0,2025-11-27,27750.0,0.05,75,PE,BFO-OPT,BFO
4742,290010885,1132855,SENSEX5025NOV27700CE,SENSEX50,0.0,2025-11-27,27700.0,0.05,75,CE,BFO-OPT,BFO
4743,290053893,1133023,SENSEX5025NOV27700PE,SENSEX50,0.0,2025-11-27,27700.0,0.05,75,PE,BFO-OPT,BFO
4744,289916421,1132486,SENSEX5025NOV27650CE,SENSEX50,0.0,2025-11-27,27650.0,0.05,75,CE,BFO-OPT,BFO
4745,289956101,1132641,SENSEX5025NOV27650PE,SENSEX50,0.0,2025-11-27,27650.0,0.05,75,PE,BFO-OPT,BFO
4746,289946629,1132604,SENSEX5025NOV27600CE,SENSEX50,0.0,2025-11-27,27600.0,0.05,75,CE,BFO-OPT,BFO
4747,289988869,1132769,SENSEX5025NOV27600PE,SENSEX50,0.0,2025-11-27,27600.0,0.05,75,PE,BFO-OPT,BFO
4748,227582213,888993,SENSEX5025NOV27550CE,SENSEX50,0.0,2025-11-27,27550.0,0.05,75,CE,BFO-OPT,BFO
4749,224658181,877571,SENSEX5025NOV26750CE,SENSEX50,0.0,2025-11-27,26750.0,0.05,75,CE,BFO-OPT,BFO
4750,224686341,877681,SENSEX5025NOV26750PE,SENSEX50,0.0,2025-11-27,26750.0,0.05,75,PE,BFO-OPT,BFO
4751,224500741,876956,SENSEX5025NOV26700PE,SENSEX50,0.0,2025-11-27,26700.0,0.05,75,PE,BFO-OPT,BFO
4752,224545029,877129,SENSEX5025NOV26700CE,SENSEX50,0.0,2025-11-27,26700.0,0.05,75,CE,BFO-OPT,BFO
4753,224480517,876877,SENSEX5025NOV26650CE,SENSEX50,0.0,2025-11-27,26650.0,0.05,75,CE,BFO-OPT,BFO
4754,224569349,877224,SENSEX5025NOV26650PE,SENSEX50,0.0,2025-11-27,26650.0,0.05,75,PE,BFO-OPT,BFO
4755,224511493,876998,SENSEX5025NOV26600PE,SENSEX50,0.0,2025-11-27,26600.0,0.05,75,PE,BFO-OPT,BFO
4756,224515845,877015,SENSEX5025NOV26600CE,SENSEX50,0.0,2025-11-27,26600.0,0.05,75,CE,BFO-OPT,BFO
4757,223737861,873976,SENSEX5025NOV26550CE,SENSEX50,0.0,2025-11-27,26550.0,0.05,75,CE,BFO-OPT,BFO
4758,224143365,875560,SENSEX5025NOV26550PE,SENSEX50,0.0,2025-11-27,26550.0,0.05,75,PE,BFO-OPT,BFO
4759,223668741,873706,SENSEX5025NOV26500PE,SENSEX50,0.0,2025-11-27,26500.0,0.05,75,PE,BFO-OPT,BFO
4760,224015877,875062,SENSEX5025NOV26500CE,SENSEX50,0.0,2025-11-27,26500.0,0.05,75,CE,BFO-OPT,BFO
4761,223851269,874419,SENSEX5025NOV26450PE,SENSEX50,0.0,2025-11-27,26450.0,0.05,75,PE,BFO-OPT,BFO
4762,224232453,875908,SENSEX5025NOV26450CE,SENSEX50,0.0,2025-11-27,26450.0,0.05,75,CE,BFO-OPT,BFO
4763,223767045,874090,SENSEX5025NOV26400CE,SENSEX50,0.0,2025-11-27,26400.0,0.05,75,CE,BFO-OPT,BFO
4764,224165381,875646,SENSEX5025NOV26400PE,SENSEX50,0.0,2025-11-27,26400.0,0.05,75,PE,BFO-OPT,BFO
4765,223945221,874786,SENSEX5025NOV26350PE,SENSEX50,0.0,2025-11-27,26350.0,0.05,75,PE,BFO-OPT,BFO
4766,224296709,876159,SENSEX5025NOV26350CE,SENSEX50,0.0,2025-11-27,26350.0,0.05,75,CE,BFO-OPT,BFO
4767,223834373,874353,SENSEX5025NOV26300CE,SENSEX50,0.0,2025-11-27,26300.0,0.05,75,CE,BFO-OPT,BFO
4768,224229893,875898,SENSEX5025NOV26300PE,SENSEX50,0.0,2025-11-27,26300.0,0.05,75,PE,BFO-OPT,BFO
4769,223726597,873932,SENSEX5025NOV26250PE,SENSEX50,0.0,2025-11-27,26250.0,0.05,75,PE,BFO-OPT,BFO
4770,224123909,875484,SENSEX5025NOV26250CE,SENSEX50,0.0,2025-11-27,26250.0,0.05,75,CE,BFO-OPT,BFO
4771,223995653,874983,SENSEX5025NOV26200PE,SENSEX50,0.0,2025-11-27,26200.0,0.05,75,PE,BFO-OPT,BFO
4772,224321797,876257,SENSEX5025NOV26200CE,SENSEX50,0.0,2025-11-27,26200.0,0.05,75,CE,BFO-OPT,BFO
4773,223799813,874218,SENSEX5025NOV26150PE,SENSEX50,0.0,2025-11-27,26150.0,0.05,75,PE,BFO-OPT,BFO
4774,223826437,874322,SENSEX5025NOV26150CE,SENSEX50,0.0,2025-11-27,26150.0,0.05,75,CE,BFO-OPT,BFO
4775,224122629,875479,SENSEX5025NOV26100PE,SENSEX50,0.0,2025-11-27,26100.0,0.05,75,PE,BFO-OPT,BFO
4776,224146693,875573,SENSEX5025NOV26100CE,SENSEX50,0.0,2025-11-27,26100.0,0.05,75,CE,BFO-OPT,BFO
4777,223901445,874615,SENSEX5025NOV26050CE,SENSEX50,0.0,2025-11-27,26050.0,0.05,75,CE,BFO-OPT,BFO
4778,224285701,876116,SENSEX5025NOV26050PE,SENSEX50,0.0,2025-11-27,26050.0,0.05,75,PE,BFO-OPT,BFO
4779,223824389,874314,SENSEX5025NOV26000PE,SENSEX50,0.0,2025-11-27,26000.0,0.05,75,PE,BFO-OPT,BFO
4780,224207365,875810,SENSEX5025NOV26000CE,SENSEX50,0.0,2025-11-27,26000.0,0.05,75,CE,BFO-OPT,BFO
4781,223821573,874303,SENSEX5025NOV25950CE,SENSEX50,0.0,2025-11-27,25950.0,0.05,75,CE,BFO-OPT,BFO
4782,224214533,875838,SENSEX5025NOV25950PE,SENSEX50,0.0,2025-11-27,25950.0,0.05,75,PE,BFO-OPT,BFO
4783,223747845,874015,SENSEX5025NOV25900PE,SENSEX50,0.0,2025-11-27,25900.0,0.05,75,PE,BFO-OPT,BFO
4784,224142341,875556,SENSEX5025NOV25900CE,SENSEX50,0.0,2025-11-27,25900.0,0.05,75,CE,BFO-OPT,BFO
4785,224281093,876098,SENSEX5025NOV25850PE,SENSEX50,0.0,2025-11-27,25850.0,0.05,75,PE,BFO-OPT,BFO
4786,224310021,876211,SENSEX5025NOV25850CE,SENSEX50,0.0,2025-11-27,25850.0,0.05,75,CE,BFO-OPT,BFO
4787,223820549,874299,SENSEX5025NOV25800PE,SENSEX50,0.0,2025-11-27,25800.0,0.05,75,PE,BFO-OPT,BFO
4788,223848197,874407,SENSEX5025NOV25800CE,SENSEX50,0.0,2025-11-27,25800.0,0.05,75,CE,BFO-OPT,BFO
4789,223699461,873826,SENSEX5025NOV25750CE,SENSEX50,0.0,2025-11-27,25750.0,0.05,75,CE,BFO-OPT,BFO
4790,224105989,875414,SENSEX5025NOV25750PE,SENSEX50,0.0,2025-11-27,25750.0,0.05,75,PE,BFO-OPT,BFO
4791,223943429,874779,SENSEX5025NOV25700CE,SENSEX50,0.0,2025-11-27,25700.0,0.05,75,CE,BFO-OPT,BFO
4792,224308229,876204,SENSEX5025NOV25700PE,SENSEX50,0.0,2025-11-27,25700.0,0.05,75,PE,BFO-OPT,BFO
4793,223809029,874254,SENSEX5025NOV25650PE,SENSEX50,0.0,2025-11-27,25650.0,0.05,75,PE,BFO-OPT,BFO
4794,224197893,875773,SENSEX5025NOV25650CE,SENSEX50,0.0,2025-11-27,25650.0,0.05,75,CE,BFO-OPT,BFO
4795,223725061,873926,SENSEX5025NOV25600CE,SENSEX50,0.0,2025-11-27,25600.0,0.05,75,CE,BFO-OPT,BFO
4796,224133637,875522,SENSEX5025NOV25600PE,SENSEX50,0.0,2025-11-27,25600.0,0.05,75,PE,BFO-OPT,BFO
4797,223884805,874550,SENSEX5025NOV25550PE,SENSEX50,0.0,2025-11-27,25550.0,0.05,75,PE,BFO-OPT,BFO
4798,224259845,876015,SENSEX5025NOV25550CE,SENSEX50,0.0,2025-11-27,25550.0,0.05,75,CE,BFO-OPT,BFO
4799,223798789,874214,SENSEX5025NOV25500CE,SENSEX50,0.0,2025-11-27,25500.0,0.05,75,CE,BFO-OPT,BFO
4800,224196613,875768,SENSEX5025NOV25500PE,SENSEX50,0.0,2025-11-27,25500.0,0.05,75,PE,BFO-OPT,BFO
4801,223688453,873783,SENSEX5025NOV25450PE,SENSEX50,0.0,2025-11-27,25450.0,0.05,75,PE,BFO-OPT,BFO
4802,224062725,875245,SENSEX5025NOV25450CE,SENSEX50,0.0,2025-11-27,25450.0,0.05,75,CE,BFO-OPT,BFO
4803,223920901,874691,SENSEX5025NOV25400PE,SENSEX50,0.0,2025-11-27,25400.0,0.05,75,PE,BFO-OPT,BFO
4804,224284421,876111,SENSEX5025NOV25400CE,SENSEX50,0.0,2025-11-27,25400.0,0.05,75,CE,BFO-OPT,BFO
4805,223763205,874075,SENSEX5025NOV25350PE,SENSEX50,0.0,2025-11-27,25350.0,0.05,75,PE,BFO-OPT,BFO
4806,223792389,874189,SENSEX5025NOV25350CE,SENSEX50,0.0,2025-11-27,25350.0,0.05,75,CE,BFO-OPT,BFO
4807,224060165,875235,SENSEX5025NOV25300PE,SENSEX50,0.0,2025-11-27,25300.0,0.05,75,PE,BFO-OPT,BFO
4808,224111877,875437,SENSEX5025NOV25300CE,SENSEX50,0.0,2025-11-27,25300.0,0.05,75,CE,BFO-OPT,BFO
4809,223862277,874462,SENSEX5025NOV25250CE,SENSEX50,0.0,2025-11-27,25250.0,0.05,75,CE,BFO-OPT,BFO
4810,224250885,875980,SENSEX5025NOV25250PE,SENSEX50,0.0,2025-11-27,25250.0,0.05,75,PE,BFO-OPT,BFO
4811,223791109,874184,SENSEX5025NOV25200PE,SENSEX50,0.0,2025-11-27,25200.0,0.05,75,PE,BFO-OPT,BFO
4812,224176133,875688,SENSEX5025NOV25200CE,SENSEX50,0.0,2025-11-27,25200.0,0.05,75,CE,BFO-OPT,BFO
4813,223672069,873719,SENSEX5025NOV25150CE,SENSEX50,0.0,2025-11-27,25150.0,0.05,75,CE,BFO-OPT,BFO
4814,224045317,875177,SENSEX5025NOV25150PE,SENSEX50,0.0,2025-11-27,25150.0,0.05,75,PE,BFO-OPT,BFO
4815,223888645,874565,SENSEX5025NOV25100CE,SENSEX50,0.0,2025-11-27,25100.0,0.05,75,CE,BFO-OPT,BFO
4816,224271877,876062,SENSEX5025NOV25100PE,SENSEX50,0.0,2025-11-27,25100.0,0.05,75,PE,BFO-OPT,BFO
4817,223738885,873980,SENSEX5025NOV25050CE,SENSEX50,0.0,2025-11-27,25050.0,0.05,75,CE,BFO-OPT,BFO
4818,224143877,875562,SENSEX5025NOV25050PE,SENSEX50,0.0,2025-11-27,25050.0,0.05,75,PE,BFO-OPT,BFO
4819,223670277,873712,SENSEX5025NOV25000PE,SENSEX50,0.0,2025-11-27,25000.0,0.05,75,PE,BFO-OPT,BFO
4820,224018693,875073,SENSEX5025NOV25000CE,SENSEX50,0.0,2025-11-27,25000.0,0.05,75,CE,BFO-OPT,BFO
4821,223666437,873697,SENSEX5025NOV24950CE,SENSEX50,0.0,2025-11-27,24950.0,0.05,75,CE,BFO-OPT,BFO
4822,224035333,875138,SENSEX5025NOV24950PE,SENSEX50,0.0,2025-11-27,24950.0,0.05,75,PE,BFO-OPT,BFO
4823,223882757,874542,SENSEX5025NOV24900CE,SENSEX50,0.0,2025-11-27,24900.0,0.05,75,CE,BFO-OPT,BFO
4824,224268805,876050,SENSEX5025NOV24900PE,SENSEX50,0.0,2025-11-27,24900.0,0.05,75,PE,BFO-OPT,BFO
4825,223776261,874126,SENSEX5025NOV24850PE,SENSEX50,0.0,2025-11-27,24850.0,0.05,75,PE,BFO-OPT,BFO
4826,224164357,875642,SENSEX5025NOV24850CE,SENSEX50,0.0,2025-11-27,24850.0,0.05,75,CE,BFO-OPT,BFO
4827,223686661,873776,SENSEX5025NOV24800CE,SENSEX50,0.0,2025-11-27,24800.0,0.05,75,CE,BFO-OPT,BFO
4828,224082181,875321,SENSEX5025NOV24800PE,SENSEX50,0.0,2025-11-27,24800.0,0.05,75,PE,BFO-OPT,BFO
4829,223845893,874398,SENSEX5025NOV24750PE,SENSEX50,0.0,2025-11-27,24750.0,0.05,75,PE,BFO-OPT,BFO
4830,224228357,875892,SENSEX5025NOV24750CE,SENSEX50,0.0,2025-11-27,24750.0,0.05,75,CE,BFO-OPT,BFO
4831,223762181,874071,SENSEX5025NOV24700CE,SENSEX50,0.0,2025-11-27,24700.0,0.05,75,CE,BFO-OPT,BFO
4832,224162821,875636,SENSEX5025NOV24700PE,SENSEX50,0.0,2025-11-27,24700.0,0.05,75,PE,BFO-OPT,BFO
4833,223991301,874966,SENSEX5025NOV24650CE,SENSEX50,0.0,2025-11-27,24650.0,0.05,75,CE,BFO-OPT,BFO
4834,224328965,876285,SENSEX5025NOV24650PE,SENSEX50,0.0,2025-11-27,24650.0,0.05,75,PE,BFO-OPT,BFO
4835,223870981,874496,SENSEX5025NOV24600PE,SENSEX50,0.0,2025-11-27,24600.0,0.05,75,PE,BFO-OPT,BFO
4836,224249349,875974,SENSEX5025NOV24600CE,SENSEX50,0.0,2025-11-27,24600.0,0.05,75,CE,BFO-OPT,BFO
4837,223723013,873918,SENSEX5025NOV24550PE,SENSEX50,0.0,2025-11-27,24550.0,0.05,75,PE,BFO-OPT,BFO
4838,223752197,874032,SENSEX5025NOV24550CE,SENSEX50,0.0,2025-11-27,24550.0,0.05,75,CE,BFO-OPT,BFO
4839,224425989,876664,SENSEX5025NOV24500PE,SENSEX50,0.0,2025-11-27,24500.0,0.05,75,PE,BFO-OPT,BFO
4840,224431109,876684,SENSEX5025NOV24500CE,SENSEX50,0.0,2025-11-27,24500.0,0.05,75,CE,BFO-OPT,BFO
4841,289382661,1130401,SENSEX5025DEC27250CE,SENSEX50,0.0,2025-12-24,27250.0,0.05,75,CE,BFO-OPT,BFO
4842,289396485,1130455,SENSEX5025DEC27250PE,SENSEX50,0.0,2025-12-24,27250.0,0.05,75,PE,BFO-OPT,BFO
4843,289389317,1130427,SENSEX5025DEC27300PE,SENSEX50,0.0,2025-12-24,27300.0,0.05,75,PE,BFO-OPT,BFO
4844,289411333,1130513,SENSEX5025DEC27300CE,SENSEX50,0.0,2025-12-24,27300.0,0.05,75,CE,BFO-OPT,BFO
4845,289179909,1129609,SENSEX5025DEC27200CE,SENSEX50,0.0,2025-12-24,27200.0,0.05,75,CE,BFO-OPT,BFO
4846,289203973,1129703,SENSEX5025DEC27200PE,SENSEX50,0.0,2025-12-24,27200.0,0.05,75,PE,BFO-OPT,BFO
4847,289471493,1130748,SENSEX5025DEC27350CE,SENSEX50,0.0,2025-12-24,27350.0,0.05,75,CE,BFO-OPT,BFO
4848,289486853,1130808,SENSEX5025DEC27350PE,SENSEX50,0.0,2025-12-24,27350.0,0.05,75,PE,BFO-OPT,BFO
4849,289188613,1129643,SENSEX5025DEC27150CE,SENSEX50,0.0,2025-12-24,27150.0,0.05,75,CE,BFO-OPT,BFO
4850,289211397,1129732,SENSEX5025DEC27150PE,SENSEX50,0.0,2025-12-24,27150.0,0.05,75,PE,BFO-OPT,BFO
4851,289466373,1130728,SENSEX5025DEC27400CE,SENSEX50,0.0,2025-12-24,27400.0,0.05,75,CE,BFO-OPT,BFO
4852,289480197,1130782,SENSEX5025DEC27400PE,SENSEX50,0.0,2025-12-24,27400.0,0.05,75,PE,BFO-OPT,BFO
4853,289206789,1129714,SENSEX5025DEC27100CE,SENSEX50,0.0,2025-12-24,27100.0,0.05,75,CE,BFO-OPT,BFO
4854,289240069,1129844,SENSEX5025DEC27100PE,SENSEX50,0.0,2025-12-24,27100.0,0.05,75,PE,BFO-OPT,BFO
4855,289852933,1132238,SENSEX5025DEC27450CE,SENSEX50,0.0,2025-12-24,27450.0,0.05,75,CE,BFO-OPT,BFO
4856,289868037,1132297,SENSEX5025DEC27450PE,SENSEX50,0.0,2025-12-24,27450.0,0.05,75,PE,BFO-OPT,BFO
4857,289177349,1129599,SENSEX5025DEC27050PE,SENSEX50,0.0,2025-12-24,27050.0,0.05,75,PE,BFO-OPT,BFO
4858,289217797,1129757,SENSEX5025DEC27050CE,SENSEX50,0.0,2025-12-24,27050.0,0.05,75,CE,BFO-OPT,BFO
4859,290015237,1132872,SENSEX5025DEC27500PE,SENSEX50,0.0,2025-12-24,27500.0,0.05,75,PE,BFO-OPT,BFO
4860,290084869,1133144,SENSEX5025DEC27500CE,SENSEX50,0.0,2025-12-24,27500.0,0.05,75,CE,BFO-OPT,BFO
4861,284347397,1110732,SENSEX5025DEC27000CE,SENSEX50,0.0,2025-12-24,27000.0,0.05,75,CE,BFO-OPT,BFO
4862,284967173,1113153,SENSEX5025DEC27000PE,SENSEX50,0.0,2025-12-24,27000.0,0.05,75,PE,BFO-OPT,BFO
4863,289977605,1132725,SENSEX5025DEC27550PE,SENSEX50,0.0,2025-12-24,27550.0,0.05,75,PE,BFO-OPT,BFO
4864,290050309,1133009,SENSEX5025DEC27550CE,SENSEX50,0.0,2025-12-24,27550.0,0.05,75,CE,BFO-OPT,BFO
4865,285083653,1113608,SENSEX5025DEC26950CE,SENSEX50,0.0,2025-12-24,26950.0,0.05,75,CE,BFO-OPT,BFO
4866,285653765,1115835,SENSEX5025DEC26950PE,SENSEX50,0.0,2025-12-24,26950.0,0.05,75,PE,BFO-OPT,BFO
4867,290036229,1132954,SENSEX5025DEC27600CE,SENSEX50,0.0,2025-12-24,27600.0,0.05,75,CE,BFO-OPT,BFO
4868,290078981,1133121,SENSEX5025DEC27600PE,SENSEX50,0.0,2025-12-24,27600.0,0.05,75,PE,BFO-OPT,BFO
4869,282345477,1102912,SENSEX5025DEC26900PE,SENSEX50,0.0,2025-12-24,26900.0,0.05,75,PE,BFO-OPT,BFO
4870,285544709,1115409,SENSEX5025DEC26900CE,SENSEX50,0.0,2025-12-24,26900.0,0.05,75,CE,BFO-OPT,BFO
4871,290044421,1132986,SENSEX5025DEC27650PE,SENSEX50,0.0,2025-12-24,27650.0,0.05,75,PE,BFO-OPT,BFO
4872,290205189,1133614,SENSEX5025DEC28000CE,SENSEX50,0.0,2025-12-24,28000.0,0.05,75,CE,BFO-OPT,BFO
4873,290231301,1133716,SENSEX5025DEC28000PE,SENSEX50,0.0,2025-12-24,28000.0,0.05,75,PE,BFO-OPT,BFO
4874,290236933,1133738,SENSEX5025DEC27950CE,SENSEX50,0.0,2025-12-24,27950.0,0.05,75,CE,BFO-OPT,BFO
4875,290261765,1133835,SENSEX5025DEC27950PE,SENSEX50,0.0,2025-12-24,27950.0,0.05,75,PE,BFO-OPT,BFO
4876,290258181,1133821,SENSEX5025DEC27900CE,SENSEX50,0.0,2025-12-24,27900.0,0.05,75,CE,BFO-OPT,BFO
4877,290282501,1133916,SENSEX5025DEC27900PE,SENSEX50,0.0,2025-12-24,27900.0,0.05,75,PE,BFO-OPT,BFO
4878,290157829,1133429,SENSEX5025DEC27850CE,SENSEX50,0.0,2025-12-24,27850.0,0.05,75,CE,BFO-OPT,BFO
4879,290172165,1133485,SENSEX5025DEC27850PE,SENSEX50,0.0,2025-12-24,27850.0,0.05,75,PE,BFO-OPT,BFO
4880,290167301,1133466,SENSEX5025DEC27800CE,SENSEX50,0.0,2025-12-24,27800.0,0.05,75,CE,BFO-OPT,BFO
4881,290187013,1133543,SENSEX5025DEC27800PE,SENSEX50,0.0,2025-12-24,27800.0,0.05,75,PE,BFO-OPT,BFO
4882,290131973,1133328,SENSEX5025DEC27750CE,SENSEX50,0.0,2025-12-24,27750.0,0.05,75,CE,BFO-OPT,BFO
4883,290150661,1133401,SENSEX5025DEC27750PE,SENSEX50,0.0,2025-12-24,27750.0,0.05,75,PE,BFO-OPT,BFO
4884,289981445,1132740,SENSEX5025DEC27700CE,SENSEX50,0.0,2025-12-24,27700.0,0.05,75,CE,BFO-OPT,BFO
4885,290027269,1132919,SENSEX5025DEC27700PE,SENSEX50,0.0,2025-12-24,27700.0,0.05,75,PE,BFO-OPT,BFO
4886,289996805,1132800,SENSEX5025DEC27650CE,SENSEX50,0.0,2025-12-24,27650.0,0.05,75,CE,BFO-OPT,BFO
4887,282674693,1104198,SENSEX5025DEC26850PE,SENSEX50,0.0,2025-12-24,26850.0,0.05,75,PE,BFO-OPT,BFO
4888,285732357,1116142,SENSEX5025DEC26850CE,SENSEX50,0.0,2025-12-24,26850.0,0.05,75,CE,BFO-OPT,BFO
4889,282454789,1103339,SENSEX5025DEC26800CE,SENSEX50,0.0,2025-12-24,26800.0,0.05,75,CE,BFO-OPT,BFO
4890,283208453,1106283,SENSEX5025DEC26800PE,SENSEX50,0.0,2025-12-24,26800.0,0.05,75,PE,BFO-OPT,BFO
4891,282792709,1104659,SENSEX5025DEC26750CE,SENSEX50,0.0,2025-12-24,26750.0,0.05,75,CE,BFO-OPT,BFO
4892,285496837,1115222,SENSEX5025DEC26750PE,SENSEX50,0.0,2025-12-24,26750.0,0.05,75,PE,BFO-OPT,BFO
4893,282148357,1102142,SENSEX5025DEC26700PE,SENSEX50,0.0,2025-12-24,26700.0,0.05,75,PE,BFO-OPT,BFO
4894,283346949,1106824,SENSEX5025DEC26700CE,SENSEX50,0.0,2025-12-24,26700.0,0.05,75,CE,BFO-OPT,BFO
4895,282391301,1103091,SENSEX5025DEC26650PE,SENSEX50,0.0,2025-12-24,26650.0,0.05,75,PE,BFO-OPT,BFO
4896,285584133,1115563,SENSEX5025DEC26650CE,SENSEX50,0.0,2025-12-24,26650.0,0.05,75,CE,BFO-OPT,BFO
4897,282255877,1102562,SENSEX5025DEC26600CE,SENSEX50,0.0,2025-12-24,26600.0,0.05,75,CE,BFO-OPT,BFO
4898,283010053,1105508,SENSEX5025DEC26600PE,SENSEX50,0.0,2025-12-24,26600.0,0.05,75,PE,BFO-OPT,BFO
4899,282503429,1103529,SENSEX5025DEC26550CE,SENSEX50,0.0,2025-12-24,26550.0,0.05,75,CE,BFO-OPT,BFO
4900,283270917,1106527,SENSEX5025DEC26550PE,SENSEX50,0.0,2025-12-24,26550.0,0.05,75,PE,BFO-OPT,BFO
4901,283110917,1105902,SENSEX5025DEC26500CE,SENSEX50,0.0,2025-12-24,26500.0,0.05,75,CE,BFO-OPT,BFO
4902,284500741,1111331,SENSEX5025DEC26500PE,SENSEX50,0.0,2025-12-24,26500.0,0.05,75,PE,BFO-OPT,BFO
4903,282188549,1102299,SENSEX5025DEC26450PE,SENSEX50,0.0,2025-12-24,26450.0,0.05,75,PE,BFO-OPT,BFO
4904,285425413,1114943,SENSEX5025DEC26450CE,SENSEX50,0.0,2025-12-24,26450.0,0.05,75,CE,BFO-OPT,BFO
4905,282056965,1101785,SENSEX5025DEC26400CE,SENSEX50,0.0,2025-12-24,26400.0,0.05,75,CE,BFO-OPT,BFO
4906,282828549,1104799,SENSEX5025DEC26400PE,SENSEX50,0.0,2025-12-24,26400.0,0.05,75,PE,BFO-OPT,BFO
4907,282298885,1102730,SENSEX5025DEC26350CE,SENSEX50,0.0,2025-12-24,26350.0,0.05,75,CE,BFO-OPT,BFO
4908,283052549,1105674,SENSEX5025DEC26350PE,SENSEX50,0.0,2025-12-24,26350.0,0.05,75,PE,BFO-OPT,BFO
4909,282933253,1105208,SENSEX5025DEC26300CE,SENSEX50,0.0,2025-12-24,26300.0,0.05,75,CE,BFO-OPT,BFO
4910,283827973,1108703,SENSEX5025DEC26300PE,SENSEX50,0.0,2025-12-24,26300.0,0.05,75,PE,BFO-OPT,BFO
4911,283146245,1106040,SENSEX5025DEC26250CE,SENSEX50,0.0,2025-12-24,26250.0,0.05,75,CE,BFO-OPT,BFO
4912,285787653,1116358,SENSEX5025DEC26250PE,SENSEX50,0.0,2025-12-24,26250.0,0.05,75,PE,BFO-OPT,BFO
4913,282538757,1103667,SENSEX5025DEC26200PE,SENSEX50,0.0,2025-12-24,26200.0,0.05,75,PE,BFO-OPT,BFO
4914,285685253,1115958,SENSEX5025DEC26200CE,SENSEX50,0.0,2025-12-24,26200.0,0.05,75,CE,BFO-OPT,BFO
4915,282104325,1101970,SENSEX5025DEC26150CE,SENSEX50,0.0,2025-12-24,26150.0,0.05,75,CE,BFO-OPT,BFO
4916,282875909,1104984,SENSEX5025DEC26150PE,SENSEX50,0.0,2025-12-24,26150.0,0.05,75,PE,BFO-OPT,BFO
4917,282725893,1104398,SENSEX5025DEC26100CE,SENSEX50,0.0,2025-12-24,26100.0,0.05,75,CE,BFO-OPT,BFO
4918,283435269,1107169,SENSEX5025DEC26100PE,SENSEX50,0.0,2025-12-24,26100.0,0.05,75,PE,BFO-OPT,BFO
4919,282966533,1105338,SENSEX5025DEC26050CE,SENSEX50,0.0,2025-12-24,26050.0,0.05,75,CE,BFO-OPT,BFO
4920,284371205,1110825,SENSEX5025DEC26050PE,SENSEX50,0.0,2025-12-24,26050.0,0.05,75,PE,BFO-OPT,BFO
4921,282326021,1102836,SENSEX5025DEC26000PE,SENSEX50,0.0,2025-12-24,26000.0,0.05,75,PE,BFO-OPT,BFO
4922,283560197,1107657,SENSEX5025DEC26000CE,SENSEX50,0.0,2025-12-24,26000.0,0.05,75,CE,BFO-OPT,BFO
4923,283174149,1106149,SENSEX5025DEC25950PE,SENSEX50,0.0,2025-12-24,25950.0,0.05,75,PE,BFO-OPT,BFO
4924,284951813,1113093,SENSEX5025DEC25950CE,SENSEX50,0.0,2025-12-24,25950.0,0.05,75,CE,BFO-OPT,BFO
4925,284445701,1111116,SENSEX5025DEC25900PE,SENSEX50,0.0,2025-12-24,25900.0,0.05,75,PE,BFO-OPT,BFO
4926,285458181,1115071,SENSEX5025DEC25900CE,SENSEX50,0.0,2025-12-24,25900.0,0.05,75,CE,BFO-OPT,BFO
4927,283324165,1106735,SENSEX5025DEC25850CE,SENSEX50,0.0,2025-12-24,25850.0,0.05,75,CE,BFO-OPT,BFO
4928,284637701,1111866,SENSEX5025DEC25850PE,SENSEX50,0.0,2025-12-24,25850.0,0.05,75,PE,BFO-OPT,BFO
4929,284538885,1111480,SENSEX5025DEC25800CE,SENSEX50,0.0,2025-12-24,25800.0,0.05,75,CE,BFO-OPT,BFO
4930,285205253,1114083,SENSEX5025DEC25800PE,SENSEX50,0.0,2025-12-24,25800.0,0.05,75,PE,BFO-OPT,BFO
4931,284738821,1112261,SENSEX5025DEC25750CE,SENSEX50,0.0,2025-12-24,25750.0,0.05,75,CE,BFO-OPT,BFO
4932,285406981,1114871,SENSEX5025DEC25750PE,SENSEX50,0.0,2025-12-24,25750.0,0.05,75,PE,BFO-OPT,BFO
4933,282032901,1101691,SENSEX5025DEC25700PE,SENSEX50,0.0,2025-12-24,25700.0,0.05,75,PE,BFO-OPT,BFO
4934,285305093,1114473,SENSEX5025DEC25700CE,SENSEX50,0.0,2025-12-24,25700.0,0.05,75,CE,BFO-OPT,BFO
4935,283087877,1105812,SENSEX5025DEC25650CE,SENSEX50,0.0,2025-12-24,25650.0,0.05,75,CE,BFO-OPT,BFO
4936,284481285,1111255,SENSEX5025DEC25650PE,SENSEX50,0.0,2025-12-24,25650.0,0.05,75,PE,BFO-OPT,BFO
4937,284367109,1110809,SENSEX5025DEC25600CE,SENSEX50,0.0,2025-12-24,25600.0,0.05,75,CE,BFO-OPT,BFO
4938,284989189,1113239,SENSEX5025DEC25600PE,SENSEX50,0.0,2025-12-24,25600.0,0.05,75,PE,BFO-OPT,BFO
4939,284569605,1111600,SENSEX5025DEC25550CE,SENSEX50,0.0,2025-12-24,25550.0,0.05,75,CE,BFO-OPT,BFO
4940,285253637,1114272,SENSEX5025DEC25550PE,SENSEX50,0.0,2025-12-24,25550.0,0.05,75,PE,BFO-OPT,BFO
4941,285107205,1113700,SENSEX5025DEC25500CE,SENSEX50,0.0,2025-12-24,25500.0,0.05,75,CE,BFO-OPT,BFO
4942,285666821,1115886,SENSEX5025DEC25500PE,SENSEX50,0.0,2025-12-24,25500.0,0.05,75,PE,BFO-OPT,BFO
4943,283637253,1107958,SENSEX5025DEC25450PE,SENSEX50,0.0,2025-12-24,25450.0,0.05,75,PE,BFO-OPT,BFO
4944,285337349,1114599,SENSEX5025DEC25450CE,SENSEX50,0.0,2025-12-24,25450.0,0.05,75,CE,BFO-OPT,BFO
4945,283486213,1107368,SENSEX5025DEC25400CE,SENSEX50,0.0,2025-12-24,25400.0,0.05,75,CE,BFO-OPT,BFO
4946,284769797,1112382,SENSEX5025DEC25400PE,SENSEX50,0.0,2025-12-24,25400.0,0.05,75,PE,BFO-OPT,BFO
4947,284402437,1110947,SENSEX5025DEC25350CE,SENSEX50,0.0,2025-12-24,25350.0,0.05,75,CE,BFO-OPT,BFO
4948,285031685,1113405,SENSEX5025DEC25350PE,SENSEX50,0.0,2025-12-24,25350.0,0.05,75,PE,BFO-OPT,BFO
4949,284878085,1112805,SENSEX5025DEC25300CE,SENSEX50,0.0,2025-12-24,25300.0,0.05,75,CE,BFO-OPT,BFO
4950,285510661,1115276,SENSEX5025DEC25300PE,SENSEX50,0.0,2025-12-24,25300.0,0.05,75,PE,BFO-OPT,BFO
4951,285154053,1113883,SENSEX5025DEC25250CE,SENSEX50,0.0,2025-12-24,25250.0,0.05,75,CE,BFO-OPT,BFO
4952,285704709,1116034,SENSEX5025DEC25250PE,SENSEX50,0.0,2025-12-24,25250.0,0.05,75,PE,BFO-OPT,BFO
4953,284595461,1111701,SENSEX5025DEC25200PE,SENSEX50,0.0,2025-12-24,25200.0,0.05,75,PE,BFO-OPT,BFO
4954,285597701,1115616,SENSEX5025DEC25200CE,SENSEX50,0.0,2025-12-24,25200.0,0.05,75,CE,BFO-OPT,BFO
4955,283530245,1107540,SENSEX5025DEC25150CE,SENSEX50,0.0,2025-12-24,25150.0,0.05,75,CE,BFO-OPT,BFO
4956,284816645,1112565,SENSEX5025DEC25150PE,SENSEX50,0.0,2025-12-24,25150.0,0.05,75,PE,BFO-OPT,BFO
4957,284672773,1112003,SENSEX5025DEC25100CE,SENSEX50,0.0,2025-12-24,25100.0,0.05,75,CE,BFO-OPT,BFO
4958,285357061,1114676,SENSEX5025DEC25100PE,SENSEX50,0.0,2025-12-24,25100.0,0.05,75,PE,BFO-OPT,BFO
4959,284924677,1112987,SENSEX5025DEC25050CE,SENSEX50,0.0,2025-12-24,25050.0,0.05,75,CE,BFO-OPT,BFO
4960,285547525,1115420,SENSEX5025DEC25050PE,SENSEX50,0.0,2025-12-24,25050.0,0.05,75,PE,BFO-OPT,BFO
4961,282209029,1102379,SENSEX5025DEC25000PE,SENSEX50,0.0,2025-12-24,25000.0,0.05,75,PE,BFO-OPT,BFO
4962,285442565,1115010,SENSEX5025DEC25000CE,SENSEX50,0.0,2025-12-24,25000.0,0.05,75,CE,BFO-OPT,BFO
4963,286003973,1117203,SENSEX5025DEC24950CE,SENSEX50,0.0,2025-12-24,24950.0,0.05,75,CE,BFO-OPT,BFO
4964,286135813,1117718,SENSEX5025DEC24950PE,SENSEX50,0.0,2025-12-24,24950.0,0.05,75,PE,BFO-OPT,BFO
4965,286097413,1117568,SENSEX5025DEC24900CE,SENSEX50,0.0,2025-12-24,24900.0,0.05,75,CE,BFO-OPT,BFO
4966,286234629,1118104,SENSEX5025DEC24900PE,SENSEX50,0.0,2025-12-24,24900.0,0.05,75,PE,BFO-OPT,BFO
4967,286033157,1117317,SENSEX5025DEC24850CE,SENSEX50,0.0,2025-12-24,24850.0,0.05,75,CE,BFO-OPT,BFO
4968,286165509,1117834,SENSEX5025DEC24850PE,SENSEX50,0.0,2025-12-24,24850.0,0.05,75,PE,BFO-OPT,BFO
4969,286002181,1117196,SENSEX5025DEC24800PE,SENSEX50,0.0,2025-12-24,24800.0,0.05,75,PE,BFO-OPT,BFO
4970,286130949,1117699,SENSEX5025DEC24800CE,SENSEX50,0.0,2025-12-24,24800.0,0.05,75,CE,BFO-OPT,BFO
4971,286079237,1117497,SENSEX5025DEC24750PE,SENSEX50,0.0,2025-12-24,24750.0,0.05,75,PE,BFO-OPT,BFO
4972,286212357,1118017,SENSEX5025DEC24750CE,SENSEX50,0.0,2025-12-24,24750.0,0.05,75,CE,BFO-OPT,BFO
4973,286278661,1118276,SENSEX5025DEC24700CE,SENSEX50,0.0,2025-12-24,24700.0,0.05,75,CE,BFO-OPT,BFO
4974,286321413,1118443,SENSEX5025DEC24700PE,SENSEX50,0.0,2025-12-24,24700.0,0.05,75,PE,BFO-OPT,BFO
